customer_id,first_name,last_name,gender,email,phone,city_id,signup_date
CUS-180601001,Gatot,Arif,Male,gatot.arif1@outlook.com,089909142068,CTY-00002,2018-06-01
CUS-180601002,Endang,Kasih,Female,endang.kasih2@hotmail.com,083105893523,CTY-00007,2018-06-01
CUS-180601003,Bambang,Vino,Male,bambang.vino3@hotmail.com,082746467873,CTY-00009,2018-06-01
CUS-180601004,Gani,Sabbar,Male,gani.sabbar4@outlook.com,084647151539,CTY-00004,2018-06-01
CUS-180601005,Sabbar,Bagus,Male,sabbar.bagus5@hotmail.com,085828164931,CTY-00006,2018-06-01
CUS-180601006,Vino,Cokro,Male,vino.cokro6@gmail.com,088786821322,CTY-00001,2018-06-01
CUS-180601007,Farah,Azzahra,Female,farah.azzahra7@icloud.com,086418786970,CTY-00007,2018-06-01
CUS-180601008,Febri,Lela,Female,febri.lela8@gmail.com,086908112337,CTY-00008,2018-06-01
CUS-180601009,Ita,Belinda,Female,ita.belinda9@hotmail.com,081257799936,CTY-00003,2018-06-01
CUS-180601010,Hania,Fitri,Female,hania.fitri10@hotmail.com,082781415999,CTY-00007,2018-06-01
CUS-180601011,Widodo,Mario,Male,widodo.mario11@yahoo.com,087386458110,CTY-00004,2018-06-01
CUS-180601012,Ikhsan,Baskara,Male,ikhsan.baskara12@icloud.com,089344740200,CTY-00008,2018-06-01
CUS-180601013,Della,Habsah,Female,della.habsah13@gmail.com,085795892883,CTY-00001,2018-06-01
CUS-180601014,Fadli,Firman,Male,fadli.firman14@outlook.com,083277923418,CTY-00002,2018-06-01
CUS-180601015,Arga,Nugroho,Male,arga.nugroho15@icloud.com,083916565554,CTY-00001,2018-06-01
CUS-180601016,Bulan,Nisa,Female,bulan.nisa16@icloud.com,084897340679,CTY-00004,2018-06-01
CUS-180601017,Setiawan,Pandu,Male,setiawan.pandu17@outlook.com,088687480735,CTY-00001,2018-06-01
CUS-180601018,Elisabeth,Endah,Female,elisabeth.endah18@outlook.com,088998193799,CTY-00007,2018-06-01
CUS-180601019,Kartika,Irmina,Female,kartika.irmina19@icloud.com,089030994063,CTY-00002,2018-06-01
CUS-180601020,Radit,Ismail,Male,radit.ismail20@icloud.com,083026636334,CTY-00004,2018-06-01
CUS-180602001,Nia,Atsilah,Female,nia.atsilah21@icloud.com,089188427579,CTY-00005,2018-06-02
CUS-180602002,Wira,Gatot,Male,wira.gatot22@gmail.com,083558442079,CTY-00001,2018-06-02
CUS-180602003,Agnes,Arsita,Female,agnes.arsita23@icloud.com,087119733273,CTY-00010,2018-06-02
CUS-180610001,Yuda,Gama,Male,yuda.gama24@hotmail.com,087648519319,CTY-00003,2018-06-10
CUS-180610002,Fatimah,Lucia,Female,fatimah.lucia25@icloud.com,082883721903,CTY-00009,2018-06-10
CUS-180618001,Celia,Dayu,Female,celia.dayu26@icloud.com,086926364212,CTY-00009,2018-06-18
CUS-180621001,Erlina,Fabian,Female,erlina.fabian27@outlook.com,085174024409,CTY-00010,2018-06-21
CUS-180621002,Irmagard,Bella,Female,irmagard.bella28@icloud.com,082034799620,CTY-00006,2018-06-21
CUS-180621003,Elsa,Mutiara,Female,elsa.mutiara29@hotmail.com,089514663415,CTY-00006,2018-06-21
CUS-180622001,Endah,Lina,Female,endah.lina30@icloud.com,084106566056,CTY-00009,2018-06-22
CUS-180630001,Prasetyo,Prabowo,Male,prasetyo.prabowo31@hotmail.com,086846218246,CTY-00002,2018-06-30
CUS-180701001,Wawan,Pradipa,Male,wawan.pradipa32@hotmail.com,082831063810,CTY-00006,2018-07-01
CUS-180701002,Rahmat,Tri,Male,rahmat.tri33@hotmail.com,081640821154,CTY-00005,2018-07-01
CUS-180702001,Arimbi,Ita,Female,arimbi.ita34@icloud.com,081675593571,CTY-00008,2018-07-02
CUS-180703001,Lita,Monika,Female,lita.monika35@yahoo.com,084481009006,CTY-00004,2018-07-03
CUS-180703002,Fikri,Budi,Male,fikri.budi36@hotmail.com,086642008467,CTY-00002,2018-07-03
CUS-180703003,Imam,Akbar,Male,imam.akbar37@gmail.com,087319610466,CTY-00002,2018-07-03
CUS-180708001,Trisna,Sugeng,Male,trisna.sugeng38@yahoo.com,083479112428,CTY-00010,2018-07-08
CUS-180714001,Emilia,Bintang,Female,emilia.bintang39@icloud.com,085247404771,CTY-00008,2018-07-14
CUS-180717001,Muhammad,Dedi,Male,muhammad.dedi40@yahoo.com,084098025091,CTY-00007,2018-07-17
CUS-180718001,Andi,Asrul,Male,andi.asrul41@gmail.com,089734281588,CTY-00001,2018-07-18
CUS-180718002,John,Reyes,Male,john.reyes42@gmail.com,088039302105,CTY-00014,2018-07-18
CUS-180719001,Budi,Tito,Male,budi.tito43@yahoo.com,083874898523,CTY-00002,2018-07-19
CUS-180720001,Dandi,Zainal,Male,dandi.zainal44@gmail.com,086168170722,CTY-00010,2018-07-20
CUS-180720002,Larasati,Apsari,Female,larasati.apsari45@icloud.com,084457612907,CTY-00001,2018-07-20
CUS-180722001,Ines,Ayu,Female,ines.ayu46@hotmail.com,084925138228,CTY-00005,2018-07-22
CUS-180723001,Nia,Ningsih,Female,nia.ningsih47@icloud.com,082980947207,CTY-00007,2018-07-23
CUS-180723002,Tomy,Setiawan,Male,tomy.setiawan48@outlook.com,088673594079,CTY-00009,2018-07-23
CUS-180724001,Mahesa,Ghafar,Male,mahesa.ghafar49@hotmail.com,082345112549,CTY-00005,2018-07-24
CUS-180725001,Prasetyo,Rafi,Male,prasetyo.rafi50@yahoo.com,085442924243,CTY-00006,2018-07-25
CUS-180725002,Agnes,Jenia,Female,agnes.jenia51@outlook.com,082846057742,CTY-00008,2018-07-25
CUS-180726001,Gibran,Joko,Male,gibran.joko52@hotmail.com,081348663769,CTY-00004,2018-07-26
CUS-180726002,Nurdin,Danang,Male,nurdin.danang53@hotmail.com,089539980512,CTY-00001,2018-07-26
CUS-180726003,Dandi,Dicky,Male,dandi.dicky54@outlook.com,083986509932,CTY-00005,2018-07-26
CUS-180730001,Emilia,Indri,Female,emilia.indri55@hotmail.com,084506068312,CTY-00001,2018-07-30
CUS-180803001,Gayatry,Antonia,Female,gayatry.antonia56@gmail.com,083876107133,CTY-00007,2018-08-03
CUS-180806001,Indri,Cinta,Female,indri.cinta57@outlook.com,082465408127,CTY-00006,2018-08-06
CUS-180809001,Febi,Helena,Female,febi.helena58@outlook.com,087363312994,CTY-00002,2018-08-09
CUS-180809002,Amelia,Febri,Female,amelia.febri59@icloud.com,083689644886,CTY-00003,2018-08-09
CUS-180810001,Habsah,Chesa,Female,habsah.chesa60@icloud.com,086263404500,CTY-00002,2018-08-10
CUS-180811001,Rian,Yunus,Male,rian.yunus61@outlook.com,081744099008,CTY-00007,2018-08-11
CUS-180811002,Robby,Fajar,Male,robby.fajar62@yahoo.com,086829400257,CTY-00004,2018-08-11
CUS-180814001,Basagita,Cinta,Female,basagita.cinta63@yahoo.com,082656912814,CTY-00005,2018-08-14
CUS-180814002,Chloe,Ng,Female,chloe.ng64@outlook.com,089743577599,CTY-00011,2018-08-14
CUS-180815001,Novi,Kartini,Female,novi.kartini65@gmail.com,088566852105,CTY-00009,2018-08-15
CUS-180817001,Iwan,Galih,Male,iwan.galih66@hotmail.com,084549212287,CTY-00001,2018-08-17
CUS-180820001,Hapsari,Laura,Female,hapsari.laura67@outlook.com,082359009745,CTY-00001,2018-08-20
CUS-180820002,Faris,Suharto,Male,faris.suharto68@hotmail.com,089479700895,CTY-00003,2018-08-20
CUS-180822001,Tio,Arga,Male,tio.arga69@icloud.com,085054244847,CTY-00010,2018-08-22
CUS-180822002,Setyo,Elang,Male,setyo.elang70@yahoo.com,085908099087,CTY-00001,2018-08-22
CUS-180824001,Slamet,Tomy,Male,slamet.tomy71@yahoo.com,081068746756,CTY-00002,2018-08-24
CUS-180824002,Mila,Fabian,Female,mila.fabian72@outlook.com,082166173136,CTY-00010,2018-08-24
CUS-180825001,Damanik,Komalasari,Female,damanik.komalasari73@icloud.com,081514847250,CTY-00009,2018-08-25
CUS-180825002,Arga,Yosep,Male,arga.yosep74@icloud.com,086846820113,CTY-00010,2018-08-25
CUS-180826001,Zul,Raj,Male,zul.raj75@gmail.com,081650710125,CTY-00012,2018-08-26
CUS-180827001,Anuar,Iwan,Male,anuar.iwan76@outlook.com,084295512273,CTY-00003,2018-08-27
CUS-180901001,Yudha,Setiawan,Male,yudha.setiawan77@gmail.com,081800164268,CTY-00001,2018-09-01
CUS-180902001,Anindya,Nila,Female,anindya.nila78@outlook.com,089163713573,CTY-00009,2018-09-02
CUS-180905001,Amira,Nila,Female,amira.nila79@icloud.com,088950208654,CTY-00007,2018-09-05
CUS-180907001,Azzahra,Ayu,Female,azzahra.ayu80@icloud.com,088935468880,CTY-00010,2018-09-07
CUS-180907002,Farah,Laksmi,Female,farah.laksmi81@outlook.com,086141454613,CTY-00007,2018-09-07
CUS-180907003,Trisna,Rizki,Male,trisna.rizki82@gmail.com,088906068539,CTY-00001,2018-09-07
CUS-180910001,Jasmine,Nia,Female,jasmine.nia83@outlook.com,084445536034,CTY-00006,2018-09-10
CUS-180913001,Kadir,Sujatmiko,Male,kadir.sujatmiko84@outlook.com,086568635704,CTY-00010,2018-09-13
CUS-180914001,Grace,Helena,Female,grace.helena85@outlook.com,081486770740,CTY-00002,2018-09-14
CUS-180915001,Syafiq,Wibowo,Male,syafiq.wibowo86@outlook.com,089584934447,CTY-00002,2018-09-15
CUS-180916001,Kadir,Yosep,Male,kadir.yosep87@outlook.com,085696250035,CTY-00006,2018-09-16
CUS-180916002,Fifi,Erma,Female,fifi.erma88@hotmail.com,086787542293,CTY-00002,2018-09-16
CUS-180918001,Fifi,Istri,Female,fifi.istri89@yahoo.com,082118876947,CTY-00010,2018-09-18
CUS-180919001,Raden,Rangga,Male,raden.rangga90@gmail.com,085993682525,CTY-00003,2018-09-19
CUS-180920001,Maman,Wawan,Male,maman.wawan91@gmail.com,082663761197,CTY-00004,2018-09-20
CUS-180921001,Gama,Dewa,Male,gama.dewa92@hotmail.com,086217430185,CTY-00001,2018-09-21
CUS-180922001,Raja,Dede,Male,raja.dede93@hotmail.com,084198568309,CTY-00001,2018-09-22
CUS-180925001,Bernadeth,Aurelia,Female,bernadeth.aurelia94@hotmail.com,087349409784,CTY-00002,2018-09-25
CUS-180926001,Angelo,Cruz,Male,angelo.cruz95@hotmail.com,081117305865,CTY-00014,2018-09-26
CUS-180926002,Yoga,Dimas,Male,yoga.dimas96@yahoo.com,086529226138,CTY-00009,2018-09-26
CUS-180927001,Indri,Atsilah,Female,indri.atsilah97@yahoo.com,087903900271,CTY-00009,2018-09-27
CUS-180927002,Indira,Adinda,Female,indira.adinda98@gmail.com,086761696557,CTY-00008,2018-09-27
CUS-180928001,Mei Ling,Razak,Female,meiling.razak99@hotmail.com,087416646872,CTY-00012,2018-09-28
CUS-181002001,Ariani,Laksmi,Female,ariani.laksmi100@gmail.com,084830598510,CTY-00001,2018-10-02
CUS-181002002,Junaedi,Ikhsan,Male,junaedi.ikhsan101@outlook.com,083784009051,CTY-00002,2018-10-02
CUS-181005001,Yudha,Oktavian,Male,yudha.oktavian102@icloud.com,084965295154,CTY-00003,2018-10-05
CUS-181008001,Gisela,Arini,Female,gisela.arini103@hotmail.com,085823512086,CTY-00001,2018-10-08
CUS-181009001,Lela,Hanifah,Female,lela.hanifah104@icloud.com,082917863185,CTY-00010,2018-10-09
CUS-181009002,Naufal,Yayat,Male,naufal.yayat105@outlook.com,083237383546,CTY-00008,2018-10-09
CUS-181011001,Maria,Garcia,Female,maria.garcia106@outlook.com,089691157929,CTY-00014,2018-10-11
CUS-181013001,Muhammad,Fajar,Male,muhammad.fajar107@outlook.com,082821117154,CTY-00008,2018-10-13
CUS-181014001,Gilang,Ismail,Male,gilang.ismail108@outlook.com,081399515919,CTY-00006,2018-10-14
CUS-181015001,Robby,Rafi,Male,robby.rafi109@icloud.com,087479274697,CTY-00010,2018-10-15
CUS-181017001,Dara,Melati,Female,dara.melati110@outlook.com,086854129493,CTY-00006,2018-10-17
CUS-181019001,Linda,Laura,Female,linda.laura111@icloud.com,089155275287,CTY-00010,2018-10-19
CUS-181020001,Luki,Ghafar,Male,luki.ghafar112@icloud.com,083262307647,CTY-00004,2018-10-20
CUS-181021001,Rahmad,Nur,Male,rahmad.nur113@icloud.com,087978536461,CTY-00001,2018-10-21
CUS-181025001,Klara,Bernadeth,Female,klara.bernadeth114@hotmail.com,082285594358,CTY-00008,2018-10-25
CUS-181026001,Rikky,Imran,Male,rikky.imran115@icloud.com,087754149419,CTY-00003,2018-10-26
CUS-181028001,Jose,Garcia,Male,jose.garcia116@hotmail.com,081817451940,CTY-00014,2018-10-28
CUS-181029001,Dini,Gayatry,Female,dini.gayatry117@gmail.com,084940156905,CTY-00007,2018-10-29
CUS-181030001,Larasati,Melinda,Female,larasati.melinda118@outlook.com,086276280799,CTY-00008,2018-10-30
CUS-181031001,Nina,Adinda,Female,nina.adinda119@gmail.com,088197690651,CTY-00009,2018-10-31
CUS-181103001,Aslih,Jasmine,Female,aslih.jasmine120@outlook.com,088087169548,CTY-00002,2018-11-03
CUS-181104001,Pradipa,Aris,Male,pradipa.aris121@hotmail.com,088162441099,CTY-00001,2018-11-04
CUS-181107001,Asti,Juwita,Female,asti.juwita122@gmail.com,082559811337,CTY-00010,2018-11-07
CUS-181109001,Lusi,Aria,Female,lusi.aria123@outlook.com,085802039616,CTY-00003,2018-11-09
CUS-181110001,Supri,Arie,Male,supri.arie124@gmail.com,084280324018,CTY-00003,2018-11-10
CUS-181111001,Miko,Luki,Male,miko.luki125@outlook.com,088387596980,CTY-00008,2018-11-11
CUS-181112001,Ira,Ika,Female,ira.ika126@outlook.com,087022440102,CTY-00009,2018-11-12
CUS-181113001,Nanda,Rico,Male,nanda.rico127@gmail.com,086884419554,CTY-00006,2018-11-13
CUS-181116001,Nadia,Bulan,Female,nadia.bulan128@outlook.com,082405689071,CTY-00005,2018-11-16
CUS-181116002,Rico,Mahfud,Male,rico.mahfud129@hotmail.com,088219581290,CTY-00007,2018-11-16
CUS-181118001,Agung,Elang,Male,agung.elang130@yahoo.com,088429438462,CTY-00009,2018-11-18
CUS-181118002,Astiti,Cempaka,Female,astiti.cempaka131@outlook.com,088862843297,CTY-00005,2018-11-18
CUS-181120001,Hana,Bella,Female,hana.bella132@gmail.com,089214215287,CTY-00007,2018-11-20
CUS-181122001,Ima,Novi,Female,ima.novi133@icloud.com,087089174536,CTY-00010,2018-11-22
CUS-181123001,Lela,Dita,Female,lela.dita134@outlook.com,086450495098,CTY-00006,2018-11-23
CUS-181124001,Erlina,Arimbi,Female,erlina.arimbi135@yahoo.com,081964313510,CTY-00005,2018-11-24
CUS-181127001,Miftah,Asrul,Male,miftah.asrul136@hotmail.com,085392493043,CTY-00004,2018-11-27
CUS-181128001,Endang,Ariani,Female,endang.ariani137@icloud.com,084224909145,CTY-00007,2018-11-28
CUS-181129001,Nisa,Fifi,Female,nisa.fifi138@yahoo.com,081052015862,CTY-00001,2018-11-29
CUS-181203001,Fauzan,Didi,Male,fauzan.didi139@yahoo.com,086550183738,CTY-00006,2018-12-03
CUS-181208001,Bima,Rizki,Male,bima.rizki140@yahoo.com,084031851229,CTY-00009,2018-12-08
CUS-181210001,Hamzah,Rahmat,Male,hamzah.rahmat141@outlook.com,082194554019,CTY-00010,2018-12-10
CUS-181213001,Rico,Maman,Male,rico.maman142@icloud.com,084389948268,CTY-00003,2018-12-13
CUS-181214001,Irma,Linda,Female,irma.linda143@icloud.com,088489654008,CTY-00001,2018-12-14
CUS-181215001,Ayu,Irmagard,Female,ayu.irmagard144@outlook.com,084923024917,CTY-00003,2018-12-15
CUS-181216001,Fatimah,Laras,Female,fatimah.laras145@icloud.com,088606172403,CTY-00010,2018-12-16
CUS-181216002,Melati,Mellisa,Female,melati.mellisa146@yahoo.com,081027452338,CTY-00007,2018-12-16
CUS-181216003,Adinda,Dyah,Female,adinda.dyah147@yahoo.com,088399744371,CTY-00008,2018-12-16
CUS-181217001,Atsilah,Endah,Female,atsilah.endah148@gmail.com,084952766254,CTY-00001,2018-12-17
CUS-181217002,Irwan,Luki,Male,irwan.luki149@outlook.com,086736412136,CTY-00003,2018-12-17
CUS-181220001,Astrid,Elisabeth,Female,astrid.elisabeth150@yahoo.com,088364908045,CTY-00004,2018-12-20
CUS-181222001,Erlina,Indira,Female,erlina.indira151@outlook.com,083430999827,CTY-00008,2018-12-22
CUS-181223001,Lela,Lativa,Female,lela.lativa152@icloud.com,088923535755,CTY-00001,2018-12-23
CUS-181224001,Tobar,Sunandar,Male,tobar.sunandar153@gmail.com,086828215582,CTY-00010,2018-12-24
CUS-181225001,Grace,Lim,Female,grace.lim154@yahoo.com,083767911079,CTY-00011,2018-12-25
CUS-181226001,Elang,Marwan,Male,elang.marwan155@icloud.com,084816296220,CTY-00003,2018-12-26
CUS-181227001,Nina,Irmina,Female,nina.irmina156@gmail.com,082110223806,CTY-00001,2018-12-27
CUS-181231001,Suharto,Rian,Male,suharto.rian157@outlook.com,087820379814,CTY-00005,2018-12-31
CUS-181231002,Darmastuti,Amelia,Female,darmastuti.amelia158@hotmail.com,082329971911,CTY-00006,2018-12-31
CUS-181231003,Jasmine,Aria,Female,jasmine.aria159@yahoo.com,085621160908,CTY-00007,2018-12-31
CUS-190102001,Gama,Andi,Male,gama.andi160@icloud.com,084518422849,CTY-00009,2019-01-02
CUS-190103001,Ichsan,Ibrahim,Male,ichsan.ibrahim161@yahoo.com,086298437682,CTY-00010,2019-01-03
CUS-190104001,Gede,Rahmad,Male,gede.rahmad162@hotmail.com,083910788589,CTY-00001,2019-01-04
CUS-190105001,Dwi,Lusi,Female,dwi.lusi163@outlook.com,088507616708,CTY-00008,2019-01-05
CUS-190105002,Lativa,Istri,Female,lativa.istri164@gmail.com,085223868866,CTY-00009,2019-01-05
CUS-190106001,Tito,Wawan,Male,tito.wawan165@hotmail.com,089788065228,CTY-00009,2019-01-06
CUS-190107001,Tio,Baskara,Male,tio.baskara166@hotmail.com,087906637755,CTY-00008,2019-01-07
CUS-190109001,Nina,Asri,Female,nina.asri167@hotmail.com,087284743793,CTY-00007,2019-01-09
CUS-190109002,Bernadeth,Fransiska,Female,bernadeth.fransiska168@gmail.com,082444242095,CTY-00006,2019-01-09
CUS-190110001,Indira,Istri,Female,indira.istri169@yahoo.com,085517433795,CTY-00006,2019-01-10
CUS-190111001,Danila,Dayu,Female,danila.dayu170@yahoo.com,085452842613,CTY-00003,2019-01-11
CUS-190111002,Slamet,Arya,Male,slamet.arya171@icloud.com,087390617449,CTY-00005,2019-01-11
CUS-190112001,Trisna,Mulyadi,Male,trisna.mulyadi172@hotmail.com,083283434121,CTY-00006,2019-01-12
CUS-190114001,Raja,Satya,Male,raja.satya173@gmail.com,085671518180,CTY-00008,2019-01-14
CUS-190115001,Firman,Deni,Male,firman.deni174@yahoo.com,083864648710,CTY-00005,2019-01-15
CUS-190115002,Arya,Munir,Male,arya.munir175@outlook.com,083335583966,CTY-00010,2019-01-15
CUS-190117001,Suharto,Teguh,Male,suharto.teguh176@outlook.com,082959228659,CTY-00009,2019-01-17
CUS-190118001,Fadhilah,Farida,Female,fadhilah.farida177@gmail.com,083950546444,CTY-00008,2019-01-18
CUS-190119001,Oktavian,Aditya,Male,oktavian.aditya178@icloud.com,087428066129,CTY-00007,2019-01-19
CUS-190122001,Karin,Diana,Female,karin.diana179@hotmail.com,088447706889,CTY-00003,2019-01-22
CUS-190122002,Nabila,Juliette,Female,nabila.juliette180@icloud.com,081599805252,CTY-00005,2019-01-22
CUS-190123001,Sugeng,Mahfud,Male,sugeng.mahfud181@outlook.com,082532309910,CTY-00003,2019-01-23
CUS-190124001,Cantika,Melani,Female,cantika.melani182@gmail.com,089707245280,CTY-00009,2019-01-24
CUS-190124002,Gama,Utomo,Male,gama.utomo183@outlook.com,087740341438,CTY-00009,2019-01-24
CUS-190125001,Agus,Deri,Male,agus.deri184@yahoo.com,083855669275,CTY-00008,2019-01-25
CUS-190125002,Belinda,Hapsari,Female,belinda.hapsari185@gmail.com,086603309068,CTY-00009,2019-01-25
CUS-190125003,Citra,Dini,Female,citra.dini186@outlook.com,085241986110,CTY-00004,2019-01-25
CUS-190126001,Kasih,Ester,Female,kasih.ester187@icloud.com,088929550427,CTY-00010,2019-01-26
CUS-190127001,Mellisa,Nila,Female,mellisa.nila188@icloud.com,083291636496,CTY-00010,2019-01-27
CUS-190131001,Linda,Anisa,Female,linda.anisa189@icloud.com,088859792675,CTY-00001,2019-01-31
CUS-190201001,Lativa,Asri,Female,lativa.asri190@outlook.com,084803457580,CTY-00001,2019-02-01
CUS-190201002,Nurdin,Faris,Male,nurdin.faris191@icloud.com,088397163155,CTY-00007,2019-02-01
CUS-190204001,Ines,Eva,Female,ines.eva192@hotmail.com,084014149469,CTY-00005,2019-02-04
CUS-190204002,Arsita,Ariani,Female,arsita.ariani193@outlook.com,089718917941,CTY-00002,2019-02-04
CUS-190205001,Meyli,Amanda,Female,meyli.amanda194@outlook.com,087574024235,CTY-00005,2019-02-05
CUS-190205002,Suharto,Gatot,Male,suharto.gatot195@gmail.com,086389470675,CTY-00004,2019-02-05
CUS-190206001,Raja,Prabowo,Male,raja.prabowo196@yahoo.com,087534029433,CTY-00006,2019-02-06
CUS-190208001,Maimunah,Chesa,Female,maimunah.chesa197@yahoo.com,081983476927,CTY-00008,2019-02-08
CUS-190210001,Melinda,Febi,Female,melinda.febi198@icloud.com,084278268936,CTY-00007,2019-02-10
CUS-190211001,Risman,Sabbar,Male,risman.sabbar199@outlook.com,082342435947,CTY-00002,2019-02-11
CUS-190211002,Khairul,Abdullah,Male,khairul.abdullah200@yahoo.com,082109284233,CTY-00012,2019-02-11
CUS-190211003,Ardi,Sugeng,Male,ardi.sugeng201@yahoo.com,081676044382,CTY-00004,2019-02-11
CUS-190211004,Miko,Purnomo,Male,miko.purnomo202@yahoo.com,088293479569,CTY-00007,2019-02-11
CUS-190211005,Fadilah,Bernadeth,Female,fadilah.bernadeth203@icloud.com,089902956456,CTY-00004,2019-02-11
CUS-190212001,Dani,Firman,Male,dani.firman204@icloud.com,088065811000,CTY-00010,2019-02-12
CUS-190215001,Kukuh,Tri,Male,kukuh.tri205@gmail.com,089449674700,CTY-00001,2019-02-15
CUS-190215002,Wawan,Nurdin,Male,wawan.nurdin206@gmail.com,082152200351,CTY-00003,2019-02-15
CUS-190216001,Wisnu,Trisna,Male,wisnu.trisna207@outlook.com,083360163667,CTY-00001,2019-02-16
CUS-190218001,Ika,Nadin,Female,ika.nadin208@icloud.com,089574121243,CTY-00005,2019-02-18
CUS-190218002,Dika,Kania,Female,dika.kania209@icloud.com,088027160187,CTY-00003,2019-02-18
CUS-190219001,Fikri,Tio,Male,fikri.tio210@yahoo.com,085933954014,CTY-00003,2019-02-19
CUS-190220001,Bea,Reyes,Female,bea.reyes211@gmail.com,086286428889,CTY-00014,2019-02-20
CUS-190221001,Fransiska,Alya,Female,fransiska.alya212@gmail.com,082749642131,CTY-00005,2019-02-21
CUS-190222001,Grace,Nila,Female,grace.nila213@gmail.com,082425721524,CTY-00005,2019-02-22
CUS-190223001,Sigit,Wibawa,Male,sigit.wibawa214@yahoo.com,084790803682,CTY-00005,2019-02-23
CUS-190224001,Dicky,Fahmi,Male,dicky.fahmi215@icloud.com,083932728970,CTY-00005,2019-02-24
CUS-190224002,Bintang,Hastuti,Female,bintang.hastuti216@gmail.com,084143506493,CTY-00008,2019-02-24
CUS-190226001,Yudi,Bagus,Male,yudi.bagus217@yahoo.com,087652527090,CTY-00009,2019-02-26
CUS-190226002,Laksmana,Wahyu,Male,laksmana.wahyu218@gmail.com,084115574596,CTY-00003,2019-02-26
CUS-190228001,Rahmad,Rangga,Male,rahmad.rangga219@outlook.com,088110262735,CTY-00001,2019-02-28
CUS-190301001,Mila,Mita,Female,mila.mita220@yahoo.com,087353271658,CTY-00005,2019-03-01
CUS-190301002,Doni,Andre,Male,doni.andre221@gmail.com,086559378195,CTY-00007,2019-03-01
CUS-190302001,Marcus,Tan,Male,marcus.tan222@yahoo.com,087027055439,CTY-00011,2019-03-02
CUS-190303001,Monika,Irma,Female,monika.irma223@outlook.com,083346433737,CTY-00009,2019-03-03
CUS-190304001,Gaby,Citra,Female,gaby.citra224@outlook.com,083028444208,CTY-00005,2019-03-04
CUS-190306001,Erwin,Rahmat,Male,erwin.rahmat225@outlook.com,089037270618,CTY-00004,2019-03-06
CUS-190307001,Dahlia,Bulan,Female,dahlia.bulan226@gmail.com,081781677424,CTY-00008,2019-03-07
CUS-190307002,Fatin,Hassan,Female,fatin.hassan227@gmail.com,086917282688,CTY-00013,2019-03-07
CUS-190308001,Cinta,Gayatry,Female,cinta.gayatry228@hotmail.com,085228341092,CTY-00002,2019-03-08
CUS-190308002,Imran,Fahmi,Male,imran.fahmi229@icloud.com,081091549203,CTY-00003,2019-03-08
CUS-190308003,Danila,Antonia,Female,danila.antonia230@gmail.com,081136845121,CTY-00006,2019-03-08
CUS-190311001,Erma,Febi,Female,erma.febi231@icloud.com,081113014272,CTY-00002,2019-03-11
CUS-190312001,Maya,Elisabeth,Female,maya.elisabeth232@icloud.com,086354275723,CTY-00007,2019-03-12
CUS-190313001,Fikri,Arga,Male,fikri.arga233@yahoo.com,088176349086,CTY-00003,2019-03-13
CUS-190313002,Hamzah,Wibowo,Male,hamzah.wibowo234@gmail.com,084601282664,CTY-00003,2019-03-13
CUS-190314001,Amanda,Lusia,Female,amanda.lusia235@icloud.com,085096491658,CTY-00004,2019-03-14
CUS-190317001,Tio,Mega,Male,tio.mega236@outlook.com,087637549637,CTY-00005,2019-03-17
CUS-190317002,Yosep,Miko,Male,yosep.miko237@outlook.com,088213941793,CTY-00008,2019-03-17
CUS-190318001,Asrul,Gede,Male,asrul.gede238@hotmail.com,081649822094,CTY-00002,2019-03-18
CUS-190319001,Arsita,Lativa,Female,arsita.lativa239@hotmail.com,081485978715,CTY-00009,2019-03-19
CUS-190320001,Aji,Arga,Male,aji.arga240@hotmail.com,084924294871,CTY-00006,2019-03-20
CUS-190321001,Wahyu,Zaki,Male,wahyu.zaki241@icloud.com,081960926268,CTY-00003,2019-03-21
CUS-190321002,Laksmi,Fifi,Female,laksmi.fifi242@gmail.com,082912833989,CTY-00008,2019-03-21
CUS-190322001,Atsilah,Nina,Female,atsilah.nina243@gmail.com,083151225368,CTY-00005,2019-03-22
CUS-190323001,Nasser,Tohir,Male,nasser.tohir244@gmail.com,089641641448,CTY-00002,2019-03-23
CUS-190324001,Deswita,Daria,Female,deswita.daria245@gmail.com,085413427034,CTY-00010,2019-03-24
CUS-190324002,Jose,Cruz,Male,jose.cruz246@yahoo.com,081821037460,CTY-00014,2019-03-24
CUS-190325001,Imran,Naufal,Male,imran.naufal247@yahoo.com,083278584466,CTY-00001,2019-03-25
CUS-190327001,Bulan,Ika,Female,bulan.ika248@gmail.com,081515608538,CTY-00003,2019-03-27
CUS-190329001,Ima,Dhika,Female,ima.dhika249@gmail.com,081633573323,CTY-00005,2019-03-29
CUS-190330001,Raihan,Sunandar,Male,raihan.sunandar250@gmail.com,081941927898,CTY-00004,2019-03-30
CUS-190404001,Bima,Tohir,Male,bima.tohir251@gmail.com,089367611535,CTY-00008,2019-04-04
CUS-190405001,Kadir,Rafi,Male,kadir.rafi252@hotmail.com,084564816867,CTY-00008,2019-04-05
CUS-190405002,Monika,Melinda,Female,monika.melinda253@yahoo.com,081245147240,CTY-00006,2019-04-05
CUS-190407001,Anisa,Lee,Female,anisa.lee254@icloud.com,086810147570,CTY-00012,2019-04-07
CUS-190407002,Dian,Ismail,Male,dian.ismail255@hotmail.com,089233459967,CTY-00003,2019-04-07
CUS-190408001,Desi,Arieska,Female,desi.arieska256@icloud.com,089944754147,CTY-00007,2019-04-08
CUS-190410001,Helena,Bernadeth,Female,helena.bernadeth257@gmail.com,086156667211,CTY-00007,2019-04-10
CUS-190412001,Klara,Endang,Female,klara.endang258@gmail.com,089701974634,CTY-00004,2019-04-12
CUS-190413001,Ardhia,Danila,Female,ardhia.danila259@yahoo.com,086943995643,CTY-00003,2019-04-13
CUS-190414001,Dwi,Megawati,Female,dwi.megawati260@outlook.com,083568327248,CTY-00003,2019-04-14
CUS-190414002,Nila,Basagita,Female,nila.basagita261@yahoo.com,089408537622,CTY-00003,2019-04-14
CUS-190415001,Hana,Lativa,Female,hana.lativa262@hotmail.com,089510764652,CTY-00001,2019-04-15
CUS-190417001,Oktavian,Bagus,Male,oktavian.bagus263@yahoo.com,084937755928,CTY-00004,2019-04-17
CUS-190417002,Fitria,Cinta,Female,fitria.cinta264@yahoo.com,088167697463,CTY-00006,2019-04-17
CUS-190417003,Ningsih,Dwi,Female,ningsih.dwi265@yahoo.com,082916867650,CTY-00003,2019-04-17
CUS-190417004,Nanda,Joko,Male,nanda.joko266@yahoo.com,081694325735,CTY-00008,2019-04-17
CUS-190418001,Erika,Desi,Female,erika.desi267@outlook.com,087744928481,CTY-00009,2019-04-18
CUS-190419001,Gading,Jody,Male,gading.jody268@yahoo.com,089101785663,CTY-00002,2019-04-19
CUS-190419002,Linda,Bulan,Female,linda.bulan269@outlook.com,086558660509,CTY-00007,2019-04-19
CUS-190421001,Zul,Chee,Male,zul.chee270@icloud.com,082929487044,CTY-00012,2019-04-21
CUS-190421002,Rafi,Yoga,Male,rafi.yoga271@outlook.com,083796968325,CTY-00006,2019-04-21
CUS-190425001,Lela,Aurelia,Female,lela.aurelia272@outlook.com,086178820141,CTY-00001,2019-04-25
CUS-190425002,Nasser,Wahyu,Male,nasser.wahyu273@yahoo.com,086499507708,CTY-00003,2019-04-25
CUS-190426001,Lucia,Fransiska,Female,lucia.fransiska274@icloud.com,087742970040,CTY-00005,2019-04-26
CUS-190426002,Asrul,Rifky,Male,asrul.rifky275@gmail.com,086504701345,CTY-00009,2019-04-26
CUS-190427001,Bagus,Sugeng,Male,bagus.sugeng276@outlook.com,083081637327,CTY-00006,2019-04-27
CUS-190429001,Yunus,Tri,Male,yunus.tri277@outlook.com,087382813972,CTY-00003,2019-04-29
CUS-190430001,Cahyo,Sulaiman,Male,cahyo.sulaiman278@gmail.com,081685144529,CTY-00010,2019-04-30
CUS-190430002,Hery,Bagus,Male,hery.bagus279@hotmail.com,081319302710,CTY-00009,2019-04-30
CUS-190430003,Wawan,Bambang,Male,wawan.bambang280@gmail.com,088775631018,CTY-00004,2019-04-30
CUS-190430004,Mirna,Ita,Female,mirna.ita281@gmail.com,087039281218,CTY-00006,2019-04-30
CUS-190501001,Irene,Anita,Female,irene.anita282@icloud.com,087631103007,CTY-00005,2019-05-01
CUS-190501002,Nina,Mirna,Female,nina.mirna283@hotmail.com,089284723054,CTY-00008,2019-05-01
CUS-190501003,Mita,Jenia,Female,mita.jenia284@hotmail.com,083185986965,CTY-00010,2019-05-01
CUS-190502001,Kartini,Citra,Female,kartini.citra285@hotmail.com,085682117473,CTY-00010,2019-05-02
CUS-190504001,Dimas,Trisna,Male,dimas.trisna286@outlook.com,085125663456,CTY-00001,2019-05-04
CUS-190505001,Dimas,Hafiz,Male,dimas.hafiz287@outlook.com,087282732410,CTY-00007,2019-05-05
CUS-190505002,Yusuf,Bintang,Male,yusuf.bintang288@yahoo.com,087429321196,CTY-00003,2019-05-05
CUS-190506001,Hastuti,Chika,Female,hastuti.chika289@gmail.com,088864750632,CTY-00007,2019-05-06
CUS-190507001,Fabian,Arimbi,Female,fabian.arimbi290@yahoo.com,086269938789,CTY-00002,2019-05-07
CUS-190508001,Radit,Rahmad,Male,radit.rahmad291@yahoo.com,087099139885,CTY-00003,2019-05-08
CUS-190508002,Elina,Lela,Female,elina.lela292@gmail.com,084090876846,CTY-00009,2019-05-08
CUS-190510001,Faiza,Fransiska,Female,faiza.fransiska293@yahoo.com,082476001408,CTY-00006,2019-05-10
CUS-190510002,Novi,Elina,Female,novi.elina294@yahoo.com,082157844061,CTY-00010,2019-05-10
CUS-190511001,Aris,Junaedi,Male,aris.junaedi295@gmail.com,082784966129,CTY-00006,2019-05-11
CUS-190511002,Eni,Asti,Female,eni.asti296@yahoo.com,085239301661,CTY-00001,2019-05-11
CUS-190514001,Supri,Idris,Male,supri.idris297@gmail.com,089582187778,CTY-00009,2019-05-14
CUS-190515001,Doni,Anto,Male,doni.anto298@hotmail.com,088392691866,CTY-00003,2019-05-15
CUS-190516001,Yuda,Wisnu,Male,yuda.wisnu299@hotmail.com,087321851912,CTY-00001,2019-05-16
CUS-190517001,Wahyu,Dandi,Male,wahyu.dandi300@hotmail.com,085931984309,CTY-00001,2019-05-17
CUS-190518001,Baskara,Yusuf,Male,baskara.yusuf301@gmail.com,088483367726,CTY-00009,2019-05-18
CUS-190524001,Bari,Fikri,Male,bari.fikri302@outlook.com,086165569809,CTY-00001,2019-05-24
CUS-190525001,Oktavian,Purnomo,Male,oktavian.purnomo303@gmail.com,084637237331,CTY-00007,2019-05-25
CUS-190526001,Amirul,Tan,Male,amirul.tan304@gmail.com,088261577800,CTY-00012,2019-05-26
CUS-190527001,Andre,Yanto,Male,andre.yanto305@gmail.com,081352735247,CTY-00010,2019-05-27
CUS-190527002,Ikhsan,Slamet,Male,ikhsan.slamet306@icloud.com,085367085935,CTY-00003,2019-05-27
CUS-190528001,Amir,Wisnu,Male,amir.wisnu307@icloud.com,086588366211,CTY-00002,2019-05-28
CUS-190529001,Isna,Dini,Female,isna.dini308@icloud.com,088496878039,CTY-00008,2019-05-29
CUS-190530001,Prabowo,Hanafi,Male,prabowo.hanafi309@hotmail.com,084183090486,CTY-00004,2019-05-30
CUS-190530002,Mega,Dandi,Male,mega.dandi310@hotmail.com,088889204954,CTY-00007,2019-05-30
CUS-190531001,Bobi,Dandi,Male,bobi.dandi311@gmail.com,084400594704,CTY-00002,2019-05-31
CUS-190602001,Mita,Emilia,Female,mita.emilia312@outlook.com,084031623099,CTY-00005,2019-06-02
CUS-190602002,Novi,Erlina,Female,novi.erlina313@hotmail.com,081484990079,CTY-00003,2019-06-02
CUS-190602003,Ibrahim,Danang,Male,ibrahim.danang314@outlook.com,083836030989,CTY-00001,2019-06-02
CUS-190603001,Hendra,Raditya,Male,hendra.raditya315@yahoo.com,083383110630,CTY-00003,2019-06-03
CUS-190604001,Jessica,Berlian,Female,jessica.berlian316@yahoo.com,089150608262,CTY-00009,2019-06-04
CUS-190608001,Aris,Rio,Male,aris.rio317@yahoo.com,087270767154,CTY-00004,2019-06-08
CUS-190609001,Melia,Melati,Female,melia.melati318@yahoo.com,085233260462,CTY-00007,2019-06-09
CUS-190610001,Damar,Huda,Male,damar.huda319@outlook.com,089486993115,CTY-00005,2019-06-10
CUS-190611001,Faris,Slamet,Male,faris.slamet320@outlook.com,084119875210,CTY-00005,2019-06-11
CUS-190614001,Elina,Basagita,Female,elina.basagita321@yahoo.com,083708635556,CTY-00004,2019-06-14
CUS-190617001,Elvira,Farida,Female,elvira.farida322@hotmail.com,087999849837,CTY-00009,2019-06-17
CUS-190618001,Amanda,Habsah,Female,amanda.habsah323@yahoo.com,088084941175,CTY-00006,2019-06-18
CUS-190618002,Damanik,Ester,Female,damanik.ester324@outlook.com,086636609993,CTY-00004,2019-06-18
CUS-190619001,Husni,Kadir,Male,husni.kadir325@outlook.com,088640414433,CTY-00008,2019-06-19
CUS-190621001,Ginanjar,Rifky,Male,ginanjar.rifky326@hotmail.com,087058034227,CTY-00002,2019-06-21
CUS-190621002,Candra,Tito,Male,candra.tito327@icloud.com,083914873058,CTY-00006,2019-06-21
CUS-190622001,Yanto,Arya,Male,yanto.arya328@yahoo.com,085118324772,CTY-00009,2019-06-22
CUS-190623001,Lita,Nia,Female,lita.nia329@outlook.com,087009326576,CTY-00002,2019-06-23
CUS-190626001,Imran,Ikhsan,Male,imran.ikhsan330@outlook.com,088009481400,CTY-00004,2019-06-26
CUS-190627001,Aurelia,Juwita,Female,aurelia.juwita331@gmail.com,084027014750,CTY-00003,2019-06-27
CUS-190628001,Annisa,Belinda,Female,annisa.belinda332@gmail.com,087798539389,CTY-00007,2019-06-28
CUS-190628002,Damanik,Citra,Female,damanik.citra333@icloud.com,081838862310,CTY-00009,2019-06-28
CUS-190630001,Asmira,Helena,Female,asmira.helena334@yahoo.com,086010282935,CTY-00009,2019-06-30
CUS-190701001,Pandu,Gibran,Male,pandu.gibran335@hotmail.com,085037326805,CTY-00005,2019-07-01
CUS-190704001,Arif,Anuar,Male,arif.anuar336@icloud.com,085261695410,CTY-00009,2019-07-04
CUS-190706001,Kukuh,Eka,Male,kukuh.eka337@outlook.com,088271335565,CTY-00010,2019-07-06
CUS-190706002,Gayatry,Ines,Female,gayatry.ines338@gmail.com,089182253823,CTY-00006,2019-07-06
CUS-190706003,Arieska,Novi,Female,arieska.novi339@outlook.com,085600640310,CTY-00009,2019-07-06
CUS-190707001,Rian,Kadir,Male,rian.kadir340@outlook.com,089001852953,CTY-00003,2019-07-07
CUS-190708001,Dede,Gibran,Male,dede.gibran341@gmail.com,089713205132,CTY-00008,2019-07-08
CUS-190710001,Marcus,Lee,Male,marcus.lee342@yahoo.com,081781608302,CTY-00011,2019-07-10
CUS-190710002,Mega,Doni,Male,mega.doni343@hotmail.com,085945464208,CTY-00003,2019-07-10
CUS-190710003,Mira,Deswita,Female,mira.deswita344@hotmail.com,089869831720,CTY-00006,2019-07-10
CUS-190711001,Bunga,Celia,Female,bunga.celia345@icloud.com,088145119832,CTY-00008,2019-07-11
CUS-190711002,Mei Ling,Wong,Female,meiling.wong346@yahoo.com,082138175445,CTY-00012,2019-07-11
CUS-190712001,Sujatmiko,Pandu,Male,sujatmiko.pandu347@hotmail.com,087444115313,CTY-00001,2019-07-12
CUS-190712002,Yogi,Yanto,Male,yogi.yanto348@hotmail.com,086536905357,CTY-00006,2019-07-12
CUS-190714001,Erlina,Irma,Female,erlina.irma349@gmail.com,085378978162,CTY-00003,2019-07-14
CUS-190716001,Syarif,Doni,Male,syarif.doni350@outlook.com,084648791663,CTY-00008,2019-07-16
CUS-190716002,Jason,Ng,Male,jason.ng351@icloud.com,083985259784,CTY-00011,2019-07-16
CUS-190716003,Ika,Lucia,Female,ika.lucia352@gmail.com,085525235229,CTY-00008,2019-07-16
CUS-190716004,Luthfi,Kusuma,Male,luthfi.kusuma353@icloud.com,081629592385,CTY-00002,2019-07-16
CUS-190716005,Galuh,Nila,Female,galuh.nila354@yahoo.com,089787521412,CTY-00003,2019-07-16
CUS-190720001,Bea,Cruz,Female,bea.cruz355@hotmail.com,088435919185,CTY-00014,2019-07-20
CUS-190721001,Lucia,Ester,Female,lucia.ester356@gmail.com,084573783946,CTY-00003,2019-07-21
CUS-190721002,Ariani,Dara,Female,ariani.dara357@yahoo.com,087865824896,CTY-00005,2019-07-21
CUS-190722001,Setyo,Darma,Male,setyo.darma358@outlook.com,084654496892,CTY-00009,2019-07-22
CUS-190722002,Hadi,Hambali,Male,hadi.hambali359@hotmail.com,089926196875,CTY-00002,2019-07-22
CUS-190722003,Hanafi,Rangga,Male,hanafi.rangga360@yahoo.com,089163362044,CTY-00008,2019-07-22
CUS-190723001,Damar,Miko,Male,damar.miko361@outlook.com,087716199728,CTY-00009,2019-07-23
CUS-190725001,Klara,Dita,Female,klara.dita362@outlook.com,089637760816,CTY-00010,2019-07-25
CUS-190726001,Dika,Elisa,Female,dika.elisa363@gmail.com,085760619472,CTY-00003,2019-07-26
CUS-190726002,Erni,Mellisa,Female,erni.mellisa364@gmail.com,089956242752,CTY-00005,2019-07-26
CUS-190728001,Apsari,Astiti,Female,apsari.astiti365@hotmail.com,086765691059,CTY-00007,2019-07-28
CUS-190729001,Fajar,Fahmi,Male,fajar.fahmi366@outlook.com,082677050508,CTY-00009,2019-07-29
CUS-190730001,Tomy,Sandy,Male,tomy.sandy367@outlook.com,081451930999,CTY-00005,2019-07-30
CUS-190730002,Daria,Dinda,Female,daria.dinda368@yahoo.com,085195860819,CTY-00010,2019-07-30
CUS-190801001,Yanto,Mardi,Male,yanto.mardi369@yahoo.com,082956811513,CTY-00002,2019-08-01
CUS-190802001,Irma,Erlina,Female,irma.erlina370@gmail.com,082541098156,CTY-00007,2019-08-02
CUS-190802002,Nur,Nanda,Male,nur.nanda371@yahoo.com,088207685153,CTY-00010,2019-08-02
CUS-190804001,Rangga,Galang,Male,rangga.galang372@yahoo.com,088235479535,CTY-00006,2019-08-04
CUS-190805001,Andre,Doni,Male,andre.doni373@outlook.com,088356304851,CTY-00009,2019-08-05
CUS-190806001,Ridik,Fahmi,Male,ridik.fahmi374@icloud.com,087941141821,CTY-00008,2019-08-06
CUS-190806002,Sandy,Naufal,Male,sandy.naufal375@hotmail.com,082353352917,CTY-00008,2019-08-06
CUS-190809001,Mutia,Lidia,Female,mutia.lidia376@gmail.com,084172230685,CTY-00002,2019-08-09
CUS-190809002,Eni,Eka,Female,eni.eka377@gmail.com,087261245115,CTY-00010,2019-08-09
CUS-190810001,Gatot,Bima,Male,gatot.bima378@icloud.com,085852509470,CTY-00006,2019-08-10
CUS-190810002,Arimbi,Fina,Female,arimbi.fina379@icloud.com,083291489020,CTY-00010,2019-08-10
CUS-190812001,Syarif,Iwan,Male,syarif.iwan380@hotmail.com,089213641998,CTY-00010,2019-08-12
CUS-190812002,Dewi,Astrid,Female,dewi.astrid381@outlook.com,087956177947,CTY-00004,2019-08-12
CUS-190813001,Fajar,Ramadhan,Male,fajar.ramadhan382@outlook.com,087548062113,CTY-00008,2019-08-13
CUS-190814001,Marta,Felicia,Female,marta.felicia383@gmail.com,082636596572,CTY-00002,2019-08-14
CUS-190814002,Niken,Aura,Female,niken.aura384@icloud.com,086932793164,CTY-00005,2019-08-14
CUS-190815001,Maya,Hesti,Female,maya.hesti385@gmail.com,085179535985,CTY-00008,2019-08-15
CUS-190816001,Oki,Husni,Male,oki.husni386@gmail.com,087413851778,CTY-00005,2019-08-16
CUS-190816002,Melati,Kusuma,Female,melati.kusuma387@gmail.com,085174897529,CTY-00004,2019-08-16
CUS-190817001,Wibawa,Didi,Male,wibawa.didi388@outlook.com,084648865217,CTY-00002,2019-08-17
CUS-190820001,Jun Wei,Lee,Male,junwei.lee389@yahoo.com,086930819297,CTY-00011,2019-08-20
CUS-190821001,Ira,Novi,Female,ira.novi390@outlook.com,088053861491,CTY-00006,2019-08-21
CUS-190821002,Eko,Zainal,Male,eko.zainal391@hotmail.com,083125082923,CTY-00003,2019-08-21
CUS-190821003,Asti,Galuh,Female,asti.galuh392@icloud.com,088087004284,CTY-00004,2019-08-21
CUS-190822001,Nurul,Yusof,Female,nurul.yusof393@gmail.com,085075493220,CTY-00012,2019-08-22
CUS-190823001,Husni,Tomy,Male,husni.tomy394@hotmail.com,087510487226,CTY-00002,2019-08-23
CUS-190824001,Sujatmiko,Dody,Male,sujatmiko.dody395@outlook.com,089814788214,CTY-00002,2019-08-24
CUS-190827001,Ariani,Laksmi,Female,ariani.laksmi396@outlook.com,085889485199,CTY-00005,2019-08-27
CUS-190828001,Nur,Rifi,Male,nur.rifi397@outlook.com,081579225255,CTY-00009,2019-08-28
CUS-190828002,Amira,Lativa,Female,amira.lativa398@outlook.com,088424965101,CTY-00006,2019-08-28
CUS-190829001,Wibowo,Ginanjar,Male,wibowo.ginanjar399@icloud.com,084218840302,CTY-00003,2019-08-29
CUS-190831001,Cinta,Lestari,Female,cinta.lestari400@outlook.com,081961403303,CTY-00007,2019-08-31
CUS-190901001,Rian,Rido,Male,rian.rido401@hotmail.com,082389915120,CTY-00002,2019-09-01
CUS-190902001,Ardi,Rio,Male,ardi.rio402@yahoo.com,087351916694,CTY-00005,2019-09-02
CUS-190902002,Ramadhan,Rido,Male,ramadhan.rido403@gmail.com,085266939863,CTY-00004,2019-09-02
CUS-190903001,Galang,Fahmi,Male,galang.fahmi404@outlook.com,086550909019,CTY-00001,2019-09-03
CUS-190907001,Melinda,Atsilah,Female,melinda.atsilah405@outlook.com,083097033643,CTY-00009,2019-09-07
CUS-190908001,Hastuti,Novita,Female,hastuti.novita406@outlook.com,081430362342,CTY-00009,2019-09-08
CUS-190908002,Atsilah,Della,Female,atsilah.della407@gmail.com,083002735423,CTY-00005,2019-09-08
CUS-190908003,Ita,Mira,Female,ita.mira408@gmail.com,082428695383,CTY-00001,2019-09-08
CUS-190909001,Mardi,Arif,Male,mardi.arif409@icloud.com,084178652321,CTY-00004,2019-09-09
CUS-190909002,Fadhilah,Dyah,Female,fadhilah.dyah410@gmail.com,084107853163,CTY-00004,2019-09-09
CUS-190910001,Ningsih,Eni,Female,ningsih.eni411@icloud.com,085093161168,CTY-00005,2019-09-10
CUS-190911001,Dedi,Fajar,Male,dedi.fajar412@hotmail.com,086587311163,CTY-00002,2019-09-11
CUS-190911002,Fikri,Dedi,Male,fikri.dedi413@icloud.com,085584483077,CTY-00008,2019-09-11
CUS-190912001,Basagita,Diana,Female,basagita.diana414@icloud.com,084853431632,CTY-00004,2019-09-12
CUS-190912002,Yusuf,Eko,Male,yusuf.eko415@yahoo.com,081043764522,CTY-00009,2019-09-12
CUS-190913001,Gayatry,Mutia,Female,gayatry.mutia416@gmail.com,083939109429,CTY-00007,2019-09-13
CUS-190914001,Candra,Setyo,Male,candra.setyo417@outlook.com,084939688897,CTY-00005,2019-09-14
CUS-190916001,Joko,Dicky,Male,joko.dicky418@icloud.com,085067113161,CTY-00010,2019-09-16
CUS-190917001,Dian,Danang,Male,dian.danang419@hotmail.com,084672661653,CTY-00001,2019-09-17
CUS-190917002,Lita,Murni,Female,lita.murni420@gmail.com,085189080743,CTY-00004,2019-09-17
CUS-190919001,Patricia,Reyes,Female,patricia.reyes421@icloud.com,084816672864,CTY-00014,2019-09-19
CUS-190919002,Imam,Ramadhan,Male,imam.ramadhan422@gmail.com,088285223823,CTY-00004,2019-09-19
CUS-190922001,Baskara,Gilang,Male,baskara.gilang423@outlook.com,087062512464,CTY-00010,2019-09-22
CUS-190922002,Rafi,Raditya,Male,rafi.raditya424@icloud.com,088572818821,CTY-00007,2019-09-22
CUS-190922003,Hanafi,Fauzan,Male,hanafi.fauzan425@gmail.com,088221627130,CTY-00006,2019-09-22
CUS-190923001,Yuda,Rafi,Male,yuda.rafi426@outlook.com,086292883160,CTY-00006,2019-09-23
CUS-190924001,Marwan,Sabbar,Male,marwan.sabbar427@yahoo.com,089642724267,CTY-00008,2019-09-24
CUS-190924002,Danang,Eris,Male,danang.eris428@icloud.com,085003471976,CTY-00009,2019-09-24
CUS-190924003,Lativa,Basagita,Female,lativa.basagita429@icloud.com,088662855621,CTY-00008,2019-09-24
CUS-190925001,Zainal,Rifi,Male,zainal.rifi430@icloud.com,082410564957,CTY-00010,2019-09-25
CUS-190926001,Yusuf,Irfan,Male,yusuf.irfan431@hotmail.com,082413207255,CTY-00004,2019-09-26
CUS-190928001,Mamat,Raka,Male,mamat.raka432@gmail.com,087554588228,CTY-00007,2019-09-28
CUS-190928002,Miftah,Oki,Male,miftah.oki433@hotmail.com,086638758447,CTY-00002,2019-09-28
CUS-190930001,Ika,Alya,Female,ika.alya434@yahoo.com,087634090959,CTY-00005,2019-09-30
CUS-191001001,Huda,Untung,Male,huda.untung435@icloud.com,088410912738,CTY-00004,2019-10-01
CUS-191001002,Arsita,Endah,Female,arsita.endah436@hotmail.com,083822679178,CTY-00010,2019-10-01
CUS-191002001,Mita,Chesa,Female,mita.chesa437@outlook.com,082242210202,CTY-00004,2019-10-02
CUS-191004001,Tohir,Faris,Male,tohir.faris438@hotmail.com,082293281208,CTY-00010,2019-10-04
CUS-191005001,Candra,Hafiz,Male,candra.hafiz439@hotmail.com,086843458793,CTY-00007,2019-10-05
CUS-191005002,Anindya,Isna,Female,anindya.isna440@yahoo.com,089217136805,CTY-00007,2019-10-05
CUS-191006001,Rafi,Gatot,Male,rafi.gatot441@icloud.com,085671462290,CTY-00003,2019-10-06
CUS-191007001,Yudha,Rudy,Male,yudha.rudy442@outlook.com,082303832768,CTY-00009,2019-10-07
CUS-191008001,Gisela,Ardhia,Female,gisela.ardhia443@gmail.com,082843587011,CTY-00010,2019-10-08
CUS-191010001,Samsul,Rifa'i,Male,samsul.rifa'i444@outlook.com,087439299003,CTY-00003,2019-10-10
CUS-191010002,Juliette,Haniyah,Female,juliette.haniyah445@outlook.com,087704502150,CTY-00002,2019-10-10
CUS-191010003,Luki,Widodo,Male,luki.widodo446@hotmail.com,089308881136,CTY-00010,2019-10-10
CUS-191012001,Arisanti,Ardhia,Female,arisanti.ardhia447@hotmail.com,084158388787,CTY-00004,2019-10-12
CUS-191014001,Jefri,Fadli,Male,jefri.fadli448@icloud.com,086346800587,CTY-00010,2019-10-14
CUS-191014002,Amelia,Lativa,Female,amelia.lativa449@yahoo.com,087152117030,CTY-00004,2019-10-14
CUS-191015001,Risman,Lukman,Male,risman.lukman450@icloud.com,082339513716,CTY-00008,2019-10-15
CUS-191015002,Fabian,Lili,Female,fabian.lili451@outlook.com,086829309536,CTY-00003,2019-10-15
CUS-191017001,Dandi,Subhan,Male,dandi.subhan452@icloud.com,087018047974,CTY-00004,2019-10-17
CUS-191018001,Bagas,Tito,Male,bagas.tito453@yahoo.com,089574505461,CTY-00008,2019-10-18
CUS-191019001,Febri,Eva,Female,febri.eva454@hotmail.com,084226606729,CTY-00005,2019-10-19
CUS-191020001,Jelita,Arieska,Female,jelita.arieska455@gmail.com,088755156248,CTY-00010,2019-10-20
CUS-191020002,Fifi,Darmastuti,Female,fifi.darmastuti456@icloud.com,089549753031,CTY-00004,2019-10-20
CUS-191020003,Arif,Dwi,Male,arif.dwi457@hotmail.com,082162554150,CTY-00007,2019-10-20
CUS-191021001,Darma,Rifa'i,Male,darma.rifa'i458@icloud.com,088012095129,CTY-00006,2019-10-21
CUS-191023001,Raditya,Slamet,Male,raditya.slamet459@hotmail.com,086315855430,CTY-00007,2019-10-23
CUS-191024001,Marcus,Wong,Male,marcus.wong460@outlook.com,082901695449,CTY-00011,2019-10-24
CUS-191025001,Indira,Daria,Female,indira.daria461@gmail.com,082064645362,CTY-00005,2019-10-25
CUS-191025002,Erma,Grace,Female,erma.grace462@icloud.com,086213047994,CTY-00003,2019-10-25
CUS-191028001,Laksmi,Hastuti,Female,laksmi.hastuti463@yahoo.com,089015805743,CTY-00009,2019-10-28
CUS-191028002,Ryan,Deri,Male,ryan.deri464@gmail.com,087471576537,CTY-00008,2019-10-28
CUS-191028003,Dody,Tito,Male,dody.tito465@yahoo.com,088518211506,CTY-00004,2019-10-28
CUS-191029001,Imran,Ramadhan,Male,imran.ramadhan466@outlook.com,085075211915,CTY-00005,2019-10-29
CUS-191031001,Istri,Anisa,Female,istri.anisa467@gmail.com,084000021074,CTY-00003,2019-10-31
CUS-191102001,Citra,Erma,Female,citra.erma468@icloud.com,087728463413,CTY-00009,2019-11-02
CUS-191103001,Putra,Sigit,Male,putra.sigit469@yahoo.com,083920776734,CTY-00010,2019-11-03
CUS-191104001,Erni,Ines,Female,erni.ines470@hotmail.com,087854769331,CTY-00009,2019-11-04
CUS-191105001,Taufik,Hendra,Male,taufik.hendra471@outlook.com,082325089002,CTY-00008,2019-11-05
CUS-191106001,Hesti,Haniyah,Female,hesti.haniyah472@outlook.com,089557847411,CTY-00004,2019-11-06
CUS-191107001,Arini,Irma,Female,arini.irma473@yahoo.com,085551291099,CTY-00006,2019-11-07
CUS-191107002,Melinda,Elina,Female,melinda.elina474@icloud.com,088170308252,CTY-00002,2019-11-07
CUS-191108001,Satria,Jefri,Male,satria.jefri475@yahoo.com,089271816437,CTY-00009,2019-11-08
CUS-191109001,Novita,Fina,Female,novita.fina476@hotmail.com,081409339115,CTY-00001,2019-11-09
CUS-191110001,Setiawan,Fauzan,Male,setiawan.fauzan477@gmail.com,084072645961,CTY-00003,2019-11-10
CUS-191110002,Ayu,Antonia,Female,ayu.antonia478@yahoo.com,083815134536,CTY-00003,2019-11-10
CUS-191111001,Maulana,Utomo,Male,maulana.utomo479@outlook.com,085331586814,CTY-00005,2019-11-11
CUS-191116001,Edi,Arya,Male,edi.arya480@yahoo.com,082264760820,CTY-00005,2019-11-16
CUS-191117001,Bagas,Ryan,Male,bagas.ryan481@yahoo.com,081338234392,CTY-00008,2019-11-17
CUS-191118001,Lusi,Fifi,Female,lusi.fifi482@yahoo.com,084904013604,CTY-00005,2019-11-18
CUS-191119001,Arsita,Kartika,Female,arsita.kartika483@hotmail.com,085557937293,CTY-00002,2019-11-19
CUS-191120001,Setiawan,Vino,Male,setiawan.vino484@outlook.com,083100425058,CTY-00007,2019-11-20
CUS-191122001,Iwan,Hambali,Male,iwan.hambali485@hotmail.com,087684135556,CTY-00008,2019-11-22
CUS-191123001,Melinda,Apsari,Female,melinda.apsari486@outlook.com,083607177136,CTY-00002,2019-11-23
CUS-191124001,Hania,Kartika,Female,hania.kartika487@hotmail.com,082932144195,CTY-00008,2019-11-24
CUS-191125001,Mutia,Diana,Female,mutia.diana488@gmail.com,084045878008,CTY-00004,2019-11-25
CUS-191126001,Zaky,Pratama,Male,zaky.pratama489@yahoo.com,084988796515,CTY-00005,2019-11-26
CUS-191126002,Nila,Chika,Female,nila.chika490@icloud.com,088634535833,CTY-00003,2019-11-26
CUS-191128001,Annisa,Irma,Female,annisa.irma491@outlook.com,088857675110,CTY-00003,2019-11-28
CUS-191128002,Yuda,Rafi,Male,yuda.rafi492@icloud.com,085219062285,CTY-00004,2019-11-28
CUS-191130001,Andi,Indra,Male,andi.indra493@icloud.com,082215515614,CTY-00001,2019-11-30
CUS-191130002,Nadin,Galuh,Female,nadin.galuh494@gmail.com,084137861245,CTY-00002,2019-11-30
CUS-191130003,Fatimah,Ester,Female,fatimah.ester495@outlook.com,081775270849,CTY-00010,2019-11-30
CUS-191130004,Jenia,Nofi,Female,jenia.nofi496@icloud.com,083940178163,CTY-00004,2019-11-30
CUS-191201001,Robby,Mega,Male,robby.mega497@icloud.com,084089834782,CTY-00007,2019-12-01
CUS-191201002,Pradipa,Eko,Male,pradipa.eko498@outlook.com,081918598993,CTY-00003,2019-12-01
CUS-191202001,Erma,Gita,Female,erma.gita499@hotmail.com,081255518052,CTY-00006,2019-12-02
CUS-191203001,Rico,Nurdin,Male,rico.nurdin500@icloud.com,084946620454,CTY-00001,2019-12-03
CUS-191203002,Robby,Zaky,Male,robby.zaky501@yahoo.com,082747411536,CTY-00001,2019-12-03
CUS-191203003,Diana,Aulia,Female,diana.aulia502@gmail.com,086871774262,CTY-00008,2019-12-03
CUS-191203004,Arya,Sunandar,Male,arya.sunandar503@yahoo.com,087169502827,CTY-00004,2019-12-03
CUS-191205001,Arsita,Liana,Female,arsita.liana504@yahoo.com,085019138367,CTY-00008,2019-12-05
CUS-191205002,Yanto,Lukman,Male,yanto.lukman505@hotmail.com,082365913234,CTY-00008,2019-12-05
CUS-191209001,Chika,Gaby,Female,chika.gaby506@hotmail.com,082582131697,CTY-00007,2019-12-09
CUS-191210001,Aldo,Gani,Male,aldo.gani507@hotmail.com,083563085373,CTY-00006,2019-12-10
CUS-191210002,Evi,Erlina,Female,evi.erlina508@icloud.com,084803026504,CTY-00006,2019-12-10
CUS-191210003,Gama,Tito,Male,gama.tito509@yahoo.com,084591625263,CTY-00007,2019-12-10
CUS-191211001,Helena,Febi,Female,helena.febi510@hotmail.com,088575074475,CTY-00010,2019-12-11
CUS-191212001,Rizki,Irfan,Male,rizki.irfan511@outlook.com,085555456581,CTY-00010,2019-12-12
CUS-191214001,Nadia,Juwita,Female,nadia.juwita512@gmail.com,086714732295,CTY-00008,2019-12-14
CUS-191214002,Yogi,Slamet,Male,yogi.slamet513@hotmail.com,089086477174,CTY-00009,2019-12-14
CUS-191217001,Ramadhan,Kukuh,Male,ramadhan.kukuh514@hotmail.com,082045740692,CTY-00008,2019-12-17
CUS-191218001,Sugeng,Candra,Male,sugeng.candra515@yahoo.com,082178633400,CTY-00001,2019-12-18
CUS-191219001,Mila,Kristina,Female,mila.kristina516@hotmail.com,083139549720,CTY-00009,2019-12-19
CUS-191219002,Larasati,Cempaka,Female,larasati.cempaka517@outlook.com,086676780572,CTY-00006,2019-12-19
CUS-191219003,Raditya,Marwan,Male,raditya.marwan518@gmail.com,083517151424,CTY-00004,2019-12-19
CUS-191222001,Lestari,Ira,Female,lestari.ira519@yahoo.com,089261532389,CTY-00002,2019-12-22
CUS-191222002,Fahmi,Robby,Male,fahmi.robby520@yahoo.com,081557391526,CTY-00002,2019-12-22
CUS-191223001,Jody,Syarif,Male,jody.syarif521@hotmail.com,087693234862,CTY-00008,2019-12-23
CUS-191223002,Larasati,Eni,Female,larasati.eni522@hotmail.com,087549274254,CTY-00009,2019-12-23
CUS-191226001,Marcus,Ong,Male,marcus.ong523@hotmail.com,088217536549,CTY-00011,2019-12-26
CUS-191228001,Juliette,Monika,Female,juliette.monika524@yahoo.com,084490433625,CTY-00001,2019-12-28
CUS-191228002,Endah,Elina,Female,endah.elina525@hotmail.com,086168018336,CTY-00006,2019-12-28
CUS-191229001,Sulaiman,Untung,Male,sulaiman.untung526@gmail.com,087519699208,CTY-00002,2019-12-29
CUS-191230001,Ayu,Elvira,Female,ayu.elvira527@gmail.com,082986525963,CTY-00010,2019-12-30
CUS-191231001,Gilang,Zaki,Male,gilang.zaki528@hotmail.com,085959134623,CTY-00008,2019-12-31
CUS-200101001,Juliana,Asti,Female,juliana.asti529@outlook.com,086580196933,CTY-00003,2020-01-01
CUS-200102001,Yunus,Satria,Male,yunus.satria530@gmail.com,087856084998,CTY-00007,2020-01-02
CUS-200103001,Anita,Elena,Female,anita.elena531@icloud.com,081928254709,CTY-00008,2020-01-03
CUS-200104001,Dandi,Doni,Male,dandi.doni532@icloud.com,089027314310,CTY-00008,2020-01-04
CUS-200105001,Dedi,Mega,Male,dedi.mega533@yahoo.com,085881728886,CTY-00009,2020-01-05
CUS-200105002,Monika,Hastuti,Female,monika.hastuti534@outlook.com,083316107387,CTY-00001,2020-01-05
CUS-200106001,Hesti,Eva,Female,hesti.eva535@yahoo.com,084814589031,CTY-00003,2020-01-06
CUS-200107001,Dian,Amir,Male,dian.amir536@yahoo.com,084476643094,CTY-00006,2020-01-07
CUS-200107002,Arya,Surya,Male,arya.surya537@yahoo.com,087723154279,CTY-00010,2020-01-07
CUS-200110001,Dina,Aulia,Female,dina.aulia538@outlook.com,088429596123,CTY-00001,2020-01-10
CUS-200110002,Danila,Citra,Female,danila.citra539@icloud.com,085459383143,CTY-00009,2020-01-10
CUS-200111001,Asmira,Celia,Female,asmira.celia540@icloud.com,088685096979,CTY-00001,2020-01-11
CUS-200111002,Lidia,Deswita,Female,lidia.deswita541@icloud.com,085546884143,CTY-00006,2020-01-11
CUS-200112001,Mutiara,Ayu,Female,mutiara.ayu542@gmail.com,084898866121,CTY-00001,2020-01-12
CUS-200112002,Ira,Mutiara,Female,ira.mutiara543@outlook.com,086405288623,CTY-00006,2020-01-12
CUS-200113001,Erni,Cempaka,Female,erni.cempaka544@hotmail.com,085374095281,CTY-00004,2020-01-13
CUS-200113002,Dwi,Putra,Male,dwi.putra545@hotmail.com,086647081124,CTY-00002,2020-01-13
CUS-200113003,Gada,Naufal,Male,gada.naufal546@icloud.com,087195060163,CTY-00005,2020-01-13
CUS-200114001,Eko,Sandy,Male,eko.sandy547@outlook.com,084596297322,CTY-00006,2020-01-14
CUS-200115001,Lita,Ardhia,Female,lita.ardhia548@outlook.com,085386058199,CTY-00002,2020-01-15
CUS-200120001,Rian,Sandy,Male,rian.sandy549@icloud.com,085014299798,CTY-00005,2020-01-20
CUS-200121001,Amir,Wibawa,Male,amir.wibawa550@outlook.com,087126769315,CTY-00010,2020-01-21
CUS-200121002,Nisa,Fadilah,Female,nisa.fadilah551@hotmail.com,084023713493,CTY-00004,2020-01-21
CUS-200122001,Chesa,Lela,Female,chesa.lela552@icloud.com,089955677831,CTY-00007,2020-01-22
CUS-200123001,Rachel,Lee,Female,rachel.lee553@hotmail.com,082223025109,CTY-00011,2020-01-23
CUS-200124001,Anto,Teguh,Male,anto.teguh554@hotmail.com,081883482670,CTY-00008,2020-01-24
CUS-200126001,Aurelia,Karin,Female,aurelia.karin555@yahoo.com,083527930893,CTY-00003,2020-01-26
CUS-200126002,Anisa,Gisela,Female,anisa.gisela556@gmail.com,089973844154,CTY-00006,2020-01-26
CUS-200127001,Ita,Antonia,Female,ita.antonia557@yahoo.com,084961655092,CTY-00004,2020-01-27
CUS-200129001,Maya,Damanik,Female,maya.damanik558@hotmail.com,087390753702,CTY-00002,2020-01-29
CUS-200130001,Trisna,Hambali,Male,trisna.hambali559@gmail.com,084564489358,CTY-00008,2020-01-30
CUS-200131001,Ridik,Taufik,Male,ridik.taufik560@hotmail.com,081913182257,CTY-00005,2020-01-31
CUS-200131002,Dina,Dilla,Female,dina.dilla561@icloud.com,083887874959,CTY-00010,2020-01-31
CUS-200202001,Irwan,Aris,Male,irwan.aris562@hotmail.com,086529063311,CTY-00007,2020-02-02
CUS-200203001,Amanda,Astiti,Female,amanda.astiti563@outlook.com,084493285435,CTY-00007,2020-02-03
CUS-200205001,Dicky,Bobi,Male,dicky.bobi564@hotmail.com,081458302878,CTY-00010,2020-02-05
CUS-200205002,Ardi,Gilang,Male,ardi.gilang565@yahoo.com,089206805318,CTY-00004,2020-02-05
CUS-200206001,Kristina,Isna,Female,kristina.isna566@yahoo.com,087826241235,CTY-00009,2020-02-06
CUS-200208001,Arya,Bari,Male,arya.bari567@hotmail.com,085452541266,CTY-00010,2020-02-08
CUS-200208002,Anindya,Fina,Female,anindya.fina568@outlook.com,081920588698,CTY-00009,2020-02-08
CUS-200210001,Andi,Indra,Male,andi.indra569@yahoo.com,087867946973,CTY-00008,2020-02-10
CUS-200212001,Galuh,Eka,Female,galuh.eka570@yahoo.com,085083690649,CTY-00007,2020-02-12
CUS-200212002,Kevin,Ong,Male,kevin.ong571@icloud.com,085941695660,CTY-00011,2020-02-12
CUS-200214001,Lestari,Gita,Female,lestari.gita572@icloud.com,082545023893,CTY-00010,2020-02-14
CUS-200215001,Fikri,Mega,Male,fikri.mega573@gmail.com,085289530088,CTY-00002,2020-02-15
CUS-200215002,Fransiska,Cinta,Female,fransiska.cinta574@icloud.com,086792376789,CTY-00006,2020-02-15
CUS-200216001,Bintang,Mamat,Male,bintang.mamat575@icloud.com,084591206590,CTY-00005,2020-02-16
CUS-200216002,Febi,Irma,Female,febi.irma576@outlook.com,087432799185,CTY-00002,2020-02-16
CUS-200216003,Samsul,Hadi,Male,samsul.hadi577@yahoo.com,082722764037,CTY-00007,2020-02-16
CUS-200218001,Juwita,Farah,Female,juwita.farah578@icloud.com,082583932115,CTY-00004,2020-02-18
CUS-200220001,Ines,Nadin,Female,ines.nadin579@hotmail.com,085947187966,CTY-00006,2020-02-20
CUS-200220002,Maya,Asti,Female,maya.asti580@yahoo.com,081299252803,CTY-00003,2020-02-20
CUS-200222001,Lela,Eva,Female,lela.eva581@outlook.com,085187270819,CTY-00007,2020-02-22
CUS-200222002,Zaki,Husni,Male,zaki.husni582@icloud.com,088470824780,CTY-00004,2020-02-22
CUS-200223001,Yunus,Hendri,Male,yunus.hendri583@icloud.com,083266282380,CTY-00003,2020-02-23
CUS-200223002,Wijaya,Ramadhan,Male,wijaya.ramadhan584@icloud.com,083922225997,CTY-00005,2020-02-23
CUS-200225001,Ghafar,Husni,Male,ghafar.husni585@icloud.com,082368938662,CTY-00007,2020-02-25
CUS-200225002,Roni,Ridik,Male,roni.ridik586@outlook.com,085251839434,CTY-00005,2020-02-25
CUS-200225003,Oktavian,Tohir,Male,oktavian.tohir587@icloud.com,087801193009,CTY-00006,2020-02-25
CUS-200225004,Angga,Wibawa,Male,angga.wibawa588@icloud.com,087374666053,CTY-00002,2020-02-25
CUS-200225005,Yogi,Roni,Male,yogi.roni589@outlook.com,083539911756,CTY-00003,2020-02-25
CUS-200228001,Dika,Juliette,Female,dika.juliette590@hotmail.com,084944775432,CTY-00007,2020-02-28
CUS-200228002,Dian,Gaby,Female,dian.gaby591@icloud.com,085857773292,CTY-00004,2020-02-28
CUS-200229001,Gama,Hamzah,Male,gama.hamzah592@hotmail.com,082403745145,CTY-00010,2020-02-29
CUS-200229002,Aria,Febri,Female,aria.febri593@icloud.com,087926158202,CTY-00003,2020-02-29
CUS-200229003,Nisa,Murni,Female,nisa.murni594@outlook.com,088110053501,CTY-00006,2020-02-29
CUS-200302001,Baskara,Anjas,Male,baskara.anjas595@hotmail.com,085130495306,CTY-00008,2020-03-02
CUS-200303001,Satya,Bagus,Male,satya.bagus596@gmail.com,088744303669,CTY-00008,2020-03-03
CUS-200303002,Clara,Ira,Female,clara.ira597@yahoo.com,087513355692,CTY-00004,2020-03-03
CUS-200303003,Fadli,Sugeng,Male,fadli.sugeng598@icloud.com,082678248648,CTY-00009,2020-03-03
CUS-200304001,Putra,Suharto,Male,putra.suharto599@icloud.com,084253233265,CTY-00009,2020-03-04
CUS-200304002,Laksmi,Deswita,Female,laksmi.deswita600@yahoo.com,087726830689,CTY-00001,2020-03-04
CUS-200305001,Laksmi,Dika,Female,laksmi.dika601@yahoo.com,088661203009,CTY-00008,2020-03-05
CUS-200306001,Laras,Jenia,Female,laras.jenia602@hotmail.com,082720165702,CTY-00001,2020-03-06
CUS-200307001,Melia,Ima,Female,melia.ima603@yahoo.com,081910691169,CTY-00005,2020-03-07
CUS-200308001,Febri,Gayatry,Female,febri.gayatry604@outlook.com,089765692295,CTY-00001,2020-03-08
CUS-200308002,Wawan,Hafiz,Male,wawan.hafiz605@gmail.com,083035261612,CTY-00008,2020-03-08
CUS-200309001,Dafiz,Angga,Male,dafiz.angga606@gmail.com,084995423012,CTY-00010,2020-03-09
CUS-200309002,Nur,Ibrahim,Male,nur.ibrahim607@icloud.com,082519537807,CTY-00008,2020-03-09
CUS-200311001,Nur,Zaky,Male,nur.zaky608@yahoo.com,081344340568,CTY-00008,2020-03-11
CUS-200311002,Anita,Eka,Female,anita.eka609@hotmail.com,082551869448,CTY-00008,2020-03-11
CUS-200313001,Aida,Erni,Female,aida.erni610@yahoo.com,084141505074,CTY-00008,2020-03-13
CUS-200314001,Leni,Mira,Female,leni.mira611@yahoo.com,081428755715,CTY-00006,2020-03-14
CUS-200314002,Faiza,Novita,Female,faiza.novita612@icloud.com,086571189726,CTY-00004,2020-03-14
CUS-200315001,Indira,Nila,Female,indira.nila613@outlook.com,086526588179,CTY-00006,2020-03-15
CUS-200316001,Fifi,Jessica,Female,fifi.jessica614@outlook.com,082912522176,CTY-00008,2020-03-16
CUS-200316002,Apsari,Damanik,Female,apsari.damanik615@yahoo.com,084319204828,CTY-00006,2020-03-16
CUS-200317001,Khairul,Tan,Male,khairul.tan616@icloud.com,082602168484,CTY-00013,2020-03-17
CUS-200317002,Endah,Fatimah,Female,endah.fatimah617@outlook.com,081583259522,CTY-00007,2020-03-17
CUS-200320001,Irma,Kartini,Female,irma.kartini618@outlook.com,086087766619,CTY-00010,2020-03-20
CUS-200321001,Desi,Dewi,Female,desi.dewi619@gmail.com,087066677300,CTY-00007,2020-03-21
CUS-200321002,Bari,Jody,Male,bari.jody620@outlook.com,085052776619,CTY-00007,2020-03-21
CUS-200321003,Haniyah,Dwi,Female,haniyah.dwi621@hotmail.com,081656564631,CTY-00008,2020-03-21
CUS-200321004,Dicky,Jody,Male,dicky.jody622@gmail.com,081180371380,CTY-00005,2020-03-21
CUS-200323001,Azzahra,Astrid,Female,azzahra.astrid623@yahoo.com,085300616246,CTY-00007,2020-03-23
CUS-200324001,Yanto,Untung,Male,yanto.untung624@yahoo.com,083115270904,CTY-00006,2020-03-24
CUS-200326001,Ginanjar,Nanda,Male,ginanjar.nanda625@gmail.com,086528148462,CTY-00001,2020-03-26
CUS-200326002,Dini,Melati,Female,dini.melati626@yahoo.com,085305738496,CTY-00007,2020-03-26
CUS-200327001,Chesa,Bernadeth,Female,chesa.bernadeth627@outlook.com,088237623711,CTY-00003,2020-03-27
CUS-200328001,Nurul,Kusuma,Female,nurul.kusuma628@gmail.com,082217049606,CTY-00001,2020-03-28
CUS-200328002,Jenia,Arisanti,Female,jenia.arisanti629@hotmail.com,082420076655,CTY-00009,2020-03-28
CUS-200329001,Candra,Wahyu,Male,candra.wahyu630@yahoo.com,087446622805,CTY-00006,2020-03-29
CUS-200330001,Emilia,Hanifah,Female,emilia.hanifah631@hotmail.com,082406962331,CTY-00010,2020-03-30
CUS-200330002,Belinda,Marlina,Female,belinda.marlina632@icloud.com,089039054101,CTY-00002,2020-03-30
CUS-200331001,Irma,Erna,Female,irma.erna633@yahoo.com,082600906929,CTY-00005,2020-03-31
CUS-200401001,Nofi,Gaby,Female,nofi.gaby634@yahoo.com,089529100969,CTY-00002,2020-04-01
CUS-200402001,Erna,Hana,Female,erna.hana635@outlook.com,082684179572,CTY-00001,2020-04-02
CUS-200403001,Antonia,Juliette,Female,antonia.juliette636@yahoo.com,086467390561,CTY-00004,2020-04-03
CUS-200404001,Hapsari,Dewi,Female,hapsari.dewi637@outlook.com,081568148898,CTY-00006,2020-04-04
CUS-200406001,Trisna,Ridik,Male,trisna.ridik638@hotmail.com,084471512802,CTY-00005,2020-04-06
CUS-200407001,Anita,Ardhia,Female,anita.ardhia639@yahoo.com,086863221995,CTY-00002,2020-04-07
CUS-200407002,Anita,Cinta,Female,anita.cinta640@hotmail.com,088164034596,CTY-00003,2020-04-07
CUS-200407003,Cahyo,Miko,Male,cahyo.miko641@gmail.com,087875985842,CTY-00002,2020-04-07
CUS-200407004,Ira,Fransiska,Female,ira.fransiska642@hotmail.com,083142347939,CTY-00009,2020-04-07
CUS-200409001,Rangga,Amir,Male,rangga.amir643@hotmail.com,087378865125,CTY-00005,2020-04-09
CUS-200409002,Berlian,Bulan,Female,berlian.bulan644@gmail.com,089094162613,CTY-00006,2020-04-09
CUS-200409003,Nina,Citra,Female,nina.citra645@icloud.com,083839393938,CTY-00006,2020-04-09
CUS-200410001,Husni,Faris,Male,husni.faris646@gmail.com,088513010615,CTY-00006,2020-04-10
CUS-200411001,Nia,Berlian,Female,nia.berlian647@icloud.com,081139437212,CTY-00006,2020-04-11
CUS-200412001,Bayu,Kusuma,Male,bayu.kusuma648@icloud.com,086748214420,CTY-00008,2020-04-12
CUS-200412002,Angga,Ibrahim,Male,angga.ibrahim649@yahoo.com,089313384417,CTY-00003,2020-04-12
CUS-200414001,Nina,Kusuma,Female,nina.kusuma650@hotmail.com,088044396606,CTY-00004,2020-04-14
CUS-200415001,Fitria,Mutiara,Female,fitria.mutiara651@icloud.com,082780301871,CTY-00007,2020-04-15
CUS-200419001,Dian,Angga,Male,dian.angga652@yahoo.com,088265425545,CTY-00004,2020-04-19
CUS-200419002,Tobar,Danang,Male,tobar.danang653@icloud.com,086321951810,CTY-00005,2020-04-19
CUS-200419003,Bryan,Wong,Male,bryan.wong654@icloud.com,086020979682,CTY-00011,2020-04-19
CUS-200419004,Nurul,Melati,Female,nurul.melati655@yahoo.com,083296517886,CTY-00006,2020-04-19
CUS-200420001,Hamzah,Yudi,Male,hamzah.yudi656@yahoo.com,084100394136,CTY-00006,2020-04-20
CUS-200421001,Fikri,Ichsan,Male,fikri.ichsan657@gmail.com,087501805651,CTY-00005,2020-04-21
CUS-200422001,Zul,Hassan,Male,zul.hassan658@gmail.com,081518237156,CTY-00012,2020-04-22
CUS-200422002,Atsilah,Gaby,Female,atsilah.gaby659@outlook.com,083159710619,CTY-00010,2020-04-22
CUS-200423001,Edi,Elang,Male,edi.elang660@outlook.com,082607264651,CTY-00003,2020-04-23
CUS-200423002,Amanda,Mellisa,Female,amanda.mellisa661@yahoo.com,081904574881,CTY-00001,2020-04-23
CUS-200423003,Hafiz,Angga,Male,hafiz.angga662@gmail.com,088432037832,CTY-00010,2020-04-23
CUS-200424001,Asri,Arimbi,Female,asri.arimbi663@hotmail.com,087897314286,CTY-00003,2020-04-24
CUS-200424002,Mita,Nabila,Female,mita.nabila664@hotmail.com,085342724627,CTY-00006,2020-04-24
CUS-200426001,Cinta,Bella,Female,cinta.bella665@yahoo.com,085374051105,CTY-00001,2020-04-26
CUS-200426002,Carl,Torres,Male,carl.torres666@yahoo.com,088609313145,CTY-00014,2020-04-26
CUS-200427001,Alya,Aurelia,Female,alya.aurelia667@hotmail.com,087461705867,CTY-00003,2020-04-27
CUS-200427002,Jasmine,Erika,Female,jasmine.erika668@hotmail.com,083903546853,CTY-00003,2020-04-27
CUS-200428001,Marta,Lativa,Female,marta.lativa669@hotmail.com,084988048923,CTY-00004,2020-04-28
CUS-200429001,Hambali,Ardi,Male,hambali.ardi670@outlook.com,085178049859,CTY-00003,2020-04-29
CUS-200429002,Lativa,Dita,Female,lativa.dita671@icloud.com,085621551604,CTY-00010,2020-04-29
CUS-200430001,Ginanjar,Galang,Male,ginanjar.galang672@hotmail.com,083674322039,CTY-00007,2020-04-30
CUS-200430002,Sandy,Teguh,Male,sandy.teguh673@gmail.com,083796736241,CTY-00009,2020-04-30
CUS-200430003,Risman,Ichsan,Male,risman.ichsan674@outlook.com,085907930513,CTY-00007,2020-04-30
CUS-200430004,Fauzan,Deni,Male,fauzan.deni675@hotmail.com,083093372559,CTY-00009,2020-04-30
CUS-200501001,Novita,Amira,Female,novita.amira676@outlook.com,087025778470,CTY-00005,2020-05-01
CUS-200501002,Suharto,Galang,Male,suharto.galang677@hotmail.com,086862806178,CTY-00006,2020-05-01
CUS-200504001,Wisnu,Munir,Male,wisnu.munir678@yahoo.com,082929838772,CTY-00004,2020-05-04
CUS-200505001,Mila,Anindya,Female,mila.anindya679@hotmail.com,083357120454,CTY-00006,2020-05-05
CUS-200507001,Bagus,Supri,Male,bagus.supri680@outlook.com,089986208746,CTY-00001,2020-05-07
CUS-200508001,Chesa,Laras,Female,chesa.laras681@gmail.com,081700323648,CTY-00002,2020-05-08
CUS-200508002,Diana,Dian,Female,diana.dian682@gmail.com,086585836033,CTY-00009,2020-05-08
CUS-200509001,Nasser,Pandu,Male,nasser.pandu683@gmail.com,084359813655,CTY-00006,2020-05-09
CUS-200510001,Arya,Fahmi,Male,arya.fahmi684@hotmail.com,089221333152,CTY-00002,2020-05-10
CUS-200510002,Atsilah,Anita,Female,atsilah.anita685@hotmail.com,085708479707,CTY-00003,2020-05-10
CUS-200512001,Ningsih,Monika,Female,ningsih.monika686@yahoo.com,083638365049,CTY-00007,2020-05-12
CUS-200512002,Eni,Annisa,Female,eni.annisa687@gmail.com,083092815299,CTY-00004,2020-05-12
CUS-200512003,Danila,Febri,Female,danila.febri688@yahoo.com,087167856656,CTY-00009,2020-05-12
CUS-200512004,Gede,Hery,Male,gede.hery689@hotmail.com,083034926845,CTY-00007,2020-05-12
CUS-200515001,Edi,Nasser,Male,edi.nasser690@icloud.com,085459165143,CTY-00009,2020-05-15
CUS-200516001,Maman,Yoga,Male,maman.yoga691@hotmail.com,085123413633,CTY-00002,2020-05-16
CUS-200516002,Gibran,Rian,Male,gibran.rian692@gmail.com,082009812899,CTY-00008,2020-05-16
CUS-200517001,Dewa,Rian,Male,dewa.rian693@icloud.com,088773176352,CTY-00004,2020-05-17
CUS-200518001,Nila,Fabian,Female,nila.fabian694@hotmail.com,086384339978,CTY-00002,2020-05-18
CUS-200519001,Julia,Felicia,Female,julia.felicia695@yahoo.com,081444003694,CTY-00010,2020-05-19
CUS-200519002,Sandy,Andre,Male,sandy.andre696@yahoo.com,082609913534,CTY-00006,2020-05-19
CUS-200520001,Paolo,Torres,Male,paolo.torres697@outlook.com,085525960020,CTY-00014,2020-05-20
CUS-200520002,Hafiz,Raj,Male,hafiz.raj698@hotmail.com,084503639150,CTY-00013,2020-05-20
CUS-200520003,Belinda,Lia,Female,belinda.lia699@gmail.com,084452026161,CTY-00007,2020-05-20
CUS-200521001,Hui Ling,Wong,Female,huiling.wong700@gmail.com,081618599825,CTY-00011,2020-05-21
CUS-200521002,Samantha,Tay,Female,samantha.tay701@hotmail.com,087850018068,CTY-00011,2020-05-21
CUS-200522001,Taufik,Luki,Male,taufik.luki702@outlook.com,088969679806,CTY-00001,2020-05-22
CUS-200523001,Laura,Fitri,Female,laura.fitri703@yahoo.com,082147356525,CTY-00010,2020-05-23
CUS-200525001,Galih,Mulyadi,Male,galih.mulyadi704@yahoo.com,082551678825,CTY-00010,2020-05-25
CUS-200525002,Jefri,Deni,Male,jefri.deni705@outlook.com,082605757502,CTY-00007,2020-05-25
CUS-200529001,Rangga,Rahmat,Male,rangga.rahmat706@yahoo.com,087711363039,CTY-00008,2020-05-29
CUS-200529002,Arieska,Lela,Female,arieska.lela707@outlook.com,083580156413,CTY-00001,2020-05-29
CUS-200530001,Marta,Alya,Female,marta.alya708@hotmail.com,083051355406,CTY-00005,2020-05-30
CUS-200531001,Bunga,Astrid,Female,bunga.astrid709@yahoo.com,086754890437,CTY-00007,2020-05-31
CUS-200531002,Aida,Bella,Female,aida.bella710@hotmail.com,089144570848,CTY-00008,2020-05-31
CUS-200603001,Lativa,Isna,Female,lativa.isna711@icloud.com,087161064646,CTY-00008,2020-06-03
CUS-200604001,Elisabeth,Dian,Female,elisabeth.dian712@hotmail.com,082230763683,CTY-00008,2020-06-04
CUS-200604002,Rama,Sabbar,Male,rama.sabbar713@gmail.com,083811158905,CTY-00007,2020-06-04
CUS-200605001,Ghafar,Widodo,Male,ghafar.widodo714@outlook.com,082474852905,CTY-00001,2020-06-05
CUS-200605002,Karin,Laras,Female,karin.laras715@icloud.com,086116127910,CTY-00004,2020-06-05
CUS-200606001,Evi,Kusuma,Female,evi.kusuma716@outlook.com,088716879533,CTY-00006,2020-06-06
CUS-200607001,Sigit,Irwan,Male,sigit.irwan717@icloud.com,083753569351,CTY-00009,2020-06-07
CUS-200610001,Istri,Endah,Female,istri.endah718@hotmail.com,088284802311,CTY-00009,2020-06-10
CUS-200610002,Indah,Marlina,Female,indah.marlina719@yahoo.com,089252291346,CTY-00003,2020-06-10
CUS-200611001,Annisa,Cinta,Female,annisa.cinta720@outlook.com,084876244488,CTY-00004,2020-06-11
CUS-200613001,Yogi,Kusuma,Male,yogi.kusuma721@yahoo.com,083246260215,CTY-00002,2020-06-13
CUS-200613002,Indra,Ilham,Male,indra.ilham722@outlook.com,085990002700,CTY-00006,2020-06-13
CUS-200613003,Hania,Irene,Female,hania.irene723@yahoo.com,088754400702,CTY-00001,2020-06-13
CUS-200614001,Dandi,Galang,Male,dandi.galang724@yahoo.com,083225190270,CTY-00002,2020-06-14
CUS-200614002,Laras,Kusuma,Female,laras.kusuma725@icloud.com,085045909415,CTY-00003,2020-06-14
CUS-200614003,Kartini,Nabila,Female,kartini.nabila726@hotmail.com,084094442962,CTY-00007,2020-06-14
CUS-200615001,Jasmine,Nina,Female,jasmine.nina727@gmail.com,087944407073,CTY-00003,2020-06-15
CUS-200615002,Irma,Arimbi,Female,irma.arimbi728@gmail.com,086521469699,CTY-00001,2020-06-15
CUS-200615003,Astrid,Lela,Female,astrid.lela729@icloud.com,084870138253,CTY-00006,2020-06-15
CUS-200616001,Antonia,Evi,Female,antonia.evi730@outlook.com,082864248811,CTY-00010,2020-06-16
CUS-200617001,Dani,Rido,Male,dani.rido731@yahoo.com,085093192247,CTY-00003,2020-06-17
CUS-200618001,Mutia,Kusuma,Female,mutia.kusuma732@hotmail.com,086215759093,CTY-00009,2020-06-18
CUS-200619001,Hani,Emilia,Female,hani.emilia733@icloud.com,084454488751,CTY-00004,2020-06-19
CUS-200620001,Irmina,Dian,Female,irmina.dian734@yahoo.com,083477433284,CTY-00005,2020-06-20
CUS-200622001,Fajar,Munir,Male,fajar.munir735@outlook.com,088919232537,CTY-00006,2020-06-22
CUS-200622002,Indah,Bernadeth,Female,indah.bernadeth736@icloud.com,082488183797,CTY-00010,2020-06-22
CUS-200622003,Kristina,Juwita,Female,kristina.juwita737@icloud.com,084895884767,CTY-00008,2020-06-22
CUS-200622004,Cahyo,Yunus,Male,cahyo.yunus738@outlook.com,088315684657,CTY-00001,2020-06-22
CUS-200623001,Deri,Ibrahim,Male,deri.ibrahim739@outlook.com,083170927191,CTY-00008,2020-06-23
CUS-200623002,Slamet,Miftah,Male,slamet.miftah740@icloud.com,083818235140,CTY-00003,2020-06-23
CUS-200624001,Ilham,Imam,Male,ilham.imam741@yahoo.com,082919592096,CTY-00005,2020-06-24
CUS-200627001,Hui Ling,Wong,Female,huiling.wong742@icloud.com,086692107298,CTY-00011,2020-06-27
CUS-200627002,Marlina,Elisa,Female,marlina.elisa743@yahoo.com,082513861757,CTY-00006,2020-06-27
CUS-200630001,Fina,Irmina,Female,fina.irmina744@yahoo.com,086869885238,CTY-00003,2020-06-30
CUS-200630002,Dyah,Alya,Female,dyah.alya745@hotmail.com,081124131885,CTY-00008,2020-06-30
CUS-200630003,Gatot,Syafiq,Male,gatot.syafiq746@hotmail.com,082318847972,CTY-00004,2020-06-30
CUS-200701001,Fransiska,Dilla,Female,fransiska.dilla747@outlook.com,084961071933,CTY-00003,2020-07-01
CUS-200702001,Syafiq,Ilham,Male,syafiq.ilham748@yahoo.com,081213038794,CTY-00005,2020-07-02
CUS-200703001,Carl,Garcia,Male,carl.garcia749@icloud.com,081332369020,CTY-00014,2020-07-03
CUS-200703002,Satya,Trisna,Male,satya.trisna750@yahoo.com,087192850333,CTY-00008,2020-07-03
CUS-200705001,Ariani,Karin,Female,ariani.karin751@hotmail.com,087043897022,CTY-00001,2020-07-05
CUS-200705002,Roni,Hens,Male,roni.hens752@outlook.com,088337438583,CTY-00008,2020-07-05
CUS-200705003,Irfan,Suharto,Male,irfan.suharto753@gmail.com,087872206873,CTY-00002,2020-07-05
CUS-200706001,Rikky,Robby,Male,rikky.robby754@hotmail.com,086444244086,CTY-00003,2020-07-06
CUS-200706002,Grace,Cinta,Female,grace.cinta755@yahoo.com,085382237965,CTY-00008,2020-07-06
CUS-200707001,Oki,Imran,Male,oki.imran756@gmail.com,088270892139,CTY-00002,2020-07-07
CUS-200707002,Fatin,Razak,Female,fatin.razak757@yahoo.com,083093076621,CTY-00012,2020-07-07
CUS-200709001,Andrea,Mendoza,Female,andrea.mendoza758@icloud.com,088741628535,CTY-00014,2020-07-09
CUS-200709002,Nina,Ester,Female,nina.ester759@icloud.com,088685069764,CTY-00010,2020-07-09
CUS-200709003,Endang,Amelia,Female,endang.amelia760@hotmail.com,083476782577,CTY-00001,2020-07-09
CUS-200709004,Yudha,Rico,Male,yudha.rico761@outlook.com,082456438648,CTY-00002,2020-07-09
CUS-200710001,Melinda,Ima,Female,melinda.ima762@outlook.com,089731701631,CTY-00001,2020-07-10
CUS-200710002,Belinda,Erlina,Female,belinda.erlina763@yahoo.com,089672781936,CTY-00001,2020-07-10
CUS-200712001,Vino,Cokro,Male,vino.cokro764@hotmail.com,088092566396,CTY-00008,2020-07-12
CUS-200713001,Nisa,Amanda,Female,nisa.amanda765@icloud.com,081925305552,CTY-00005,2020-07-13
CUS-200713002,Atsilah,Juwita,Female,atsilah.juwita766@yahoo.com,089220405375,CTY-00008,2020-07-13
CUS-200713003,Yudhi,Fajar,Male,yudhi.fajar767@icloud.com,082951922721,CTY-00010,2020-07-13
CUS-200718001,Della,Habsah,Female,della.habsah768@outlook.com,084303660029,CTY-00001,2020-07-18
CUS-200719001,Suharto,Bintang,Male,suharto.bintang769@outlook.com,084868664967,CTY-00010,2020-07-19
CUS-200720001,Gibran,Yudi,Male,gibran.yudi770@outlook.com,088737692799,CTY-00008,2020-07-20
CUS-200720002,Mulyadi,Ramadhan,Male,mulyadi.ramadhan771@yahoo.com,085422541578,CTY-00006,2020-07-20
CUS-200720003,Indri,Lina,Female,indri.lina772@yahoo.com,081375759574,CTY-00003,2020-07-20
CUS-200722001,Angelo,Bautista,Male,angelo.bautista773@gmail.com,089749791300,CTY-00014,2020-07-22
CUS-200722002,Indira,Mutia,Female,indira.mutia774@hotmail.com,084271959694,CTY-00010,2020-07-22
CUS-200723001,Gatot,Syarif,Male,gatot.syarif775@hotmail.com,083480293632,CTY-00008,2020-07-23
CUS-200723002,Febri,Fitria,Female,febri.fitria776@outlook.com,081207369314,CTY-00010,2020-07-23
CUS-200725001,Ridik,Wisnu,Male,ridik.wisnu777@icloud.com,085744196709,CTY-00004,2020-07-25
CUS-200725002,Samantha,Reyes,Female,samantha.reyes778@yahoo.com,087895444642,CTY-00014,2020-07-25
CUS-200725003,Melati,Novi,Female,melati.novi779@hotmail.com,088385124671,CTY-00005,2020-07-25
CUS-200726001,Eni,Erma,Female,eni.erma780@icloud.com,083173404781,CTY-00001,2020-07-26
CUS-200726002,Evi,Dewi,Female,evi.dewi781@outlook.com,088920141158,CTY-00009,2020-07-26
CUS-200727001,Febi,Elina,Female,febi.elina782@yahoo.com,088221259234,CTY-00007,2020-07-27
CUS-200727002,Widodo,Hery,Male,widodo.hery783@gmail.com,088525798812,CTY-00006,2020-07-27
CUS-200728001,Isna,Julia,Female,isna.julia784@hotmail.com,089172755335,CTY-00007,2020-07-28
CUS-200729001,Arif,Baskara,Male,arif.baskara785@outlook.com,089703231608,CTY-00002,2020-07-29
CUS-200729002,Fatin,Wong,Female,fatin.wong786@gmail.com,085053614052,CTY-00013,2020-07-29
CUS-200730001,Eka,Hania,Female,eka.hania787@yahoo.com,086408994983,CTY-00002,2020-07-30
CUS-200730002,Fahmi,Untung,Male,fahmi.untung788@yahoo.com,088502960935,CTY-00001,2020-07-30
CUS-200731001,Sunandar,Dani,Male,sunandar.dani789@icloud.com,082937230483,CTY-00009,2020-07-31
CUS-200731002,Maulana,Rahmad,Male,maulana.rahmad790@hotmail.com,088209152569,CTY-00004,2020-07-31
CUS-200801001,Adam,Ahmad,Male,adam.ahmad791@icloud.com,084273110258,CTY-00012,2020-08-01
CUS-200801002,Jenia,Agnes,Female,jenia.agnes792@hotmail.com,085823926788,CTY-00007,2020-08-01
CUS-200804001,Aida,Isna,Female,aida.isna793@yahoo.com,089433543092,CTY-00003,2020-08-04
CUS-200807001,Guntur,Rafi,Male,guntur.rafi794@hotmail.com,082575098392,CTY-00002,2020-08-07
CUS-200808001,Gatot,Andi,Male,gatot.andi795@gmail.com,081908202241,CTY-00001,2020-08-08
CUS-200810001,Diana,Hani,Female,diana.hani796@hotmail.com,089483324950,CTY-00009,2020-08-10
CUS-200815001,Amira,Jenia,Female,amira.jenia797@gmail.com,083883549621,CTY-00006,2020-08-15
CUS-200817001,Anindya,Fitri,Female,anindya.fitri798@outlook.com,082494963682,CTY-00007,2020-08-17
CUS-200817002,Karin,Nila,Female,karin.nila799@outlook.com,084543845665,CTY-00006,2020-08-17
CUS-200818001,Haniyah,Fina,Female,haniyah.fina800@yahoo.com,086179568002,CTY-00005,2020-08-18
CUS-200819001,Nurdin,Radit,Male,nurdin.radit801@icloud.com,086475567371,CTY-00005,2020-08-19
CUS-200820001,Prabowo,Damar,Male,prabowo.damar802@hotmail.com,082435169091,CTY-00009,2020-08-20
CUS-200820002,Aria,Nadin,Female,aria.nadin803@gmail.com,085818998504,CTY-00008,2020-08-20
CUS-200821001,Amir,Surya,Male,amir.surya804@hotmail.com,089354902752,CTY-00003,2020-08-21
CUS-200822001,Bari,Bara,Male,bari.bara805@yahoo.com,088165062647,CTY-00005,2020-08-22
CUS-200822002,Marlina,Emilia,Female,marlina.emilia806@icloud.com,084659603825,CTY-00009,2020-08-22
CUS-200822003,Dini,Novita,Female,dini.novita807@icloud.com,082940075503,CTY-00001,2020-08-22
CUS-200822004,Cahyo,Robby,Male,cahyo.robby808@gmail.com,084846129699,CTY-00008,2020-08-22
CUS-200823001,Bayu,Bintang,Male,bayu.bintang809@icloud.com,081476102290,CTY-00004,2020-08-23
CUS-200823002,Faris,Iwan,Male,faris.iwan810@gmail.com,087363827188,CTY-00003,2020-08-23
CUS-200823003,Gayatry,Grace,Female,gayatry.grace811@yahoo.com,089668096913,CTY-00008,2020-08-23
CUS-200824001,Marlina,Fitri,Female,marlina.fitri812@yahoo.com,084822731545,CTY-00004,2020-08-24
CUS-200824002,Hery,Gatot,Male,hery.gatot813@hotmail.com,088035497677,CTY-00007,2020-08-24
CUS-200825001,Taufik,Gatot,Male,taufik.gatot814@icloud.com,084970215787,CTY-00009,2020-08-25
CUS-200826001,Asti,Nabila,Female,asti.nabila815@outlook.com,088003473909,CTY-00006,2020-08-26
CUS-200826002,Tio,Zaky,Male,tio.zaky816@icloud.com,082343455323,CTY-00009,2020-08-26
CUS-200827001,Mellisa,Ester,Female,mellisa.ester817@hotmail.com,085092676115,CTY-00003,2020-08-27
CUS-200829001,Elisa,Elvira,Female,elisa.elvira818@outlook.com,084727706339,CTY-00007,2020-08-29
CUS-200829002,Erwin,Tri,Male,erwin.tri819@hotmail.com,088197920296,CTY-00002,2020-08-29
CUS-200829003,Fahmi,Wawan,Male,fahmi.wawan820@hotmail.com,083093957898,CTY-00009,2020-08-29
CUS-200831001,Felicia,Ester,Female,felicia.ester821@gmail.com,088219184080,CTY-00004,2020-08-31
CUS-200905001,Nabila,Hanifah,Female,nabila.hanifah822@outlook.com,081556098469,CTY-00005,2020-09-05
CUS-200905002,Mita,Gaby,Female,mita.gaby823@icloud.com,083421037218,CTY-00008,2020-09-05
CUS-200905003,Mira,Dini,Female,mira.dini824@outlook.com,087142693344,CTY-00008,2020-09-05
CUS-200905004,Astiti,Cantika,Female,astiti.cantika825@yahoo.com,088740591619,CTY-00007,2020-09-05
CUS-200906001,Dewi,Monika,Female,dewi.monika826@gmail.com,084248136206,CTY-00002,2020-09-06
CUS-200906002,Irene,Mita,Female,irene.mita827@icloud.com,089162565945,CTY-00008,2020-09-06
CUS-200907001,Lidia,Gaby,Female,lidia.gaby828@hotmail.com,087333451852,CTY-00010,2020-09-07
CUS-200907002,Galang,Idris,Male,galang.idris829@outlook.com,085932978245,CTY-00001,2020-09-07
CUS-200908001,Wijaya,Utomo,Male,wijaya.utomo830@hotmail.com,084817339683,CTY-00004,2020-09-08
CUS-200909001,Nurdin,Rama,Male,nurdin.rama831@outlook.com,087983892581,CTY-00006,2020-09-09
CUS-200910001,Dhika,Deswita,Female,dhika.deswita832@yahoo.com,089730000904,CTY-00008,2020-09-10
CUS-200910002,Laksmi,Ayu,Female,laksmi.ayu833@yahoo.com,088843161165,CTY-00006,2020-09-10
CUS-200910003,Indah,Darmastuti,Female,indah.darmastuti834@icloud.com,083786564866,CTY-00002,2020-09-10
CUS-200911001,Hana,Ira,Female,hana.ira835@outlook.com,087127502610,CTY-00010,2020-09-11
CUS-200911002,Dian,Arie,Male,dian.arie836@outlook.com,089018168312,CTY-00002,2020-09-11
CUS-200912001,Larasati,Istri,Female,larasati.istri837@yahoo.com,087480222778,CTY-00003,2020-09-12
CUS-200912002,Ichsan,Ilham,Male,ichsan.ilham838@outlook.com,084679501355,CTY-00002,2020-09-12
CUS-200914001,Berlian,Hani,Female,berlian.hani839@gmail.com,088790592127,CTY-00002,2020-09-14
CUS-200915001,Fadhilah,Ester,Female,fadhilah.ester840@icloud.com,082186792146,CTY-00006,2020-09-15
CUS-200915002,Larasati,Basagita,Female,larasati.basagita841@icloud.com,081765432454,CTY-00006,2020-09-15
CUS-200917001,Dahlia,Liana,Female,dahlia.liana842@outlook.com,085998831270,CTY-00002,2020-09-17
CUS-200918001,Deswita,Elisabeth,Female,deswita.elisabeth843@icloud.com,081998496467,CTY-00004,2020-09-18
CUS-200921001,Aris,Husni,Male,aris.husni844@outlook.com,086536751227,CTY-00006,2020-09-21
CUS-200921002,Fitria,Fitri,Female,fitria.fitri845@outlook.com,082144023196,CTY-00008,2020-09-21
CUS-200921003,Elisabeth,Dahlia,Female,elisabeth.dahlia846@gmail.com,085416141055,CTY-00002,2020-09-21
CUS-200922001,Ridik,Zainal,Male,ridik.zainal847@icloud.com,084012788322,CTY-00004,2020-09-22
CUS-200922002,Rikky,Danang,Male,rikky.danang848@outlook.com,085573655071,CTY-00005,2020-09-22
CUS-200923001,Haniyah,Belinda,Female,haniyah.belinda849@icloud.com,089980057630,CTY-00005,2020-09-23
CUS-200923002,Rikky,Syafiq,Male,rikky.syafiq850@icloud.com,089566961921,CTY-00002,2020-09-23
CUS-200924001,Febri,Fadilah,Female,febri.fadilah851@yahoo.com,089434132485,CTY-00006,2020-09-24
CUS-200924002,Andre,Kusuma,Male,andre.kusuma852@yahoo.com,081992806222,CTY-00006,2020-09-24
CUS-200924003,Desi,Melani,Female,desi.melani853@hotmail.com,088962748161,CTY-00002,2020-09-24
CUS-200924004,Nina,Dyah,Female,nina.dyah854@yahoo.com,081719793156,CTY-00010,2020-09-24
CUS-200925001,Bari,Rikky,Male,bari.rikky855@hotmail.com,086196961794,CTY-00002,2020-09-25
CUS-200926001,Hendri,Ilham,Male,hendri.ilham856@hotmail.com,083868353083,CTY-00001,2020-09-26
CUS-200927001,Aaron,Ng,Male,aaron.ng857@icloud.com,083373195809,CTY-00011,2020-09-27
CUS-200929001,Yanto,Cokro,Male,yanto.cokro858@hotmail.com,081438243809,CTY-00008,2020-09-29
CUS-200930001,Farida,Lili,Female,farida.lili859@yahoo.com,089555213244,CTY-00002,2020-09-30
CUS-201001001,Kartini,Isna,Female,kartini.isna860@yahoo.com,082569158679,CTY-00002,2020-10-01
CUS-201003001,Rico,Panji,Male,rico.panji861@icloud.com,086037860029,CTY-00006,2020-10-03
CUS-201004001,Yoga,Dedi,Male,yoga.dedi862@yahoo.com,082622903322,CTY-00005,2020-10-04
CUS-201005001,Hesti,Galuh,Female,hesti.galuh863@gmail.com,083085431041,CTY-00006,2020-10-05
CUS-201005002,Gayatry,Dyah,Female,gayatry.dyah864@icloud.com,082228339806,CTY-00001,2020-10-05
CUS-201005003,Miko,Bima,Male,miko.bima865@gmail.com,082041755653,CTY-00005,2020-10-05
CUS-201007001,Dede,Anuar,Male,dede.anuar866@hotmail.com,084090065551,CTY-00002,2020-10-07
CUS-201008001,Dwi,Rahmad,Male,dwi.rahmad867@hotmail.com,087222668291,CTY-00006,2020-10-08
CUS-201010001,Misbah,Munir,Male,misbah.munir868@gmail.com,084357872594,CTY-00010,2020-10-10
CUS-201012001,Bima,Wahyu,Male,bima.wahyu869@icloud.com,084987583850,CTY-00009,2020-10-12
CUS-201012002,Zainal,Anuar,Male,zainal.anuar870@icloud.com,089706341437,CTY-00001,2020-10-12
CUS-201012003,Kartika,Dhika,Female,kartika.dhika871@hotmail.com,083419973227,CTY-00007,2020-10-12
CUS-201014001,Emilia,Ayu,Female,emilia.ayu872@icloud.com,083452193754,CTY-00002,2020-10-14
CUS-201015001,Yogi,Gede,Male,yogi.gede873@gmail.com,084657559077,CTY-00005,2020-10-15
CUS-201015002,Chesa,Nabila,Female,chesa.nabila874@gmail.com,084474912647,CTY-00002,2020-10-15
CUS-201015003,Cokro,Yadi,Male,cokro.yadi875@yahoo.com,082364750897,CTY-00008,2020-10-15
CUS-201016001,Wijaya,Anuar,Male,wijaya.anuar876@gmail.com,088339490241,CTY-00003,2020-10-16
CUS-201016002,Megawati,Fransiska,Female,megawati.fransiska877@yahoo.com,088944042643,CTY-00008,2020-10-16
CUS-201019001,Lina,Chesa,Female,lina.chesa878@icloud.com,086341029892,CTY-00002,2020-10-19
CUS-201019002,Helena,Anisa,Female,helena.anisa879@gmail.com,086918738206,CTY-00001,2020-10-19
CUS-201021001,Lia,Ariani,Female,lia.ariani880@hotmail.com,084240254543,CTY-00003,2020-10-21
CUS-201021002,Desi,Julia,Female,desi.julia881@outlook.com,087227560144,CTY-00002,2020-10-21
CUS-201022001,Karin,Laura,Female,karin.laura882@outlook.com,087019771645,CTY-00008,2020-10-22
CUS-201022002,Mamat,Maulana,Male,mamat.maulana883@yahoo.com,087269713021,CTY-00007,2020-10-22
CUS-201023001,Endra,Gede,Male,endra.gede884@yahoo.com,084292907611,CTY-00007,2020-10-23
CUS-201023002,Basri,Fadli,Male,basri.fadli885@gmail.com,089540448665,CTY-00003,2020-10-23
CUS-201024001,Subhan,Dandi,Male,subhan.dandi886@icloud.com,084977880372,CTY-00008,2020-10-24
CUS-201024002,Alya,Linda,Female,alya.linda887@hotmail.com,081515593511,CTY-00008,2020-10-24
CUS-201025001,Misbah,Fadli,Male,misbah.fadli888@icloud.com,086719651822,CTY-00006,2020-10-25
CUS-201025002,Dicky,Rico,Male,dicky.rico889@outlook.com,083523953475,CTY-00006,2020-10-25
CUS-201027001,Oktavian,Idris,Male,oktavian.idris890@yahoo.com,085431092368,CTY-00009,2020-10-27
CUS-201028001,Ichsan,Rudy,Male,ichsan.rudy891@gmail.com,085823588463,CTY-00005,2020-10-28
CUS-201029001,Kania,Gayatry,Female,kania.gayatry892@yahoo.com,085932194755,CTY-00009,2020-10-29
CUS-201031001,Risman,Tito,Male,risman.tito893@outlook.com,085860415975,CTY-00005,2020-10-31
CUS-201101001,Risman,Erwin,Male,risman.erwin894@yahoo.com,081462290195,CTY-00005,2020-11-01
CUS-201101002,Rifi,Yudha,Male,rifi.yudha895@hotmail.com,082127603934,CTY-00004,2020-11-01
CUS-201102001,Elena,Jasmine,Female,elena.jasmine896@gmail.com,082712841861,CTY-00009,2020-11-02
CUS-201102002,Fifi,Dika,Female,fifi.dika897@gmail.com,083006830399,CTY-00009,2020-11-02
CUS-201104001,Rahmat,Mahfud,Male,rahmat.mahfud898@outlook.com,085600151127,CTY-00007,2020-11-04
CUS-201104002,Wijaya,Surya,Male,wijaya.surya899@icloud.com,086467544223,CTY-00008,2020-11-04
CUS-201104003,Setiawan,Maulana,Male,setiawan.maulana900@outlook.com,086947235630,CTY-00006,2020-11-04
CUS-201105001,Dyah,Nadin,Female,dyah.nadin901@hotmail.com,089456876150,CTY-00003,2020-11-05
CUS-201106001,Asrul,Hadi,Male,asrul.hadi902@gmail.com,086638542259,CTY-00006,2020-11-06
CUS-201107001,Ayu,Hania,Female,ayu.hania903@outlook.com,082645939334,CTY-00010,2020-11-07
CUS-201109001,Bahar,Yanto,Male,bahar.yanto904@hotmail.com,087218791549,CTY-00002,2020-11-09
CUS-201109002,Juwita,Dyah,Female,juwita.dyah905@icloud.com,088370291816,CTY-00002,2020-11-09
CUS-201110001,Ningsih,Indah,Female,ningsih.indah906@hotmail.com,085376732747,CTY-00007,2020-11-10
CUS-201111001,Grace,Lee,Female,grace.lee907@hotmail.com,083269114960,CTY-00011,2020-11-11
CUS-201111002,Kartini,Lidia,Female,kartini.lidia908@icloud.com,081732392370,CTY-00010,2020-11-11
CUS-201111003,Ikhsan,Agung,Male,ikhsan.agung909@outlook.com,082182134718,CTY-00001,2020-11-11
CUS-201112001,Amanda,Elisabeth,Female,amanda.elisabeth910@hotmail.com,083731985916,CTY-00003,2020-11-12
CUS-201113001,Mutia,Lativa,Female,mutia.lativa911@yahoo.com,087104512468,CTY-00009,2020-11-13
CUS-201114001,Dara,Hapsari,Female,dara.hapsari912@gmail.com,088168612609,CTY-00010,2020-11-14
CUS-201114002,Dedi,Yusuf,Male,dedi.yusuf913@outlook.com,085095969559,CTY-00001,2020-11-14
CUS-201117001,Asrul,Mario,Male,asrul.mario914@outlook.com,089041135177,CTY-00001,2020-11-17
CUS-201118001,Firman,Rafi,Male,firman.rafi915@icloud.com,083442076938,CTY-00002,2020-11-18
CUS-201118002,Grace,Lita,Female,grace.lita916@outlook.com,088560469640,CTY-00007,2020-11-18
CUS-201118003,Megan,Goh,Female,megan.goh917@hotmail.com,087804015548,CTY-00011,2020-11-18
CUS-201120001,Chesa,Irma,Female,chesa.irma918@hotmail.com,087817921984,CTY-00008,2020-11-20
CUS-201120002,Yudhi,Subhan,Male,yudhi.subhan919@yahoo.com,082136019158,CTY-00007,2020-11-20
CUS-201121001,Rido,Galang,Male,rido.galang920@yahoo.com,082784140821,CTY-00002,2020-11-21
CUS-201121002,Kartika,Lusia,Female,kartika.lusia921@gmail.com,083209454928,CTY-00007,2020-11-21
CUS-201124001,Isna,Fitri,Female,isna.fitri922@hotmail.com,081446705395,CTY-00003,2020-11-24
CUS-201125001,Laura,Asri,Female,laura.asri923@outlook.com,085840137030,CTY-00008,2020-11-25
CUS-201126001,Lusia,Nabila,Female,lusia.nabila924@outlook.com,086154258444,CTY-00005,2020-11-26
CUS-201126002,Elsa,Ira,Female,elsa.ira925@yahoo.com,082924473877,CTY-00006,2020-11-26
CUS-201127001,Ilham,Junaedi,Male,ilham.junaedi926@outlook.com,088081482233,CTY-00008,2020-11-27
CUS-201127002,Panji,Pradipa,Male,panji.pradipa927@yahoo.com,083769175542,CTY-00003,2020-11-27
CUS-201127003,Dinda,Mirna,Female,dinda.mirna928@hotmail.com,086377416757,CTY-00002,2020-11-27
CUS-201128001,Husni,Tobar,Male,husni.tobar929@gmail.com,085091220681,CTY-00007,2020-11-28
CUS-201129001,Damanik,Darmastuti,Female,damanik.darmastuti930@outlook.com,083906926921,CTY-00003,2020-11-29
CUS-201130001,Ardi,Mario,Male,ardi.mario931@gmail.com,085416650885,CTY-00009,2020-11-30
CUS-201201001,Prabowo,Hafiz,Male,prabowo.hafiz932@gmail.com,089005110386,CTY-00003,2020-12-01
CUS-201202001,Grace,Aria,Female,grace.aria933@icloud.com,084435610614,CTY-00005,2020-12-02
CUS-201203001,Gede,Anuar,Male,gede.anuar934@icloud.com,087708139451,CTY-00004,2020-12-03
CUS-201203002,Felicia,Dika,Female,felicia.dika935@icloud.com,083772314984,CTY-00005,2020-12-03
CUS-201204001,Mira,Hani,Female,mira.hani936@outlook.com,088566291388,CTY-00002,2020-12-04
CUS-201204002,Hesti,Irene,Female,hesti.irene937@outlook.com,089740995120,CTY-00010,2020-12-04
CUS-201205001,Hastuti,Lusia,Female,hastuti.lusia938@icloud.com,089284557218,CTY-00002,2020-12-05
CUS-201206001,Irmagard,Indah,Female,irmagard.indah939@icloud.com,088688919060,CTY-00007,2020-12-06
CUS-201209001,Bima,Radit,Male,bima.radit940@outlook.com,083890645318,CTY-00004,2020-12-09
CUS-201210001,Sabbar,Sulaiman,Male,sabbar.sulaiman941@hotmail.com,087316878987,CTY-00007,2020-12-10
CUS-201211001,Fadli,Andre,Male,fadli.andre942@yahoo.com,081860345718,CTY-00002,2020-12-11
CUS-201212001,Trisna,Hendri,Male,trisna.hendri943@yahoo.com,089692344575,CTY-00006,2020-12-12
CUS-201212002,Lucia,Dian,Female,lucia.dian944@yahoo.com,088357357233,CTY-00002,2020-12-12
CUS-201212003,Elisa,Erma,Female,elisa.erma945@outlook.com,088798815406,CTY-00008,2020-12-12
CUS-201213001,Arimbi,Amanda,Female,arimbi.amanda946@icloud.com,084671779397,CTY-00003,2020-12-13
CUS-201213002,Laksmana,Yudha,Male,laksmana.yudha947@gmail.com,082822959780,CTY-00002,2020-12-13
CUS-201213003,Bayu,Oktavian,Male,bayu.oktavian948@yahoo.com,082668026269,CTY-00002,2020-12-13
CUS-201214001,Samsul,Miftah,Male,samsul.miftah949@icloud.com,084556419977,CTY-00010,2020-12-14
CUS-201214002,Ginanjar,Bagus,Male,ginanjar.bagus950@outlook.com,082167176064,CTY-00010,2020-12-14
CUS-201215001,Wawan,Satya,Male,wawan.satya951@hotmail.com,086229518006,CTY-00006,2020-12-15
CUS-201215002,Yadi,Galih,Male,yadi.galih952@outlook.com,088630048578,CTY-00009,2020-12-15
CUS-201218001,Bryan,Tay,Male,bryan.tay953@outlook.com,083225938378,CTY-00011,2020-12-18
CUS-201218002,Farah,Aurelia,Female,farah.aurelia954@gmail.com,086996692555,CTY-00003,2020-12-18
CUS-201219001,Luthfi,Dian,Male,luthfi.dian955@hotmail.com,086223634500,CTY-00008,2020-12-19
CUS-201221001,Eni,Hania,Female,eni.hania956@yahoo.com,088828664218,CTY-00009,2020-12-21
CUS-201222001,Lina,Aulia,Female,lina.aulia957@icloud.com,086996274104,CTY-00002,2020-12-22
CUS-201223001,Habsah,Ayu,Female,habsah.ayu958@outlook.com,082178823513,CTY-00010,2020-12-23
CUS-201223002,Mellisa,Isna,Female,mellisa.isna959@yahoo.com,088189650423,CTY-00010,2020-12-23
CUS-201224001,Gading,Dian,Male,gading.dian960@icloud.com,083522762571,CTY-00004,2020-12-24
CUS-201224002,Mirna,Indira,Female,mirna.indira961@gmail.com,081899222389,CTY-00005,2020-12-24
CUS-201224003,Bayu,Fadli,Male,bayu.fadli962@yahoo.com,084335991581,CTY-00007,2020-12-24
CUS-201226001,Murni,Danila,Female,murni.danila963@icloud.com,083853477715,CTY-00004,2020-12-26
CUS-201226002,Danila,Nina,Female,danila.nina964@icloud.com,085221930087,CTY-00007,2020-12-26
CUS-201226003,Rian,Pradipa,Male,rian.pradipa965@icloud.com,081273782503,CTY-00007,2020-12-26
CUS-201228001,Melinda,Chesa,Female,melinda.chesa966@gmail.com,086569822764,CTY-00007,2020-12-28
CUS-201230001,Mellisa,Melinda,Female,mellisa.melinda967@yahoo.com,086839450992,CTY-00002,2020-12-30
CUS-201230002,Laksmana,Ibrahim,Male,laksmana.ibrahim968@yahoo.com,088995010301,CTY-00009,2020-12-30
CUS-201230003,Setyo,Ismail,Male,setyo.ismail969@yahoo.com,088020433072,CTY-00003,2020-12-30
CUS-210101001,Mutia,Atsilah,Female,mutia.atsilah970@icloud.com,083630233063,CTY-00006,2021-01-01
CUS-210102001,Daria,Amira,Female,daria.amira971@hotmail.com,084749616727,CTY-00010,2021-01-02
CUS-210102002,Erni,Gayatry,Female,erni.gayatry972@gmail.com,083644024648,CTY-00002,2021-01-02
CUS-210102003,Raka,Prasetyo,Male,raka.prasetyo973@yahoo.com,088710093313,CTY-00009,2021-01-02
CUS-210104001,Luthfi,Trisna,Male,luthfi.trisna974@icloud.com,081965889640,CTY-00007,2021-01-04
CUS-210104002,Gita,Lita,Female,gita.lita975@outlook.com,084339685777,CTY-00008,2021-01-04
CUS-210104003,Sarah,Ismail,Female,sarah.ismail976@outlook.com,084720614589,CTY-00013,2021-01-04
CUS-210107001,Nina,Haniyah,Female,nina.haniyah977@yahoo.com,082618856198,CTY-00003,2021-01-07
CUS-210107002,Fadhilah,Adinda,Female,fadhilah.adinda978@hotmail.com,081391422943,CTY-00008,2021-01-07
CUS-210107003,Rian,Wisnu,Male,rian.wisnu979@outlook.com,085136899274,CTY-00003,2021-01-07
CUS-210109001,Amir,Prasetyo,Male,amir.prasetyo980@icloud.com,081004946580,CTY-00009,2021-01-09
CUS-210110001,Christian,Castillo,Male,christian.castillo981@gmail.com,086978575802,CTY-00014,2021-01-10
CUS-210110002,Asrul,Yunus,Male,asrul.yunus982@icloud.com,088982626419,CTY-00003,2021-01-10
CUS-210112001,Kukuh,Andi,Male,kukuh.andi983@outlook.com,084365991688,CTY-00008,2021-01-12
CUS-210112002,Panji,Iwan,Male,panji.iwan984@icloud.com,087977954161,CTY-00009,2021-01-12
CUS-210113001,Rico,Ryan,Male,rico.ryan985@hotmail.com,081667915031,CTY-00004,2021-01-13
CUS-210113002,Chong,Abdullah,Male,chong.abdullah986@yahoo.com,084340743863,CTY-00013,2021-01-13
CUS-210114001,Asri,Arsita,Female,asri.arsita987@gmail.com,088644526872,CTY-00008,2021-01-14
CUS-210114002,Rio,Basri,Male,rio.basri988@yahoo.com,084697123306,CTY-00002,2021-01-14
CUS-210115001,Melia,Lestari,Female,melia.lestari989@outlook.com,081857012085,CTY-00008,2021-01-15
CUS-210115002,Dara,Nilam,Female,dara.nilam990@icloud.com,089878168339,CTY-00002,2021-01-15
CUS-210116001,Klara,Helena,Female,klara.helena991@icloud.com,087582012898,CTY-00002,2021-01-16
CUS-210117001,Kartika,Asti,Female,kartika.asti992@hotmail.com,081100241148,CTY-00010,2021-01-17
CUS-210118001,Slamet,Eris,Male,slamet.eris993@outlook.com,087998027537,CTY-00002,2021-01-18
CUS-210119001,Yogi,Dwi,Male,yogi.dwi994@yahoo.com,086839852966,CTY-00002,2021-01-19
CUS-210120001,Dody,Pratama,Male,dody.pratama995@yahoo.com,081037714589,CTY-00002,2021-01-20
CUS-210120002,Novi,Elena,Female,novi.elena996@hotmail.com,083586014911,CTY-00010,2021-01-20
CUS-210123001,Indira,Lidia,Female,indira.lidia997@yahoo.com,081693917050,CTY-00002,2021-01-23
CUS-210124001,Rahmat,Munir,Male,rahmat.munir998@icloud.com,081484761642,CTY-00008,2021-01-24
CUS-210124002,Muhammad,Imran,Male,muhammad.imran999@outlook.com,083864657162,CTY-00008,2021-01-24
CUS-210124003,Sabbar,Dian,Male,sabbar.dian1000@hotmail.com,083297752705,CTY-00002,2021-01-24
CUS-210125001,Felicia,Ita,Female,felicia.ita1001@yahoo.com,089720491535,CTY-00006,2021-01-25
CUS-210125002,Darmastuti,Indah,Female,darmastuti.indah1002@hotmail.com,087281079799,CTY-00010,2021-01-25
CUS-210126001,Ariani,Arimbi,Female,ariani.arimbi1003@icloud.com,082399829744,CTY-00002,2021-01-26
CUS-210127001,Hadi,Arif,Male,hadi.arif1004@yahoo.com,087812214482,CTY-00008,2021-01-27
CUS-210127002,Lukman,Wibawa,Male,lukman.wibawa1005@outlook.com,081774543722,CTY-00007,2021-01-27
CUS-210127003,Yunus,Nugroho,Male,yunus.nugroho1006@outlook.com,084781262970,CTY-00009,2021-01-27
CUS-210128001,Akbar,Ichsan,Male,akbar.ichsan1007@hotmail.com,089497621609,CTY-00004,2021-01-28
CUS-210128002,Megawati,Desi,Female,megawati.desi1008@gmail.com,085927217168,CTY-00007,2021-01-28
CUS-210131001,Yayat,Anto,Male,yayat.anto1009@hotmail.com,088392022052,CTY-00002,2021-01-31
CUS-210201001,Setyo,Firman,Male,setyo.firman1010@outlook.com,082601859370,CTY-00003,2021-02-01
CUS-210203001,Erma,Bernadeth,Female,erma.bernadeth1011@hotmail.com,088298519887,CTY-00005,2021-02-03
CUS-210204001,Faiza,Ariani,Female,faiza.ariani1012@gmail.com,084096497590,CTY-00008,2021-02-04
CUS-210207001,Andi,Bintang,Male,andi.bintang1013@gmail.com,086606830533,CTY-00002,2021-02-07
CUS-210208001,Danila,Erika,Female,danila.erika1014@hotmail.com,082017261022,CTY-00004,2021-02-08
CUS-210209001,Hana,Agnes,Female,hana.agnes1015@gmail.com,089493126798,CTY-00001,2021-02-09
CUS-210210001,Lestari,Ika,Female,lestari.ika1016@icloud.com,084272922894,CTY-00008,2021-02-10
CUS-210210002,Elina,Fransiska,Female,elina.fransiska1017@yahoo.com,085699013146,CTY-00004,2021-02-10
CUS-210210003,Nofi,Jelita,Female,nofi.jelita1018@icloud.com,083655295909,CTY-00007,2021-02-10
CUS-210212001,Hadi,Firman,Male,hadi.firman1019@yahoo.com,082766186452,CTY-00005,2021-02-12
CUS-210214001,Febri,Bulan,Female,febri.bulan1020@gmail.com,083633196319,CTY-00002,2021-02-14
CUS-210215001,Anisa,Mutiara,Female,anisa.mutiara1021@outlook.com,083110845580,CTY-00008,2021-02-15
CUS-210217001,Yudi,Anjas,Male,yudi.anjas1022@gmail.com,087527595419,CTY-00003,2021-02-17
CUS-210217002,Gabriel,Garcia,Male,gabriel.garcia1023@icloud.com,085203168056,CTY-00014,2021-02-17
CUS-210221001,Pratama,Ginanjar,Male,pratama.ginanjar1024@icloud.com,089065598209,CTY-00009,2021-02-21
CUS-210222001,Zaki,Rio,Male,zaki.rio1025@outlook.com,087918573764,CTY-00002,2021-02-22
CUS-210224001,Erwin,Candra,Male,erwin.candra1026@hotmail.com,083057549276,CTY-00005,2021-02-24
CUS-210224002,Fajar,Hendra,Male,fajar.hendra1027@gmail.com,082075542645,CTY-00005,2021-02-24
CUS-210224003,Istri,Nisa,Female,istri.nisa1028@gmail.com,087253645627,CTY-00008,2021-02-24
CUS-210224004,Ima,Lela,Female,ima.lela1029@hotmail.com,089147968679,CTY-00001,2021-02-24
CUS-210228001,Untung,Wijaya,Male,untung.wijaya1030@hotmail.com,088339080765,CTY-00008,2021-02-28
CUS-210228002,Hani,Anita,Female,hani.anita1031@gmail.com,089383375578,CTY-00005,2021-02-28
CUS-210228003,Bulan,Habsah,Female,bulan.habsah1032@outlook.com,085112453774,CTY-00004,2021-02-28
CUS-210301001,Sunandar,Purnomo,Male,sunandar.purnomo1033@icloud.com,082622171095,CTY-00003,2021-03-01
CUS-210303001,Bagas,Hafiz,Male,bagas.hafiz1034@yahoo.com,082838589199,CTY-00010,2021-03-03
CUS-210307001,Ryan,Surya,Male,ryan.surya1035@hotmail.com,085159928395,CTY-00005,2021-03-07
CUS-210307002,Megawati,Larasati,Female,megawati.larasati1036@icloud.com,084917048337,CTY-00010,2021-03-07
CUS-210308001,Mirna,Istri,Female,mirna.istri1037@hotmail.com,086511754092,CTY-00005,2021-03-08
CUS-210309001,Novi,Adinda,Female,novi.adinda1038@yahoo.com,083133299517,CTY-00004,2021-03-09
CUS-210310001,Hens,Arif,Male,hens.arif1039@icloud.com,083685709444,CTY-00008,2021-03-10
CUS-210310002,Sabbar,Surya,Male,sabbar.surya1040@gmail.com,085820611479,CTY-00008,2021-03-10
CUS-210312001,Hens,Gilang,Male,hens.gilang1041@hotmail.com,087481127904,CTY-00001,2021-03-12
CUS-210313001,Anuar,Edi,Male,anuar.edi1042@icloud.com,082629678878,CTY-00003,2021-03-13
CUS-210313002,Jelita,Laras,Female,jelita.laras1043@yahoo.com,087407644486,CTY-00006,2021-03-13
CUS-210315001,Amanda,Irmagard,Female,amanda.irmagard1044@gmail.com,081695460017,CTY-00009,2021-03-15
CUS-210317001,Mulyadi,Hendri,Male,mulyadi.hendri1045@yahoo.com,089180936249,CTY-00007,2021-03-17
CUS-210317002,Bima,Wisnu,Male,bima.wisnu1046@outlook.com,088520538022,CTY-00008,2021-03-17
CUS-210319001,Mellisa,Mira,Female,mellisa.mira1047@gmail.com,087930684598,CTY-00009,2021-03-19
CUS-210319002,Nurul,Razak,Female,nurul.razak1048@outlook.com,084651800533,CTY-00012,2021-03-19
CUS-210320001,Monika,Della,Female,monika.della1049@gmail.com,087442372087,CTY-00005,2021-03-20
CUS-210321001,Gilang,Mega,Male,gilang.mega1050@yahoo.com,085445851450,CTY-00001,2021-03-21
CUS-210321002,Ridik,Rangga,Male,ridik.rangga1051@icloud.com,081688134590,CTY-00008,2021-03-21
CUS-210321003,Asri,Chika,Female,asri.chika1052@outlook.com,088547874674,CTY-00004,2021-03-21
CUS-210324001,Niken,Kania,Female,niken.kania1053@hotmail.com,084990214984,CTY-00006,2021-03-24
CUS-210325001,Trisna,Supri,Male,trisna.supri1054@outlook.com,083297329036,CTY-00006,2021-03-25
CUS-210326001,Arieska,Novi,Female,arieska.novi1055@hotmail.com,086801868431,CTY-00010,2021-03-26
CUS-210327001,Gilang,Bahar,Male,gilang.bahar1056@outlook.com,088858071947,CTY-00004,2021-03-27
CUS-210328001,Lativa,Ariani,Female,lativa.ariani1057@outlook.com,083572167365,CTY-00008,2021-03-28
CUS-210331001,Maya,Faiza,Female,maya.faiza1058@hotmail.com,082209808003,CTY-00003,2021-03-31
CUS-210331002,Jenia,Lili,Female,jenia.lili1059@gmail.com,087058744041,CTY-00008,2021-03-31
CUS-210331003,Didi,Eko,Male,didi.eko1060@gmail.com,086818123732,CTY-00002,2021-03-31
CUS-210401001,Evi,Hapsari,Female,evi.hapsari1061@hotmail.com,087825548532,CTY-00002,2021-04-01
CUS-210401002,Ita,Astiti,Female,ita.astiti1062@hotmail.com,087921134605,CTY-00005,2021-04-01
CUS-210401003,Irfan,Andi,Male,irfan.andi1063@gmail.com,085400080771,CTY-00004,2021-04-01
CUS-210402001,Panji,Fauzan,Male,panji.fauzan1064@hotmail.com,082801653988,CTY-00001,2021-04-02
CUS-210402002,Asmira,Nabila,Female,asmira.nabila1065@gmail.com,085257139882,CTY-00006,2021-04-02
CUS-210403001,Tomy,Angga,Male,tomy.angga1066@hotmail.com,089059364945,CTY-00006,2021-04-03
CUS-210403002,Doni,Mahesa,Male,doni.mahesa1067@icloud.com,087731004476,CTY-00005,2021-04-03
CUS-210403003,Eva,Della,Female,eva.della1068@outlook.com,089412056362,CTY-00003,2021-04-03
CUS-210403004,Julia,Astrid,Female,julia.astrid1069@icloud.com,081998318666,CTY-00001,2021-04-03
CUS-210405001,Irfan,Eka,Male,irfan.eka1070@outlook.com,089264399678,CTY-00005,2021-04-05
CUS-210405002,Yanto,Rifky,Male,yanto.rifky1071@outlook.com,085329858835,CTY-00004,2021-04-05
CUS-210407001,Hendri,Aris,Male,hendri.aris1072@gmail.com,084897581659,CTY-00001,2021-04-07
CUS-210408001,Sulaiman,Syarif,Male,sulaiman.syarif1073@outlook.com,084962520101,CTY-00005,2021-04-08
CUS-210408002,Megawati,Azzahra,Female,megawati.azzahra1074@gmail.com,088349342244,CTY-00002,2021-04-08
CUS-210408003,Laksmana,Hendra,Male,laksmana.hendra1075@icloud.com,084131772696,CTY-00002,2021-04-08
CUS-210409001,Putra,Setyo,Male,putra.setyo1076@gmail.com,084630751264,CTY-00001,2021-04-09
CUS-210410001,Asmira,Ima,Female,asmira.ima1077@hotmail.com,084366983001,CTY-00008,2021-04-10
CUS-210410002,Juliana,Atsilah,Female,juliana.atsilah1078@outlook.com,084804633389,CTY-00002,2021-04-10
CUS-210410003,Ichsan,Galang,Male,ichsan.galang1079@hotmail.com,085276524433,CTY-00010,2021-04-10
CUS-210411001,Fadli,Ryan,Male,fadli.ryan1080@outlook.com,081156099896,CTY-00003,2021-04-11
CUS-210412001,Dimas,Akbar,Male,dimas.akbar1081@gmail.com,087419199748,CTY-00006,2021-04-12
CUS-210413001,Bintang,Dhika,Female,bintang.dhika1082@outlook.com,084673700975,CTY-00006,2021-04-13
CUS-210413002,Ginanjar,Bayu,Male,ginanjar.bayu1083@yahoo.com,088803198788,CTY-00009,2021-04-13
CUS-210415001,Ermina,Juliana,Female,ermina.juliana1084@outlook.com,082359685413,CTY-00001,2021-04-15
CUS-210415002,Marlina,Isna,Female,marlina.isna1085@gmail.com,081229491448,CTY-00003,2021-04-15
CUS-210415003,Haniyah,Arisanti,Female,haniyah.arisanti1086@icloud.com,088318010585,CTY-00004,2021-04-15
CUS-210415004,Yuda,Dandi,Male,yuda.dandi1087@outlook.com,082604395647,CTY-00005,2021-04-15
CUS-210416001,Elsa,Eka,Female,elsa.eka1088@hotmail.com,082641497756,CTY-00002,2021-04-16
CUS-210416002,Nadin,Kasih,Female,nadin.kasih1089@yahoo.com,086799855108,CTY-00003,2021-04-16
CUS-210417001,Bima,Dedi,Male,bima.dedi1090@outlook.com,087281471106,CTY-00005,2021-04-17
CUS-210418001,Asti,Meyli,Female,asti.meyli1091@hotmail.com,086872674144,CTY-00007,2021-04-18
CUS-210418002,Astrid,Arini,Female,astrid.arini1092@hotmail.com,088842387760,CTY-00005,2021-04-18
CUS-210418003,Arif,Rahmat,Male,arif.rahmat1093@icloud.com,089833862097,CTY-00001,2021-04-18
CUS-210419001,Raja,Rikky,Male,raja.rikky1094@outlook.com,088237421806,CTY-00006,2021-04-19
CUS-210420001,Amelia,Lia,Female,amelia.lia1095@gmail.com,088124040844,CTY-00001,2021-04-20
CUS-210420002,Elvira,Indah,Female,elvira.indah1096@icloud.com,087909331810,CTY-00010,2021-04-20
CUS-210422001,Syafiq,Irwan,Male,syafiq.irwan1097@outlook.com,083857181022,CTY-00005,2021-04-22
CUS-210422002,Ryan,Baskara,Male,ryan.baskara1098@icloud.com,086212673126,CTY-00001,2021-04-22
CUS-210423001,Gede,Kukuh,Male,gede.kukuh1099@gmail.com,083517878619,CTY-00001,2021-04-23
CUS-210424001,Dara,Megawati,Female,dara.megawati1100@hotmail.com,089489051377,CTY-00004,2021-04-24
CUS-210424002,Hery,Widodo,Male,hery.widodo1101@gmail.com,087510744376,CTY-00007,2021-04-24
CUS-210424003,Erma,Alya,Female,erma.alya1102@yahoo.com,083508821308,CTY-00009,2021-04-24
CUS-210424004,Mahesa,Satria,Male,mahesa.satria1103@icloud.com,089769262207,CTY-00008,2021-04-24
CUS-210425001,Ghafar,Trisna,Male,ghafar.trisna1104@icloud.com,081480498459,CTY-00003,2021-04-25
CUS-210426001,Kukuh,Taufik,Male,kukuh.taufik1105@hotmail.com,088094946791,CTY-00007,2021-04-26
CUS-210426002,Rahmad,Yayat,Male,rahmad.yayat1106@icloud.com,089789810252,CTY-00003,2021-04-26
CUS-210427001,Arga,Rifi,Male,arga.rifi1107@hotmail.com,088278440551,CTY-00007,2021-04-27
CUS-210427002,Bari,Ghafar,Male,bari.ghafar1108@outlook.com,086719250583,CTY-00002,2021-04-27
CUS-210428001,Dandi,Basri,Male,dandi.basri1109@hotmail.com,087058481395,CTY-00010,2021-04-28
CUS-210430001,Endang,Gayatry,Female,endang.gayatry1110@hotmail.com,084400643692,CTY-00006,2021-04-30
CUS-210501001,Sabbar,Kusuma,Male,sabbar.kusuma1111@gmail.com,086090502298,CTY-00009,2021-05-01
CUS-210503001,Laura,Megawati,Female,laura.megawati1112@outlook.com,081520853160,CTY-00010,2021-05-03
CUS-210504001,Luki,Untung,Male,luki.untung1113@gmail.com,088400292990,CTY-00003,2021-05-04
CUS-210505001,Hastuti,Dhika,Female,hastuti.dhika1114@hotmail.com,087014746212,CTY-00001,2021-05-05
CUS-210505002,Kartini,Leni,Female,kartini.leni1115@icloud.com,089774714564,CTY-00001,2021-05-05
CUS-210506001,Mario,Kadir,Male,mario.kadir1116@gmail.com,087206363686,CTY-00010,2021-05-06
CUS-210507001,Ardhia,Hani,Female,ardhia.hani1117@hotmail.com,081961494926,CTY-00003,2021-05-07
CUS-210508001,Nadia,Amanda,Female,nadia.amanda1118@hotmail.com,083333628822,CTY-00010,2021-05-08
CUS-210508002,Gada,Sigit,Male,gada.sigit1119@gmail.com,088780372883,CTY-00010,2021-05-08
CUS-210508003,Dewa,Hens,Male,dewa.hens1120@icloud.com,084102591532,CTY-00001,2021-05-08
CUS-210508004,Luthfi,Wibawa,Male,luthfi.wibawa1121@yahoo.com,088271780888,CTY-00005,2021-05-08
CUS-210509001,Eni,Hesti,Female,eni.hesti1122@gmail.com,083423673200,CTY-00002,2021-05-09
CUS-210510001,Ridik,Danang,Male,ridik.danang1123@icloud.com,089034833416,CTY-00009,2021-05-10
CUS-210511001,Felicia,Isna,Female,felicia.isna1124@outlook.com,083144361768,CTY-00009,2021-05-11
CUS-210511002,Wawan,Mardi,Male,wawan.mardi1125@outlook.com,089865841768,CTY-00008,2021-05-11
CUS-210511003,Syafiq,Kusuma,Male,syafiq.kusuma1126@gmail.com,089227388330,CTY-00006,2021-05-11
CUS-210513001,Aris,Doni,Male,aris.doni1127@hotmail.com,083803399820,CTY-00005,2021-05-13
CUS-210513002,Wibowo,Firman,Male,wibowo.firman1128@gmail.com,083773967039,CTY-00005,2021-05-13
CUS-210516001,Sandy,Tobar,Male,sandy.tobar1129@yahoo.com,082297417734,CTY-00003,2021-05-16
CUS-210516002,Yosep,Ramadhan,Male,yosep.ramadhan1130@icloud.com,089837563273,CTY-00010,2021-05-16
CUS-210517001,Elina,Nabila,Female,elina.nabila1131@hotmail.com,082085640414,CTY-00010,2021-05-17
CUS-210517002,Erma,Gaby,Female,erma.gaby1132@yahoo.com,081629307614,CTY-00003,2021-05-17
CUS-210517003,Isna,Anindya,Female,isna.anindya1133@outlook.com,087022775578,CTY-00002,2021-05-17
CUS-210520001,Eva,Indah,Female,eva.indah1134@icloud.com,086742148585,CTY-00008,2021-05-20
CUS-210520002,Maimunah,Astrid,Female,maimunah.astrid1135@icloud.com,086597015753,CTY-00006,2021-05-20
CUS-210520003,Wibawa,Hendri,Male,wibawa.hendri1136@yahoo.com,084377746524,CTY-00005,2021-05-20
CUS-210521001,Ardi,Rangga,Male,ardi.rangga1137@outlook.com,089259659380,CTY-00009,2021-05-21
CUS-210521002,Aji,Rama,Male,aji.rama1138@icloud.com,081957552073,CTY-00009,2021-05-21
CUS-210521003,Dinda,Leni,Female,dinda.leni1139@outlook.com,083016745259,CTY-00003,2021-05-21
CUS-210522001,Oki,Gading,Male,oki.gading1140@hotmail.com,082245786901,CTY-00002,2021-05-22
CUS-210522002,Damanik,Chika,Female,damanik.chika1141@outlook.com,082853408754,CTY-00001,2021-05-22
CUS-210522003,Darma,Andi,Male,darma.andi1142@gmail.com,087528055674,CTY-00004,2021-05-22
CUS-210524001,Chesa,Mellisa,Female,chesa.mellisa1143@yahoo.com,089982684430,CTY-00010,2021-05-24
CUS-210524002,Sabbar,Dian,Male,sabbar.dian1144@yahoo.com,087510068482,CTY-00003,2021-05-24
CUS-210525001,Nia,Istri,Female,nia.istri1145@yahoo.com,083386737344,CTY-00008,2021-05-25
CUS-210525002,Astiti,Asmira,Female,astiti.asmira1146@hotmail.com,089749958193,CTY-00010,2021-05-25
CUS-210526001,Cempaka,Kasih,Female,cempaka.kasih1147@hotmail.com,087125303255,CTY-00004,2021-05-26
CUS-210526002,Ramadhan,Hafiz,Male,ramadhan.hafiz1148@outlook.com,084613241548,CTY-00002,2021-05-26
CUS-210526003,Galuh,Ningsih,Female,galuh.ningsih1149@gmail.com,083040890707,CTY-00001,2021-05-26
CUS-210528001,Roni,Bagas,Male,roni.bagas1150@yahoo.com,088471660630,CTY-00007,2021-05-28
CUS-210528002,Mahesa,Danang,Male,mahesa.danang1151@icloud.com,083020383539,CTY-00010,2021-05-28
CUS-210529001,Nadia,Dewi,Female,nadia.dewi1152@yahoo.com,083230553030,CTY-00004,2021-05-29
CUS-210530001,Huda,Galih,Male,huda.galih1153@yahoo.com,087528011373,CTY-00003,2021-05-30
CUS-210531001,Dedi,Arga,Male,dedi.arga1154@hotmail.com,084982347968,CTY-00001,2021-05-31
CUS-210531002,Hamzah,Zul,Male,hamzah.zul1155@gmail.com,087128276084,CTY-00010,2021-05-31
CUS-210601001,Lestari,Laksmi,Female,lestari.laksmi1156@gmail.com,088301461696,CTY-00010,2021-06-01
CUS-210602001,Darma,Huda,Male,darma.huda1157@outlook.com,084899400390,CTY-00006,2021-06-02
CUS-210602002,Anindya,Elisabeth,Female,anindya.elisabeth1158@yahoo.com,088659138726,CTY-00001,2021-06-02
CUS-210602003,Indah,Lela,Female,indah.lela1159@hotmail.com,087055835104,CTY-00007,2021-06-02
CUS-210602004,Raja,Untung,Male,raja.untung1160@outlook.com,089832871006,CTY-00008,2021-06-02
CUS-210603001,Untung,Rikky,Male,untung.rikky1161@yahoo.com,083167715641,CTY-00002,2021-06-03
CUS-210605001,Eka,Ardhia,Female,eka.ardhia1162@yahoo.com,087212173160,CTY-00005,2021-06-05
CUS-210607001,Dedi,Luki,Male,dedi.luki1163@hotmail.com,088838967056,CTY-00010,2021-06-07
CUS-210609001,Dedi,Panji,Male,dedi.panji1164@hotmail.com,085584830104,CTY-00007,2021-06-09
CUS-210609002,Berlian,Melati,Female,berlian.melati1165@outlook.com,088294198596,CTY-00006,2021-06-09
CUS-210610001,Nurul,Endang,Female,nurul.endang1166@outlook.com,081765923969,CTY-00007,2021-06-10
CUS-210610002,Nina,Haniyah,Female,nina.haniyah1167@icloud.com,085717294912,CTY-00008,2021-06-10
CUS-210610003,Eka,Fifi,Female,eka.fifi1168@icloud.com,087702243805,CTY-00003,2021-06-10
CUS-210611001,Maulana,Andre,Male,maulana.andre1169@yahoo.com,085273451545,CTY-00004,2021-06-11
CUS-210611002,Melia,Eva,Female,melia.eva1170@yahoo.com,087373245143,CTY-00003,2021-06-11
CUS-210611003,Ayu,Ika,Female,ayu.ika1171@icloud.com,085153130911,CTY-00004,2021-06-11
CUS-210611004,Supri,Hambali,Male,supri.hambali1172@icloud.com,086185313408,CTY-00003,2021-06-11
CUS-210612001,Danila,Lita,Female,danila.lita1173@outlook.com,088096090776,CTY-00009,2021-06-12
CUS-210612002,Hadi,Roni,Male,hadi.roni1174@hotmail.com,084490592727,CTY-00001,2021-06-12
CUS-210613001,Arsita,Atsilah,Female,arsita.atsilah1175@hotmail.com,087678982963,CTY-00009,2021-06-13
CUS-210614001,Jody,Ramadhan,Male,jody.ramadhan1176@gmail.com,089165484514,CTY-00009,2021-06-14
CUS-210615001,Fransiska,Linda,Female,fransiska.linda1177@gmail.com,086784529816,CTY-00006,2021-06-15
CUS-210616001,Ismail,Ridik,Male,ismail.ridik1178@yahoo.com,087538402711,CTY-00004,2021-06-16
CUS-210617001,Bahar,Gilang,Male,bahar.gilang1179@outlook.com,082953131470,CTY-00001,2021-06-17
CUS-210617002,Bima,Angga,Male,bima.angga1180@icloud.com,083935256806,CTY-00001,2021-06-17
CUS-210618001,Aida,Irma,Female,aida.irma1181@hotmail.com,083112597384,CTY-00006,2021-06-18
CUS-210619001,Mita,Fitria,Female,mita.fitria1182@yahoo.com,089734862531,CTY-00007,2021-06-19
CUS-210620001,Aura,Bella,Female,aura.bella1183@outlook.com,083168866344,CTY-00010,2021-06-20
CUS-210620002,Febi,Kartika,Female,febi.kartika1184@hotmail.com,083422812609,CTY-00008,2021-06-20
CUS-210620003,Irma,Mellisa,Female,irma.mellisa1185@outlook.com,082732483999,CTY-00009,2021-06-20
CUS-210620004,Nina,Endah,Female,nina.endah1186@icloud.com,087148010964,CTY-00010,2021-06-20
CUS-210620005,Mega,Bara,Male,mega.bara1187@icloud.com,081770594671,CTY-00005,2021-06-20
CUS-210621001,Dina,Dewi,Female,dina.dewi1188@icloud.com,086314962773,CTY-00008,2021-06-21
CUS-210621002,Endang,Arsita,Female,endang.arsita1189@gmail.com,089514744303,CTY-00009,2021-06-21
CUS-210624001,Naufal,Kusuma,Male,naufal.kusuma1190@gmail.com,084871478927,CTY-00003,2021-06-24
CUS-210624002,Desi,Lidia,Female,desi.lidia1191@gmail.com,084586791902,CTY-00008,2021-06-24
CUS-210625001,Sulaiman,Ryan,Male,sulaiman.ryan1192@icloud.com,089142975832,CTY-00007,2021-06-25
CUS-210626001,Ira,Asri,Female,ira.asri1193@gmail.com,083456701714,CTY-00001,2021-06-26
CUS-210627001,Basri,Subhan,Male,basri.subhan1194@outlook.com,088715839406,CTY-00010,2021-06-27
CUS-210627002,Zul,Mega,Male,zul.mega1195@icloud.com,083251324543,CTY-00003,2021-06-27
CUS-210628001,Suharto,Rahmad,Male,suharto.rahmad1196@gmail.com,085246605128,CTY-00006,2021-06-28
CUS-210628002,Kevin,Chua,Male,kevin.chua1197@hotmail.com,084989866252,CTY-00011,2021-06-28
CUS-210630001,Hesti,Nisa,Female,hesti.nisa1198@gmail.com,082744320872,CTY-00004,2021-06-30
CUS-210630002,Komalasari,Astrid,Female,komalasari.astrid1199@hotmail.com,082503573247,CTY-00007,2021-06-30
CUS-210630003,Dyah,Febri,Female,dyah.febri1200@yahoo.com,089487515584,CTY-00010,2021-06-30
CUS-210704001,Guntur,Husni,Male,guntur.husni1201@outlook.com,082500019519,CTY-00010,2021-07-04
CUS-210704002,Alya,Gisela,Female,alya.gisela1202@icloud.com,088990921849,CTY-00005,2021-07-04
CUS-210704003,Eka,Erni,Female,eka.erni1203@hotmail.com,082865484703,CTY-00003,2021-07-04
CUS-210705001,Dandi,Mahesa,Male,dandi.mahesa1204@icloud.com,081963202125,CTY-00007,2021-07-05
CUS-210705002,Irfan,Tito,Male,irfan.tito1205@hotmail.com,089847858992,CTY-00004,2021-07-05
CUS-210706001,Angelo,Santos,Male,angelo.santos1206@hotmail.com,089432705592,CTY-00014,2021-07-06
CUS-210706002,Ayu,Irmina,Female,ayu.irmina1207@yahoo.com,086464178853,CTY-00005,2021-07-06
CUS-210708001,Felicia,Arimbi,Female,felicia.arimbi1208@yahoo.com,083861702177,CTY-00004,2021-07-08
CUS-210708002,Panji,Endra,Male,panji.endra1209@hotmail.com,084093938555,CTY-00004,2021-07-08
CUS-210709001,Tito,Dewa,Male,tito.dewa1210@icloud.com,085760805003,CTY-00009,2021-07-09
CUS-210710001,Marta,Mellisa,Female,marta.mellisa1211@hotmail.com,083770770497,CTY-00010,2021-07-10
CUS-210710002,Mutiara,Laksmi,Female,mutiara.laksmi1212@hotmail.com,083251600563,CTY-00009,2021-07-10
CUS-210711001,Ghafar,Slamet,Male,ghafar.slamet1213@outlook.com,084893433073,CTY-00001,2021-07-11
CUS-210712001,Syarif,Idris,Male,syarif.idris1214@outlook.com,084211688300,CTY-00001,2021-07-12
CUS-210712002,Naufal,Pandu,Male,naufal.pandu1215@outlook.com,086021207866,CTY-00005,2021-07-12
CUS-210712003,Megawati,Gaby,Female,megawati.gaby1216@gmail.com,084119392516,CTY-00001,2021-07-12
CUS-210712004,Ilham,Luthfi,Male,ilham.luthfi1217@hotmail.com,081306701877,CTY-00002,2021-07-12
CUS-210713001,Apsari,Jasmine,Female,apsari.jasmine1218@hotmail.com,089550009396,CTY-00005,2021-07-13
CUS-210713002,Hery,Dian,Male,hery.dian1219@outlook.com,089029202829,CTY-00004,2021-07-13
CUS-210713003,Niken,Murni,Female,niken.murni1220@icloud.com,084790630893,CTY-00003,2021-07-13
CUS-210714001,Jenia,Eva,Female,jenia.eva1221@outlook.com,083188913586,CTY-00008,2021-07-14
CUS-210715001,Rio,Teguh,Male,rio.teguh1222@icloud.com,086385306104,CTY-00008,2021-07-15
CUS-210715002,Nadin,Arieska,Female,nadin.arieska1223@hotmail.com,088727758506,CTY-00003,2021-07-15
CUS-210715003,Erma,Hesti,Female,erma.hesti1224@hotmail.com,086468261509,CTY-00004,2021-07-15
CUS-210716001,Amelia,Dahlia,Female,amelia.dahlia1225@hotmail.com,086122514215,CTY-00002,2021-07-16
CUS-210716002,Aditya,Maulana,Male,aditya.maulana1226@yahoo.com,083897754940,CTY-00006,2021-07-16
CUS-210717001,Jessica,Lim,Female,jessica.lim1227@yahoo.com,088573849013,CTY-00011,2021-07-17
CUS-210718001,Bryan,Teo,Male,bryan.teo1228@gmail.com,084827168168,CTY-00011,2021-07-18
CUS-210720001,Lita,Elisabeth,Female,lita.elisabeth1229@yahoo.com,083032955741,CTY-00003,2021-07-20
CUS-210720002,Clara,Eva,Female,clara.eva1230@yahoo.com,082652024872,CTY-00010,2021-07-20
CUS-210721001,Untung,Ismail,Male,untung.ismail1231@outlook.com,082828511634,CTY-00005,2021-07-21
CUS-210722001,Anita,Fransiska,Female,anita.fransiska1232@gmail.com,086223170349,CTY-00006,2021-07-22
CUS-210722002,Edi,Yayat,Male,edi.yayat1233@outlook.com,088184777168,CTY-00003,2021-07-22
CUS-210723001,Dini,Aida,Female,dini.aida1234@outlook.com,085380723305,CTY-00009,2021-07-23
CUS-210724001,Belinda,Chesa,Female,belinda.chesa1235@outlook.com,089332432567,CTY-00007,2021-07-24
CUS-210724002,Kiki,Didi,Male,kiki.didi1236@hotmail.com,088073145337,CTY-00006,2021-07-24
CUS-210725001,Dandi,Zainal,Male,dandi.zainal1237@hotmail.com,081674755901,CTY-00006,2021-07-25
CUS-210725002,Galang,Miftah,Male,galang.miftah1238@gmail.com,089011415271,CTY-00001,2021-07-25
CUS-210725003,Guntur,Irfan,Male,guntur.irfan1239@outlook.com,089590515956,CTY-00004,2021-07-25
CUS-210727001,Monika,Astrid,Female,monika.astrid1240@hotmail.com,083337815330,CTY-00010,2021-07-27
CUS-210728001,Ayu,Elvira,Female,ayu.elvira1241@yahoo.com,085129348058,CTY-00003,2021-07-28
CUS-210728002,Juwita,Laura,Female,juwita.laura1242@icloud.com,089874261725,CTY-00007,2021-07-28
CUS-210728003,Erwin,Tio,Male,erwin.tio1243@outlook.com,083327182885,CTY-00008,2021-07-28
CUS-210728004,Lili,Melani,Female,lili.melani1244@gmail.com,081163273201,CTY-00008,2021-07-28
CUS-210729001,Nina,Jasmine,Female,nina.jasmine1245@yahoo.com,082247968863,CTY-00004,2021-07-29
CUS-210729002,Yoga,Teguh,Male,yoga.teguh1246@outlook.com,085639587013,CTY-00004,2021-07-29
CUS-210730001,Aurelia,Dyah,Female,aurelia.dyah1247@outlook.com,086611413212,CTY-00005,2021-07-30
CUS-210730002,Nur,Eris,Male,nur.eris1248@gmail.com,081155781254,CTY-00007,2021-07-30
CUS-210802001,Indri,Asti,Female,indri.asti1249@outlook.com,082487093425,CTY-00001,2021-08-02
CUS-210803001,Ginanjar,Eko,Male,ginanjar.eko1250@gmail.com,087198411858,CTY-00007,2021-08-03
CUS-210803002,Arieska,Diana,Female,arieska.diana1251@hotmail.com,085431936602,CTY-00002,2021-08-03
CUS-210804001,Fitria,Farida,Female,fitria.farida1252@outlook.com,088917618044,CTY-00002,2021-08-04
CUS-210805001,Gaby,Juliette,Female,gaby.juliette1253@icloud.com,082057798281,CTY-00009,2021-08-05
CUS-210805002,Mario,Maman,Male,mario.maman1254@icloud.com,081545687750,CTY-00009,2021-08-05
CUS-210805003,Kusuma,Ryan,Male,kusuma.ryan1255@yahoo.com,084163869286,CTY-00010,2021-08-05
CUS-210808001,Chong,Ahmad,Male,chong.ahmad1256@icloud.com,086794462053,CTY-00013,2021-08-08
CUS-210809001,Carl,Reyes,Male,carl.reyes1257@yahoo.com,083335446513,CTY-00014,2021-08-09
CUS-210809002,Bernadeth,Helena,Female,bernadeth.helena1258@yahoo.com,082974385941,CTY-00004,2021-08-09
CUS-210809003,Hanifah,Elisabeth,Female,hanifah.elisabeth1259@outlook.com,082230084590,CTY-00004,2021-08-09
CUS-210809004,Asmira,Mita,Female,asmira.mita1260@icloud.com,084480735546,CTY-00006,2021-08-09
CUS-210809005,Slamet,Syarif,Male,slamet.syarif1261@hotmail.com,085002207297,CTY-00002,2021-08-09
CUS-210810001,Dedi,Deri,Male,dedi.deri1262@icloud.com,084664825401,CTY-00005,2021-08-10
CUS-210810002,Grace,Ong,Female,grace.ong1263@outlook.com,083309616627,CTY-00011,2021-08-10
CUS-210811001,Irwan,Aldo,Male,irwan.aldo1264@icloud.com,083455152327,CTY-00007,2021-08-11
CUS-210811002,Eka,Fadhilah,Female,eka.fadhilah1265@icloud.com,081112092891,CTY-00009,2021-08-11
CUS-210812001,Kristina,Ayu,Female,kristina.ayu1266@yahoo.com,085001458170,CTY-00003,2021-08-12
CUS-210812002,Mira,Lestari,Female,mira.lestari1267@hotmail.com,088161085470,CTY-00006,2021-08-12
CUS-210813001,Dini,Galuh,Female,dini.galuh1268@icloud.com,081552792948,CTY-00008,2021-08-13
CUS-210814001,Imam,Arya,Male,imam.arya1269@yahoo.com,086100133035,CTY-00001,2021-08-14
CUS-210817001,Irwan,Wibowo,Male,irwan.wibowo1270@outlook.com,085082569138,CTY-00001,2021-08-17
CUS-210817002,Ayu,Erlina,Female,ayu.erlina1271@outlook.com,087350681992,CTY-00004,2021-08-17
CUS-210818001,Dina,Cantika,Female,dina.cantika1272@outlook.com,086246838916,CTY-00004,2021-08-18
CUS-210819001,Nanda,Dandi,Male,nanda.dandi1273@yahoo.com,087876227949,CTY-00008,2021-08-19
CUS-210819002,Dian,Oki,Male,dian.oki1274@yahoo.com,089189071082,CTY-00007,2021-08-19
CUS-210820001,Mario,Bintang,Male,mario.bintang1275@icloud.com,086705131954,CTY-00001,2021-08-20
CUS-210820002,Agung,Yunus,Male,agung.yunus1276@yahoo.com,082465920821,CTY-00006,2021-08-20
CUS-210820003,Gede,Cahyo,Male,gede.cahyo1277@icloud.com,082623826840,CTY-00005,2021-08-20
CUS-210821001,Bari,Rahmad,Male,bari.rahmad1278@icloud.com,089595221649,CTY-00008,2021-08-21
CUS-210821002,Bagas,Imam,Male,bagas.imam1279@icloud.com,083087211191,CTY-00010,2021-08-21
CUS-210822001,Asrul,Kiki,Male,asrul.kiki1280@outlook.com,087528258133,CTY-00008,2021-08-22
CUS-210823001,Leni,Fatimah,Female,leni.fatimah1281@outlook.com,086591632723,CTY-00003,2021-08-23
CUS-210823002,Kania,Elina,Female,kania.elina1282@icloud.com,089851542164,CTY-00006,2021-08-23
CUS-210824001,Endang,Irmagard,Female,endang.irmagard1283@outlook.com,082816859629,CTY-00007,2021-08-24
CUS-210825001,Jefri,Satya,Male,jefri.satya1284@gmail.com,087742300655,CTY-00001,2021-08-25
CUS-210825002,Putra,Ardi,Male,putra.ardi1285@outlook.com,082942021885,CTY-00009,2021-08-25
CUS-210825003,Leni,Daria,Female,leni.daria1286@gmail.com,082427605919,CTY-00006,2021-08-25
CUS-210826001,Sandy,Akbar,Male,sandy.akbar1287@gmail.com,084071920133,CTY-00004,2021-08-26
CUS-210828001,Kadir,Tohir,Male,kadir.tohir1288@hotmail.com,082064057568,CTY-00003,2021-08-28
CUS-210829001,Zaky,Kusuma,Male,zaky.kusuma1289@hotmail.com,083399644414,CTY-00007,2021-08-29
CUS-210829002,Zul,Anuar,Male,zul.anuar1290@icloud.com,083472188205,CTY-00005,2021-08-29
CUS-210829003,Ramadhan,Tobar,Male,ramadhan.tobar1291@hotmail.com,087593167281,CTY-00006,2021-08-29
CUS-210830001,Bambang,Deni,Male,bambang.deni1292@gmail.com,087601311549,CTY-00005,2021-08-30
CUS-210830002,Lidia,Dwi,Female,lidia.dwi1293@outlook.com,089056344609,CTY-00007,2021-08-30
CUS-210831001,Lita,Kusuma,Female,lita.kusuma1294@gmail.com,084383575938,CTY-00008,2021-08-31
CUS-210901001,Satria,Idris,Male,satria.idris1295@hotmail.com,083919475934,CTY-00006,2021-09-01
CUS-210902001,Naufal,Aldo,Male,naufal.aldo1296@hotmail.com,085962995652,CTY-00003,2021-09-02
CUS-210902002,Wahyu,Dwi,Male,wahyu.dwi1297@yahoo.com,081784079875,CTY-00005,2021-09-02
CUS-210902003,Raka,Damar,Male,raka.damar1298@hotmail.com,082731482042,CTY-00004,2021-09-02
CUS-210903001,Kusuma,Megawati,Female,kusuma.megawati1299@icloud.com,089598552646,CTY-00010,2021-09-03
CUS-210904001,Anuar,Imran,Male,anuar.imran1300@outlook.com,085095274974,CTY-00004,2021-09-04
CUS-210904002,Elisabeth,Marta,Female,elisabeth.marta1301@icloud.com,088050723746,CTY-00005,2021-09-04
CUS-210905001,Dyah,Liana,Female,dyah.liana1302@icloud.com,085005382138,CTY-00008,2021-09-05
CUS-210906001,Haniyah,Aurelia,Female,haniyah.aurelia1303@gmail.com,089163970051,CTY-00004,2021-09-06
CUS-210907001,Radit,Galih,Male,radit.galih1304@hotmail.com,089434358749,CTY-00004,2021-09-07
CUS-210907002,Evi,Nila,Female,evi.nila1305@gmail.com,089841851292,CTY-00003,2021-09-07
CUS-210908001,Maulana,Endra,Male,maulana.endra1306@hotmail.com,089943623027,CTY-00005,2021-09-08
CUS-210908002,Darmastuti,Adinda,Female,darmastuti.adinda1307@hotmail.com,083559110472,CTY-00008,2021-09-08
CUS-210909001,Dafiz,Darma,Male,dafiz.darma1308@yahoo.com,082037355993,CTY-00003,2021-09-09
CUS-210909002,Rido,Bayu,Male,rido.bayu1309@outlook.com,081072148436,CTY-00006,2021-09-09
CUS-210910001,Bella,Basagita,Female,bella.basagita1310@icloud.com,081037105453,CTY-00004,2021-09-10
CUS-210910002,Amirul,Raj,Male,amirul.raj1311@outlook.com,082795245794,CTY-00012,2021-09-10
CUS-210910003,Lukman,Hambali,Male,lukman.hambali1312@yahoo.com,084608607374,CTY-00006,2021-09-10
CUS-210910004,Arsita,Aura,Female,arsita.aura1313@yahoo.com,084895556084,CTY-00001,2021-09-10
CUS-210911001,Dinda,Ita,Female,dinda.ita1314@yahoo.com,084988562684,CTY-00008,2021-09-11
CUS-210912001,Sunandar,Sujatmiko,Male,sunandar.sujatmiko1315@gmail.com,081002685287,CTY-00002,2021-09-12
CUS-210912002,Gita,Antonia,Female,gita.antonia1316@gmail.com,085088447070,CTY-00006,2021-09-12
CUS-210913001,Dedi,Bari,Male,dedi.bari1317@outlook.com,086650052543,CTY-00008,2021-09-13
CUS-210913002,Candra,Tomy,Male,candra.tomy1318@yahoo.com,082968584741,CTY-00003,2021-09-13
CUS-210914001,Amira,Melinda,Female,amira.melinda1319@yahoo.com,083228683298,CTY-00001,2021-09-14
CUS-210914002,Komalasari,Grace,Female,komalasari.grace1320@icloud.com,082591659836,CTY-00007,2021-09-14
CUS-210914003,Ita,Maya,Female,ita.maya1321@gmail.com,081680275306,CTY-00001,2021-09-14
CUS-210915001,Wibowo,Husni,Male,wibowo.husni1322@outlook.com,081198490287,CTY-00010,2021-09-15
CUS-210915002,Ardhia,Gayatry,Female,ardhia.gayatry1323@icloud.com,086266987901,CTY-00006,2021-09-15
CUS-210915003,Husni,Erwin,Male,husni.erwin1324@icloud.com,083254670539,CTY-00001,2021-09-15
CUS-210915004,Gede,Cahyo,Male,gede.cahyo1325@yahoo.com,085931393889,CTY-00008,2021-09-15
CUS-210916001,Bima,Galih,Male,bima.galih1326@gmail.com,089727302847,CTY-00008,2021-09-16
CUS-210916002,Zaki,Kusuma,Male,zaki.kusuma1327@yahoo.com,088222860301,CTY-00008,2021-09-16
CUS-210917001,Muhammad,Nanda,Male,muhammad.nanda1328@icloud.com,088712613668,CTY-00007,2021-09-17
CUS-210918001,Idris,Iwan,Male,idris.iwan1329@hotmail.com,086691219056,CTY-00004,2021-09-18
CUS-210918002,Untung,Yuda,Male,untung.yuda1330@icloud.com,088686751826,CTY-00004,2021-09-18
CUS-210918003,Indra,Wira,Male,indra.wira1331@yahoo.com,087967149740,CTY-00010,2021-09-18
CUS-210918004,Ikhsan,Purnomo,Male,ikhsan.purnomo1332@icloud.com,088010753017,CTY-00005,2021-09-18
CUS-210919001,Darmastuti,Mutia,Female,darmastuti.mutia1333@icloud.com,088326239284,CTY-00001,2021-09-19
CUS-210919002,Belinda,Nofi,Female,belinda.nofi1334@yahoo.com,083830250070,CTY-00008,2021-09-19
CUS-210920001,Kartini,Alya,Female,kartini.alya1335@gmail.com,085747325123,CTY-00002,2021-09-20
CUS-210921001,Danila,Marta,Female,danila.marta1336@outlook.com,081357821502,CTY-00006,2021-09-21
CUS-210921002,Elisabeth,Dian,Female,elisabeth.dian1337@outlook.com,082377882485,CTY-00003,2021-09-21
CUS-210921003,Yoga,Fauzan,Male,yoga.fauzan1338@icloud.com,086115367480,CTY-00006,2021-09-21
CUS-210922001,Camille,Cruz,Female,camille.cruz1339@outlook.com,084942936212,CTY-00014,2021-09-22
CUS-210923001,Lili,Dinda,Female,lili.dinda1340@outlook.com,085752834571,CTY-00006,2021-09-23
CUS-210924001,Yadi,Bima,Male,yadi.bima1341@outlook.com,081102047712,CTY-00006,2021-09-24
CUS-210925001,Zaki,Dedi,Male,zaki.dedi1342@hotmail.com,089832038521,CTY-00006,2021-09-25
CUS-210925002,Arga,Dwi,Male,arga.dwi1343@yahoo.com,089823930055,CTY-00009,2021-09-25
CUS-210925003,Wibawa,Wira,Male,wibawa.wira1344@hotmail.com,085628158222,CTY-00008,2021-09-25
CUS-210925004,Fitri,Della,Female,fitri.della1345@icloud.com,088302402092,CTY-00009,2021-09-25
CUS-210926001,Gibran,Junaedi,Male,gibran.junaedi1346@outlook.com,084696517171,CTY-00004,2021-09-26
CUS-210928001,Desi,Arini,Female,desi.arini1347@gmail.com,081268013422,CTY-00010,2021-09-28
CUS-210928002,Isna,Melati,Female,isna.melati1348@hotmail.com,081448483514,CTY-00002,2021-09-28
CUS-210929001,Cempaka,Linda,Female,cempaka.linda1349@icloud.com,086140416077,CTY-00009,2021-09-29
CUS-210929002,Galang,Wira,Male,galang.wira1350@outlook.com,085147453639,CTY-00010,2021-09-29
CUS-211001001,Irmagard,Juwita,Female,irmagard.juwita1351@yahoo.com,083298987631,CTY-00010,2021-10-01
CUS-211001002,Cokro,Robby,Male,cokro.robby1352@outlook.com,086280262273,CTY-00006,2021-10-01
CUS-211002001,Mulyadi,Dafiz,Male,mulyadi.dafiz1353@icloud.com,088169661548,CTY-00007,2021-10-02
CUS-211002002,Dwi,Tobar,Male,dwi.tobar1354@yahoo.com,086550653886,CTY-00006,2021-10-02
CUS-211002003,Ika,Dilla,Female,ika.dilla1355@outlook.com,089312650969,CTY-00008,2021-10-02
CUS-211003001,Hery,Aditya,Male,hery.aditya1356@yahoo.com,082985915335,CTY-00008,2021-10-03
CUS-211003002,Chika,Ita,Female,chika.ita1357@outlook.com,083110903207,CTY-00002,2021-10-03
CUS-211003003,Elisa,Gaby,Female,elisa.gaby1358@hotmail.com,083714198292,CTY-00003,2021-10-03
CUS-211003004,Agung,Baskara,Male,agung.baskara1359@outlook.com,084267628761,CTY-00009,2021-10-03
CUS-211004001,Laras,Amelia,Female,laras.amelia1360@outlook.com,082862220046,CTY-00005,2021-10-04
CUS-211005001,Basagita,Dika,Female,basagita.dika1361@gmail.com,087579299714,CTY-00006,2021-10-05
CUS-211005002,Kartika,Klara,Female,kartika.klara1362@hotmail.com,086168918709,CTY-00006,2021-10-05
CUS-211005003,Sandy,Gilang,Male,sandy.gilang1363@yahoo.com,086306612803,CTY-00003,2021-10-05
CUS-211006001,Aura,Nina,Female,aura.nina1364@outlook.com,086228945645,CTY-00006,2021-10-06
CUS-211007001,Gilang,Indra,Male,gilang.indra1365@hotmail.com,087454012341,CTY-00010,2021-10-07
CUS-211007002,Deswita,Annisa,Female,deswita.annisa1366@hotmail.com,089572746203,CTY-00003,2021-10-07
CUS-211007003,Ermina,Istri,Female,ermina.istri1367@icloud.com,084979729897,CTY-00010,2021-10-07
CUS-211007004,Gisela,Hani,Female,gisela.hani1368@yahoo.com,083269101642,CTY-00001,2021-10-07
CUS-211008001,Astiti,Lela,Female,astiti.lela1369@outlook.com,083353631054,CTY-00008,2021-10-08
CUS-211008002,Yanto,Anto,Male,yanto.anto1370@gmail.com,089645270797,CTY-00009,2021-10-08
CUS-211008003,Zaki,Raihan,Male,zaki.raihan1371@yahoo.com,083225607326,CTY-00009,2021-10-08
CUS-211009001,Gede,Hamzah,Male,gede.hamzah1372@hotmail.com,084259232994,CTY-00005,2021-10-09
CUS-211012001,Wibowo,Cahyo,Male,wibowo.cahyo1373@yahoo.com,088293436973,CTY-00010,2021-10-12
CUS-211013001,Subhan,Risman,Male,subhan.risman1374@outlook.com,086566714009,CTY-00004,2021-10-13
CUS-211013002,Lusia,Ester,Female,lusia.ester1375@yahoo.com,089193333493,CTY-00010,2021-10-13
CUS-211014001,Fadli,Sunandar,Male,fadli.sunandar1376@outlook.com,083263244901,CTY-00007,2021-10-14
CUS-211014002,Andi,Yunus,Male,andi.yunus1377@icloud.com,085276600922,CTY-00004,2021-10-14
CUS-211015001,Hafiz,Rudy,Male,hafiz.rudy1378@outlook.com,086895914854,CTY-00006,2021-10-15
CUS-211016001,Maulana,Zaky,Male,maulana.zaky1379@outlook.com,083969694119,CTY-00006,2021-10-16
CUS-211016002,Febi,Mira,Female,febi.mira1380@gmail.com,082241614487,CTY-00006,2021-10-16
CUS-211017001,Eva,Lili,Female,eva.lili1381@yahoo.com,089259843941,CTY-00004,2021-10-17
CUS-211017002,Ima,Bintang,Female,ima.bintang1382@outlook.com,082282560038,CTY-00004,2021-10-17
CUS-211018001,Ginanjar,Bahar,Male,ginanjar.bahar1383@yahoo.com,083797596494,CTY-00007,2021-10-18
CUS-211019001,Ardi,Raja,Male,ardi.raja1384@outlook.com,086829212421,CTY-00007,2021-10-19
CUS-211020001,Amirul,Tan,Male,amirul.tan1385@hotmail.com,085559132294,CTY-00012,2021-10-20
CUS-211020002,Dimas,Fajar,Male,dimas.fajar1386@icloud.com,082093725892,CTY-00004,2021-10-20
CUS-211021001,Febi,Lili,Female,febi.lili1387@outlook.com,085664489045,CTY-00006,2021-10-21
CUS-211021002,Melinda,Dahlia,Female,melinda.dahlia1388@yahoo.com,081919979154,CTY-00008,2021-10-21
CUS-211021003,Damar,Sigit,Male,damar.sigit1389@gmail.com,088347299476,CTY-00005,2021-10-21
CUS-211021004,Faris,Arya,Male,faris.arya1390@hotmail.com,084818539315,CTY-00003,2021-10-21
CUS-211022001,Lela,Karin,Female,lela.karin1391@icloud.com,083925454319,CTY-00009,2021-10-22
CUS-211022002,Adinda,Fitria,Female,adinda.fitria1392@yahoo.com,085286974052,CTY-00006,2021-10-22
CUS-211023001,Debora,Lativa,Female,debora.lativa1393@gmail.com,082174028155,CTY-00010,2021-10-23
CUS-211023002,Julia,Erma,Female,julia.erma1394@outlook.com,086934288457,CTY-00007,2021-10-23
CUS-211024001,Agung,Luthfi,Male,agung.luthfi1395@yahoo.com,085820488202,CTY-00010,2021-10-24
CUS-211024002,Samantha,Torres,Female,samantha.torres1396@hotmail.com,085147196972,CTY-00014,2021-10-24
CUS-211025001,Nia,Klara,Female,nia.klara1397@outlook.com,081513200257,CTY-00006,2021-10-25
CUS-211026001,Dina,Habsah,Female,dina.habsah1398@hotmail.com,087718532329,CTY-00005,2021-10-26
CUS-211026002,Raka,Marwan,Male,raka.marwan1399@outlook.com,087973682662,CTY-00006,2021-10-26
CUS-211027001,Fajar,Rudy,Male,fajar.rudy1400@gmail.com,085268145520,CTY-00008,2021-10-27
CUS-211027002,Indira,Farida,Female,indira.farida1401@icloud.com,085251468154,CTY-00002,2021-10-27
CUS-211028001,Nadia,Hanifah,Female,nadia.hanifah1402@icloud.com,081125539759,CTY-00010,2021-10-28
CUS-211031001,Arif,Nasser,Male,arif.nasser1403@outlook.com,088245523940,CTY-00005,2021-10-31
CUS-211101001,Jason,Lim,Male,jason.lim1404@yahoo.com,089168447713,CTY-00011,2021-11-01
CUS-211101002,Panji,Wira,Male,panji.wira1405@gmail.com,087871182459,CTY-00009,2021-11-01
CUS-211102001,Sujatmiko,Raihan,Male,sujatmiko.raihan1406@yahoo.com,084370351781,CTY-00002,2021-11-02
CUS-211102002,Mutiara,Monika,Female,mutiara.monika1407@icloud.com,088161494796,CTY-00008,2021-11-02
CUS-211102003,Ikhsan,Yudhi,Male,ikhsan.yudhi1408@yahoo.com,082593478587,CTY-00007,2021-11-02
CUS-211102004,Lina,Diana,Female,lina.diana1409@outlook.com,081484249760,CTY-00007,2021-11-02
CUS-211102005,Rahmad,Rian,Male,rahmad.rian1410@yahoo.com,083375078620,CTY-00005,2021-11-02
CUS-211104001,Suharto,Husni,Male,suharto.husni1411@hotmail.com,084381494622,CTY-00004,2021-11-04
CUS-211104002,Fransiska,Basagita,Female,fransiska.basagita1412@outlook.com,082196490465,CTY-00010,2021-11-04
CUS-211105001,Lativa,Hesti,Female,lativa.hesti1413@gmail.com,081892126093,CTY-00001,2021-11-05
CUS-211106001,Galih,Didi,Male,galih.didi1414@hotmail.com,089283092463,CTY-00007,2021-11-06
CUS-211106002,Arif,Rangga,Male,arif.rangga1415@yahoo.com,086716645705,CTY-00005,2021-11-06
CUS-211106003,Muhammad,Eris,Male,muhammad.eris1416@icloud.com,084850574230,CTY-00002,2021-11-06
CUS-211107001,Antonia,Lela,Female,antonia.lela1417@outlook.com,085869240247,CTY-00004,2021-11-07
CUS-211108001,Andi,Laksmana,Male,andi.laksmana1418@hotmail.com,087292218352,CTY-00004,2021-11-08
CUS-211109001,Ika,Astrid,Female,ika.astrid1419@yahoo.com,086194089301,CTY-00005,2021-11-09
CUS-211110001,Isna,Mirna,Female,isna.mirna1420@gmail.com,087089932163,CTY-00005,2021-11-10
CUS-211111001,Eka,Wira,Male,eka.wira1421@icloud.com,084277939261,CTY-00010,2021-11-11
CUS-211111002,Elena,Arieska,Female,elena.arieska1422@gmail.com,082197837969,CTY-00010,2021-11-11
CUS-211112001,Aura,Antonia,Female,aura.antonia1423@outlook.com,087723727309,CTY-00001,2021-11-12
CUS-211116001,Kasih,Kartini,Female,kasih.kartini1424@gmail.com,089306704381,CTY-00009,2021-11-16
CUS-211116002,Gani,Ichsan,Male,gani.ichsan1425@hotmail.com,083880117726,CTY-00008,2021-11-16
CUS-211116003,Gita,Lili,Female,gita.lili1426@yahoo.com,089273922315,CTY-00001,2021-11-16
CUS-211117001,Sarah,Lee,Female,sarah.lee1427@hotmail.com,086361071400,CTY-00012,2021-11-17
CUS-211119001,Gisela,Indri,Female,gisela.indri1428@yahoo.com,081536754570,CTY-00003,2021-11-19
CUS-211119002,Pradipa,Yudha,Male,pradipa.yudha1429@yahoo.com,084665948835,CTY-00002,2021-11-19
CUS-211120001,Hamzah,Basri,Male,hamzah.basri1430@icloud.com,081646121120,CTY-00001,2021-11-20
CUS-211120002,Aldo,Elang,Male,aldo.elang1431@yahoo.com,086978309832,CTY-00007,2021-11-20
CUS-211121001,Angel,Flores,Female,angel.flores1432@icloud.com,086959359408,CTY-00014,2021-11-21
CUS-211121002,Yosep,Baskara,Male,yosep.baskara1433@outlook.com,082066380696,CTY-00007,2021-11-21
CUS-211121003,Laksmi,Dahlia,Female,laksmi.dahlia1434@gmail.com,085234851337,CTY-00005,2021-11-21
CUS-211123001,Prabowo,Yadi,Male,prabowo.yadi1435@yahoo.com,085348602441,CTY-00002,2021-11-23
CUS-211123002,Rian,Sandy,Male,rian.sandy1436@outlook.com,088730049462,CTY-00006,2021-11-23
CUS-211124001,Faris,Dian,Male,faris.dian1437@outlook.com,086256238806,CTY-00005,2021-11-24
CUS-211124002,Ridik,Hendra,Male,ridik.hendra1438@hotmail.com,089074577624,CTY-00003,2021-11-24
CUS-211124003,Kartini,Farah,Female,kartini.farah1439@yahoo.com,089362360827,CTY-00005,2021-11-24
CUS-211125001,Nurdin,Tio,Male,nurdin.tio1440@icloud.com,087465688679,CTY-00002,2021-11-25
CUS-211126001,Dina,Diana,Female,dina.diana1441@gmail.com,087841776823,CTY-00004,2021-11-26
CUS-211126002,Erma,Monika,Female,erma.monika1442@gmail.com,081007764930,CTY-00002,2021-11-26
CUS-211126003,Kusuma,Bintang,Male,kusuma.bintang1443@hotmail.com,089168013466,CTY-00008,2021-11-26
CUS-211127001,Misbah,Darma,Male,misbah.darma1444@hotmail.com,088735178445,CTY-00005,2021-11-27
CUS-211128001,Helena,Arsita,Female,helena.arsita1445@yahoo.com,086565913549,CTY-00005,2021-11-28
CUS-211128002,Untung,Rifky,Male,untung.rifky1446@outlook.com,083301590591,CTY-00010,2021-11-28
CUS-211128003,Bari,Hambali,Male,bari.hambali1447@hotmail.com,088967657760,CTY-00010,2021-11-28
CUS-211128004,Arie,Pandu,Male,arie.pandu1448@hotmail.com,084207954646,CTY-00010,2021-11-28
CUS-211129001,Aji,Mulyadi,Male,aji.mulyadi1449@hotmail.com,084778873999,CTY-00003,2021-11-29
CUS-211129002,Yogi,Sandy,Male,yogi.sandy1450@yahoo.com,081107522693,CTY-00004,2021-11-29
CUS-211202001,Fadli,Ikhsan,Male,fadli.ikhsan1451@outlook.com,083544905495,CTY-00002,2021-12-02
CUS-211204001,Bulan,Laura,Female,bulan.laura1452@outlook.com,083907721353,CTY-00010,2021-12-04
CUS-211205001,Munir,Sandy,Male,munir.sandy1453@gmail.com,089042411911,CTY-00001,2021-12-05
CUS-211207001,Luthfi,Huda,Male,luthfi.huda1454@icloud.com,082014291209,CTY-00003,2021-12-07
CUS-211208001,Mahesa,Pandu,Male,mahesa.pandu1455@gmail.com,082837323961,CTY-00001,2021-12-08
CUS-211209001,Aditya,Dafiz,Male,aditya.dafiz1456@hotmail.com,085635466227,CTY-00004,2021-12-09
CUS-211209002,Ira,Nilam,Female,ira.nilam1457@gmail.com,088868937837,CTY-00010,2021-12-09
CUS-211210001,Misbah,Taufik,Male,misbah.taufik1458@hotmail.com,085337999953,CTY-00005,2021-12-10
CUS-211211001,Raja,Oki,Male,raja.oki1459@gmail.com,081292789066,CTY-00004,2021-12-11
CUS-211211002,Amanda,Eni,Female,amanda.eni1460@hotmail.com,088263884608,CTY-00004,2021-12-11
CUS-211211003,Eris,Maulana,Male,eris.maulana1461@yahoo.com,084655947260,CTY-00006,2021-12-11
CUS-211212001,Nugroho,Aji,Male,nugroho.aji1462@icloud.com,081285476556,CTY-00007,2021-12-12
CUS-211216001,Risman,Robby,Male,risman.robby1463@yahoo.com,085500498268,CTY-00005,2021-12-16
CUS-211217001,Ginanjar,Subhan,Male,ginanjar.subhan1464@outlook.com,089113205175,CTY-00008,2021-12-17
CUS-211219001,Hapsari,Helena,Female,hapsari.helena1465@icloud.com,082444382224,CTY-00001,2021-12-19
CUS-211222001,Dedi,Aldo,Male,dedi.aldo1466@gmail.com,083061696476,CTY-00004,2021-12-22
CUS-211224001,Imran,Untung,Male,imran.untung1467@gmail.com,086086203122,CTY-00010,2021-12-24
CUS-211224002,Mita,Aurelia,Female,mita.aurelia1468@outlook.com,081673574386,CTY-00009,2021-12-24
CUS-211225001,Nila,Hanifah,Female,nila.hanifah1469@icloud.com,083697563083,CTY-00009,2021-12-25
CUS-211226001,Bagas,Widodo,Male,bagas.widodo1470@yahoo.com,086130693165,CTY-00008,2021-12-26
CUS-211226002,Agung,Hambali,Male,agung.hambali1471@yahoo.com,081952951894,CTY-00007,2021-12-26
CUS-211226003,Xin Yi,Goh,Female,xinyi.goh1472@hotmail.com,088302400360,CTY-00011,2021-12-26
CUS-211227001,Erni,Berlian,Female,erni.berlian1473@yahoo.com,088552550803,CTY-00007,2021-12-27
CUS-211227002,Jefri,Laksmana,Male,jefri.laksmana1474@gmail.com,087025931328,CTY-00006,2021-12-27
CUS-211228001,Megawati,Lusi,Female,megawati.lusi1475@yahoo.com,087255587575,CTY-00010,2021-12-28
CUS-211228002,Yogi,Wibawa,Male,yogi.wibawa1476@yahoo.com,083957393505,CTY-00010,2021-12-28
CUS-211228003,Dina,Meyli,Female,dina.meyli1477@gmail.com,085030200410,CTY-00010,2021-12-28
CUS-211229001,Dhika,Linda,Female,dhika.linda1478@outlook.com,082311012048,CTY-00005,2021-12-29
CUS-211230001,Bintang,Dwi,Female,bintang.dwi1479@hotmail.com,087534687378,CTY-00008,2021-12-30
CUS-211231001,Gilang,Tohir,Male,gilang.tohir1480@hotmail.com,087761766173,CTY-00009,2021-12-31
CUS-220101001,Rikky,Maulana,Male,rikky.maulana1481@hotmail.com,083769129581,CTY-00005,2022-01-01
CUS-220101002,Fahmi,Cokro,Male,fahmi.cokro1482@hotmail.com,086137443924,CTY-00005,2022-01-01
CUS-220102001,Rizki,Bagas,Male,rizki.bagas1483@gmail.com,089471283265,CTY-00001,2022-01-02
CUS-220102002,Bagus,Bari,Male,bagus.bari1484@icloud.com,087082642040,CTY-00007,2022-01-02
CUS-220102003,Agung,Hery,Male,agung.hery1485@outlook.com,089248643140,CTY-00009,2022-01-02
CUS-220103001,Nila,Julia,Female,nila.julia1486@hotmail.com,083483931265,CTY-00009,2022-01-03
CUS-220104001,Galuh,Fabian,Female,galuh.fabian1487@yahoo.com,088483171835,CTY-00007,2022-01-04
CUS-220105001,Yadi,Mahfud,Male,yadi.mahfud1488@yahoo.com,081516502237,CTY-00008,2022-01-05
CUS-220105002,Lestari,Amelia,Female,lestari.amelia1489@icloud.com,084505743349,CTY-00006,2022-01-05
CUS-220106001,Rifky,Dewa,Male,rifky.dewa1490@yahoo.com,082895395709,CTY-00009,2022-01-06
CUS-220107001,Galuh,Istri,Female,galuh.istri1491@icloud.com,089859440902,CTY-00006,2022-01-07
CUS-220107002,Fikri,Hendra,Male,fikri.hendra1492@outlook.com,083473492921,CTY-00001,2022-01-07
CUS-220108001,Nisa,Nadin,Female,nisa.nadin1493@icloud.com,089498766614,CTY-00007,2022-01-08
CUS-220108002,Rio,Yudha,Male,rio.yudha1494@yahoo.com,087530936175,CTY-00008,2022-01-08
CUS-220108003,Farah,Tan,Female,farah.tan1495@icloud.com,087191426434,CTY-00013,2022-01-08
CUS-220108004,Amelia,Lusia,Female,amelia.lusia1496@gmail.com,081856316596,CTY-00010,2022-01-08
CUS-220109001,Dika,Kristina,Female,dika.kristina1497@yahoo.com,084390209587,CTY-00001,2022-01-09
CUS-220110001,Ibrahim,Galih,Male,ibrahim.galih1498@hotmail.com,082199385473,CTY-00007,2022-01-10
CUS-220110002,Annisa,Gaby,Female,annisa.gaby1499@hotmail.com,084076259746,CTY-00006,2022-01-10
CUS-220111001,Ningsih,Kristina,Female,ningsih.kristina1500@outlook.com,089931865731,CTY-00008,2022-01-11
CUS-220112001,Fabian,Hanifah,Female,fabian.hanifah1501@gmail.com,085877283274,CTY-00004,2022-01-12
CUS-220112002,Dhika,Nila,Female,dhika.nila1502@yahoo.com,086735959948,CTY-00008,2022-01-12
CUS-220113001,Bara,Arya,Male,bara.arya1503@outlook.com,081247556618,CTY-00009,2022-01-13
CUS-220113002,Laura,Damanik,Female,laura.damanik1504@hotmail.com,087166222159,CTY-00009,2022-01-13
CUS-220114001,Cinta,Dinda,Female,cinta.dinda1505@outlook.com,089711572999,CTY-00004,2022-01-14
CUS-220115001,Yoga,Bima,Male,yoga.bima1506@hotmail.com,087606700736,CTY-00006,2022-01-15
CUS-220116001,Nabila,Gita,Female,nabila.gita1507@icloud.com,089468050565,CTY-00009,2022-01-16
CUS-220116002,Amanda,Irmagard,Female,amanda.irmagard1508@icloud.com,087112583886,CTY-00006,2022-01-16
CUS-220116003,Nadin,Jasmine,Female,nadin.jasmine1509@yahoo.com,087162873881,CTY-00010,2022-01-16
CUS-220116004,Liana,Erni,Female,liana.erni1510@icloud.com,084018020628,CTY-00010,2022-01-16
CUS-220116005,Erika,Azzahra,Female,erika.azzahra1511@gmail.com,082404939064,CTY-00009,2022-01-16
CUS-220117001,Kiki,Mulyadi,Male,kiki.mulyadi1512@icloud.com,083654079582,CTY-00006,2022-01-17
CUS-220117002,Fadli,Tomy,Male,fadli.tomy1513@outlook.com,085517786953,CTY-00002,2022-01-17
CUS-220117003,Citra,Fransiska,Female,citra.fransiska1514@gmail.com,081615438885,CTY-00005,2022-01-17
CUS-220117004,Sugeng,Fauzan,Male,sugeng.fauzan1515@outlook.com,082711840593,CTY-00008,2022-01-17
CUS-220118001,Panji,Bagus,Male,panji.bagus1516@hotmail.com,084199124938,CTY-00005,2022-01-18
CUS-220120001,Istri,Annisa,Female,istri.annisa1517@gmail.com,085793989385,CTY-00007,2022-01-20
CUS-220122001,Aditya,Basri,Male,aditya.basri1518@icloud.com,082889305622,CTY-00010,2022-01-22
CUS-220122002,Ismail,Bobi,Male,ismail.bobi1519@gmail.com,089042082304,CTY-00010,2022-01-22
CUS-220124001,Asti,Hastuti,Female,asti.hastuti1520@gmail.com,083858214066,CTY-00007,2022-01-24
CUS-220124002,Rahmat,Wijaya,Male,rahmat.wijaya1521@outlook.com,089590070576,CTY-00006,2022-01-24
CUS-220124003,Anindya,Haniyah,Female,anindya.haniyah1522@yahoo.com,086229382885,CTY-00009,2022-01-24
CUS-220126001,Rian,Bari,Male,rian.bari1523@gmail.com,089990171585,CTY-00002,2022-01-26
CUS-220126002,Imam,Galang,Male,imam.galang1524@gmail.com,088739788225,CTY-00003,2022-01-26
CUS-220126003,Wawan,Rio,Male,wawan.rio1525@icloud.com,085827114829,CTY-00004,2022-01-26
CUS-220126004,Citra,Megawati,Female,citra.megawati1526@outlook.com,088059908526,CTY-00007,2022-01-26
CUS-220127001,Cempaka,Bella,Female,cempaka.bella1527@hotmail.com,083465710406,CTY-00004,2022-01-27
CUS-220127002,Miguel,Ramos,Male,miguel.ramos1528@gmail.com,084243640106,CTY-00014,2022-01-27
CUS-220127003,Raja,Purnomo,Male,raja.purnomo1529@icloud.com,087697509402,CTY-00007,2022-01-27
CUS-220128001,Oktavian,Luki,Male,oktavian.luki1530@gmail.com,084285174729,CTY-00006,2022-01-28
CUS-220128002,Untung,Rafi,Male,untung.rafi1531@yahoo.com,089100795173,CTY-00003,2022-01-28
CUS-220131001,Elvira,Farida,Female,elvira.farida1532@hotmail.com,081031467425,CTY-00009,2022-01-31
CUS-220131002,Aris,Yudha,Male,aris.yudha1533@gmail.com,084711850469,CTY-00010,2022-01-31
CUS-220201001,Juwita,Indri,Female,juwita.indri1534@gmail.com,086509281365,CTY-00002,2022-02-01
CUS-220202001,Basagita,Fitria,Female,basagita.fitria1535@gmail.com,088739160163,CTY-00002,2022-02-02
CUS-220202002,Zaky,Wibowo,Male,zaky.wibowo1536@gmail.com,089345125113,CTY-00001,2022-02-02
CUS-220202003,Febi,Eni,Female,febi.eni1537@yahoo.com,081538981827,CTY-00004,2022-02-02
CUS-220204001,Faris,Fikri,Male,faris.fikri1538@hotmail.com,082943911524,CTY-00010,2022-02-04
CUS-220204002,Aldo,Naufal,Male,aldo.naufal1539@icloud.com,088437442528,CTY-00007,2022-02-04
CUS-220206001,Risman,Rifky,Male,risman.rifky1540@gmail.com,081801017847,CTY-00007,2022-02-06
CUS-220207001,Meyli,Dahlia,Female,meyli.dahlia1541@icloud.com,087703241035,CTY-00010,2022-02-07
CUS-220208001,Zaky,Raja,Male,zaky.raja1542@outlook.com,087929183756,CTY-00006,2022-02-08
CUS-220209001,Luki,Putra,Male,luki.putra1543@icloud.com,084293106245,CTY-00004,2022-02-09
CUS-220209002,Slamet,Bagas,Male,slamet.bagas1544@gmail.com,087658008289,CTY-00005,2022-02-09
CUS-220210001,Farah,Ismail,Female,farah.ismail1545@hotmail.com,086084761184,CTY-00012,2022-02-10
CUS-220210002,Dinda,Della,Female,dinda.della1546@gmail.com,082049177977,CTY-00004,2022-02-10
CUS-220210003,Kasih,Dina,Female,kasih.dina1547@icloud.com,084075507005,CTY-00007,2022-02-10
CUS-220212001,Jessica,Lee,Female,jessica.lee1548@icloud.com,088288089028,CTY-00011,2022-02-12
CUS-220212002,Apsari,Arisanti,Female,apsari.arisanti1549@outlook.com,084469521716,CTY-00005,2022-02-12
CUS-220213001,Dewi,Grace,Female,dewi.grace1550@yahoo.com,083686814968,CTY-00003,2022-02-13
CUS-220214001,Amirul,Chee,Male,amirul.chee1551@yahoo.com,084465744649,CTY-00012,2022-02-14
CUS-220215001,Robby,Sabbar,Male,robby.sabbar1552@gmail.com,087819511917,CTY-00006,2022-02-15
CUS-220216001,Dian,Galang,Male,dian.galang1553@hotmail.com,082912228837,CTY-00005,2022-02-16
CUS-220216002,Bara,Mahesa,Male,bara.mahesa1554@hotmail.com,085201400819,CTY-00009,2022-02-16
CUS-220217001,Dinda,Ermina,Female,dinda.ermina1555@gmail.com,087735723391,CTY-00010,2022-02-17
CUS-220217002,Subhan,Gading,Male,subhan.gading1556@yahoo.com,084962624016,CTY-00010,2022-02-17
CUS-220218001,Irfan,Edi,Male,irfan.edi1557@icloud.com,089779323308,CTY-00001,2022-02-18
CUS-220218002,Eva,Aulia,Female,eva.aulia1558@hotmail.com,088383248934,CTY-00007,2022-02-18
CUS-220219001,Luki,Eko,Male,luki.eko1559@icloud.com,085751159832,CTY-00010,2022-02-19
CUS-220219002,Fikri,Satria,Male,fikri.satria1560@gmail.com,084795103197,CTY-00004,2022-02-19
CUS-220219003,Yadi,Rizki,Male,yadi.rizki1561@yahoo.com,087880907684,CTY-00002,2022-02-19
CUS-220220001,Sunandar,Gede,Male,sunandar.gede1562@outlook.com,082452315719,CTY-00003,2022-02-20
CUS-220220002,Marwan,Ikhsan,Male,marwan.ikhsan1563@gmail.com,087659378846,CTY-00009,2022-02-20
CUS-220221001,Grace,Aslih,Female,grace.aslih1564@yahoo.com,081455703224,CTY-00004,2022-02-21
CUS-220221002,Ridik,Agus,Male,ridik.agus1565@gmail.com,087350085137,CTY-00007,2022-02-21
CUS-220221003,Lina,Dhika,Female,lina.dhika1566@hotmail.com,089314151176,CTY-00001,2022-02-21
CUS-220222001,Galih,Subhan,Male,galih.subhan1567@hotmail.com,085749135983,CTY-00006,2022-02-22
CUS-220223001,Atsilah,Nita,Female,atsilah.nita1568@gmail.com,088747516856,CTY-00002,2022-02-23
CUS-220223002,Lili,Cantika,Female,lili.cantika1569@hotmail.com,085307562594,CTY-00008,2022-02-23
CUS-220223003,Bunga,Hania,Female,bunga.hania1570@outlook.com,089092615235,CTY-00005,2022-02-23
CUS-220224001,Nur,Rizki,Male,nur.rizki1571@icloud.com,089444610930,CTY-00004,2022-02-24
CUS-220224002,Aris,Naufal,Male,aris.naufal1572@outlook.com,085363558860,CTY-00009,2022-02-24
CUS-220225001,Yudhi,Hendra,Male,yudhi.hendra1573@icloud.com,082526952000,CTY-00004,2022-02-25
CUS-220225002,Agus,Gede,Male,agus.gede1574@gmail.com,089921849836,CTY-00001,2022-02-25
CUS-220227001,Rudy,Pratama,Male,rudy.pratama1575@hotmail.com,084561077922,CTY-00006,2022-02-27
CUS-220227002,Leni,Chesa,Female,leni.chesa1576@yahoo.com,086820061630,CTY-00007,2022-02-27
CUS-220227003,Wibawa,Aji,Male,wibawa.aji1577@gmail.com,081309827639,CTY-00010,2022-02-27
CUS-220227004,Jody,Slamet,Male,jody.slamet1578@icloud.com,086162256929,CTY-00003,2022-02-27
CUS-220228001,Jason,Chua,Male,jason.chua1579@outlook.com,084755527479,CTY-00011,2022-02-28
CUS-220228002,Bunga,Bella,Female,bunga.bella1580@hotmail.com,083305489485,CTY-00009,2022-02-28
CUS-220301001,Gita,Jasmine,Female,gita.jasmine1581@hotmail.com,082430769538,CTY-00005,2022-03-01
CUS-220301002,Fina,Elsa,Female,fina.elsa1582@icloud.com,087042866325,CTY-00006,2022-03-01
CUS-220303001,Yogi,Panji,Male,yogi.panji1583@outlook.com,089710978751,CTY-00009,2022-03-03
CUS-220304001,Rangga,Ryan,Male,rangga.ryan1584@gmail.com,085525112825,CTY-00009,2022-03-04
CUS-220304002,Fatin,Abdullah,Female,fatin.abdullah1585@gmail.com,087831127647,CTY-00013,2022-03-04
CUS-220304003,Bagus,Tito,Male,bagus.tito1586@gmail.com,089023351737,CTY-00003,2022-03-04
CUS-220305001,Erlina,Citra,Female,erlina.citra1587@outlook.com,085158112382,CTY-00003,2022-03-05
CUS-220305002,Laksmana,Budi,Male,laksmana.budi1588@gmail.com,084221872986,CTY-00009,2022-03-05
CUS-220305003,Satya,Laksmana,Male,satya.laksmana1589@yahoo.com,085821214285,CTY-00010,2022-03-05
CUS-220305004,Wira,Nasser,Male,wira.nasser1590@gmail.com,082375506277,CTY-00009,2022-03-05
CUS-220305005,Rian,Deni,Male,rian.deni1591@gmail.com,088584571342,CTY-00008,2022-03-05
CUS-220307001,Yunus,Hadi,Male,yunus.hadi1592@outlook.com,082593190677,CTY-00006,2022-03-07
CUS-220307002,Dayu,Desi,Female,dayu.desi1593@yahoo.com,082981132810,CTY-00008,2022-03-07
CUS-220308001,Istri,Arisanti,Female,istri.arisanti1594@icloud.com,085502663746,CTY-00005,2022-03-08
CUS-220308002,Elina,Elisa,Female,elina.elisa1595@hotmail.com,083096113442,CTY-00006,2022-03-08
CUS-220309001,Arisanti,Juliana,Female,arisanti.juliana1596@hotmail.com,089883285615,CTY-00009,2022-03-09
CUS-220309002,Ginanjar,Hambali,Male,ginanjar.hambali1597@yahoo.com,089607065118,CTY-00005,2022-03-09
CUS-220309003,Dahlia,Asri,Female,dahlia.asri1598@icloud.com,087970506759,CTY-00002,2022-03-09
CUS-220311001,Melati,Farah,Female,melati.farah1599@yahoo.com,089047204014,CTY-00006,2022-03-11
CUS-220311002,Melinda,Erna,Female,melinda.erna1600@outlook.com,086350416770,CTY-00010,2022-03-11
CUS-220312001,Kartini,Dilla,Female,kartini.dilla1601@icloud.com,086792729054,CTY-00004,2022-03-12
CUS-220313001,Pandu,Dian,Male,pandu.dian1602@hotmail.com,082305458345,CTY-00003,2022-03-13
CUS-220314001,Dani,Tri,Male,dani.tri1603@gmail.com,083580516221,CTY-00003,2022-03-14
CUS-220314002,Ayu,Alya,Female,ayu.alya1604@hotmail.com,089262893080,CTY-00010,2022-03-14
CUS-220315001,Danish,Abdullah,Male,danish.abdullah1605@icloud.com,083024567743,CTY-00013,2022-03-15
CUS-220316001,Alya,Elisa,Female,alya.elisa1606@yahoo.com,089455474853,CTY-00004,2022-03-16
CUS-220316002,Yogi,Risman,Male,yogi.risman1607@outlook.com,086564898625,CTY-00002,2022-03-16
CUS-220316003,Yoga,Lukman,Male,yoga.lukman1608@gmail.com,085812709673,CTY-00009,2022-03-16
CUS-220316004,Alya,Basagita,Female,alya.basagita1609@hotmail.com,081994819610,CTY-00005,2022-03-16
CUS-220317001,Maman,Panji,Male,maman.panji1610@icloud.com,084585395465,CTY-00001,2022-03-17
CUS-220317002,Bunga,Ira,Female,bunga.ira1611@hotmail.com,087303977169,CTY-00004,2022-03-17
CUS-220317003,Hui Ling,Tay,Female,huiling.tay1612@outlook.com,089750971849,CTY-00011,2022-03-17
CUS-220317004,Lusia,Dahlia,Female,lusia.dahlia1613@outlook.com,082581374676,CTY-00010,2022-03-17
CUS-220317005,Farida,Fabian,Female,farida.fabian1614@outlook.com,081956125246,CTY-00002,2022-03-17
CUS-220318001,Hambali,Tomy,Male,hambali.tomy1615@icloud.com,085613076571,CTY-00007,2022-03-18
CUS-220319001,Novita,Chesa,Female,novita.chesa1616@icloud.com,083930135781,CTY-00007,2022-03-19
CUS-220319002,Baskara,Vino,Male,baskara.vino1617@hotmail.com,087075669999,CTY-00001,2022-03-19
CUS-220319003,Arga,Ginanjar,Male,arga.ginanjar1618@icloud.com,085051837139,CTY-00009,2022-03-19
CUS-220320001,Wahyu,Rifky,Male,wahyu.rifky1619@yahoo.com,085339324095,CTY-00010,2022-03-20
CUS-220321001,Prasetyo,Rudy,Male,prasetyo.rudy1620@gmail.com,086116070397,CTY-00007,2022-03-21
CUS-220321002,Hastuti,Melia,Female,hastuti.melia1621@yahoo.com,084887231335,CTY-00006,2022-03-21
CUS-220321003,Fahmi,Damar,Male,fahmi.damar1622@gmail.com,084710035063,CTY-00006,2022-03-21
CUS-220321004,Asrul,Deri,Male,asrul.deri1623@hotmail.com,089512045047,CTY-00001,2022-03-21
CUS-220322001,Marwan,Rikky,Male,marwan.rikky1624@gmail.com,087767644704,CTY-00002,2022-03-22
CUS-220323001,Setiawan,Hambali,Male,setiawan.hambali1625@hotmail.com,088263623540,CTY-00005,2022-03-23
CUS-220323002,Leni,Bulan,Female,leni.bulan1626@outlook.com,084013831720,CTY-00005,2022-03-23
CUS-220324001,Hesti,Darmastuti,Female,hesti.darmastuti1627@hotmail.com,087119823494,CTY-00010,2022-03-24
CUS-220324002,Sugeng,Galang,Male,sugeng.galang1628@gmail.com,089898761847,CTY-00005,2022-03-24
CUS-220324003,Grace,Haniyah,Female,grace.haniyah1629@outlook.com,084526339341,CTY-00002,2022-03-24
CUS-220325001,Nadia,Subramaniam,Female,nadia.subramaniam1630@icloud.com,088592847917,CTY-00012,2022-03-25
CUS-220325002,Luthfi,Mulyadi,Male,luthfi.mulyadi1631@yahoo.com,085120563429,CTY-00006,2022-03-25
CUS-220326001,Rio,Arga,Male,rio.arga1632@hotmail.com,082121420793,CTY-00002,2022-03-26
CUS-220327001,Linda,Lidia,Female,linda.lidia1633@icloud.com,087002157145,CTY-00003,2022-03-27
CUS-220328001,Prabowo,Hendri,Male,prabowo.hendri1634@yahoo.com,088227684961,CTY-00005,2022-03-28
CUS-220329001,Nurdin,Tomy,Male,nurdin.tomy1635@icloud.com,089303245123,CTY-00005,2022-03-29
CUS-220329002,Ayu,Lestari,Female,ayu.lestari1636@yahoo.com,085596991091,CTY-00005,2022-03-29
CUS-220329003,Andre,Rido,Male,andre.rido1637@icloud.com,086038961054,CTY-00007,2022-03-29
CUS-220330001,Antonia,Diana,Female,antonia.diana1638@icloud.com,085816103040,CTY-00009,2022-03-30
CUS-220330002,Lusi,Hesti,Female,lusi.hesti1639@icloud.com,084229304264,CTY-00007,2022-03-30
CUS-220330003,Lela,Melani,Female,lela.melani1640@outlook.com,085317508751,CTY-00005,2022-03-30
CUS-220331001,Gama,Dani,Male,gama.dani1641@icloud.com,087079559344,CTY-00005,2022-03-31
CUS-220401001,Amanda,Lusia,Female,amanda.lusia1642@yahoo.com,085103259878,CTY-00005,2022-04-01
CUS-220401002,Edi,Mardi,Male,edi.mardi1643@outlook.com,081111907151,CTY-00002,2022-04-01
CUS-220401003,Erwin,Hery,Male,erwin.hery1644@outlook.com,085938519356,CTY-00002,2022-04-01
CUS-220402001,Nadia,Meyli,Female,nadia.meyli1645@outlook.com,087212098284,CTY-00001,2022-04-02
CUS-220402002,Munir,Agus,Male,munir.agus1646@hotmail.com,084185831343,CTY-00009,2022-04-02
CUS-220402003,Eva,Dyah,Female,eva.dyah1647@hotmail.com,088783358856,CTY-00002,2022-04-02
CUS-220402004,Maya,Nila,Female,maya.nila1648@outlook.com,085686749706,CTY-00008,2022-04-02
CUS-220402005,Fadhilah,Erni,Female,fadhilah.erni1649@yahoo.com,083835161482,CTY-00009,2022-04-02
CUS-220403001,Sujatmiko,Darma,Male,sujatmiko.darma1650@icloud.com,084243000956,CTY-00010,2022-04-03
CUS-220403002,Komalasari,Maya,Female,komalasari.maya1651@yahoo.com,081720866942,CTY-00007,2022-04-03
CUS-220404001,Fatimah,Galuh,Female,fatimah.galuh1652@icloud.com,082335001119,CTY-00007,2022-04-04
CUS-220404002,Mulyadi,Rian,Male,mulyadi.rian1653@outlook.com,086596122365,CTY-00008,2022-04-04
CUS-220404003,Wijaya,Dandi,Male,wijaya.dandi1654@gmail.com,087770178541,CTY-00009,2022-04-04
CUS-220406001,Aurelia,Lidia,Female,aurelia.lidia1655@gmail.com,086947200105,CTY-00009,2022-04-06
CUS-220406002,Irma,Indira,Female,irma.indira1656@outlook.com,082647654989,CTY-00001,2022-04-06
CUS-220407001,Marlina,Cinta,Female,marlina.cinta1657@hotmail.com,085663941701,CTY-00005,2022-04-07
CUS-220407002,Jelita,Aslih,Female,jelita.aslih1658@outlook.com,082374253151,CTY-00005,2022-04-07
CUS-220408001,Ramadhan,Sunandar,Male,ramadhan.sunandar1659@hotmail.com,083498030021,CTY-00006,2022-04-08
CUS-220408002,Isha,Lee,Female,isha.lee1660@outlook.com,088467385311,CTY-00012,2022-04-08
CUS-220409001,Ayu,Anisa,Female,ayu.anisa1661@outlook.com,087823308435,CTY-00003,2022-04-09
CUS-220410001,Munir,Yadi,Male,munir.yadi1662@hotmail.com,089408990807,CTY-00004,2022-04-10
CUS-220410002,Chika,Hastuti,Female,chika.hastuti1663@outlook.com,087815653020,CTY-00009,2022-04-10
CUS-220411001,Erna,Atsilah,Female,erna.atsilah1664@yahoo.com,081418515958,CTY-00003,2022-04-11
CUS-220411002,Aji,Bara,Male,aji.bara1665@yahoo.com,089192029975,CTY-00009,2022-04-11
CUS-220413001,Fadli,Raka,Male,fadli.raka1666@icloud.com,089639688831,CTY-00009,2022-04-13
CUS-220413002,Asti,Istri,Female,asti.istri1667@hotmail.com,083047370974,CTY-00001,2022-04-13
CUS-220413003,Elisa,Daria,Female,elisa.daria1668@gmail.com,081891823553,CTY-00007,2022-04-13
CUS-220416001,Anita,Murni,Female,anita.murni1669@hotmail.com,085895688815,CTY-00010,2022-04-16
CUS-220417001,Teguh,Didi,Male,teguh.didi1670@hotmail.com,088782588258,CTY-00001,2022-04-17
CUS-220417002,Fikri,Raihan,Male,fikri.raihan1671@yahoo.com,082081573289,CTY-00004,2022-04-17
CUS-220417003,Bagas,Rizki,Male,bagas.rizki1672@yahoo.com,083666728627,CTY-00001,2022-04-17
CUS-220417004,Hadi,Basri,Male,hadi.basri1673@icloud.com,081302486415,CTY-00002,2022-04-17
CUS-220418001,Ismail,Dede,Male,ismail.dede1674@gmail.com,083106425136,CTY-00005,2022-04-18
CUS-220418002,Kadir,Dandi,Male,kadir.dandi1675@yahoo.com,087496596758,CTY-00010,2022-04-18
CUS-220418003,Azzahra,Emilia,Female,azzahra.emilia1676@hotmail.com,088423056248,CTY-00009,2022-04-18
CUS-220419001,Wibowo,Prasetyo,Male,wibowo.prasetyo1677@icloud.com,087451589294,CTY-00009,2022-04-19
CUS-220419002,Hadi,Yuda,Male,hadi.yuda1678@gmail.com,088897548753,CTY-00006,2022-04-19
CUS-220420001,Farah,Subramaniam,Female,farah.subramaniam1679@hotmail.com,081681489684,CTY-00013,2022-04-20
CUS-220420002,Elena,Erna,Female,elena.erna1680@outlook.com,085131411113,CTY-00009,2022-04-20
CUS-220421001,Prasetyo,Supri,Male,prasetyo.supri1681@gmail.com,088952911956,CTY-00006,2022-04-21
CUS-220421002,Mahesa,Baskara,Male,mahesa.baskara1682@icloud.com,088284584262,CTY-00009,2022-04-21
CUS-220421003,Wibawa,Dicky,Male,wibawa.dicky1683@gmail.com,087362645919,CTY-00003,2022-04-21
CUS-220421004,Setiawan,Cahyo,Male,setiawan.cahyo1684@gmail.com,087286776185,CTY-00004,2022-04-21
CUS-220423001,Nadia,Arimbi,Female,nadia.arimbi1685@hotmail.com,081614333805,CTY-00003,2022-04-23
CUS-220424001,Erwin,Indra,Male,erwin.indra1686@hotmail.com,088237926496,CTY-00005,2022-04-24
CUS-220424002,Syarif,Putra,Male,syarif.putra1687@yahoo.com,087755533238,CTY-00009,2022-04-24
CUS-220424003,Astrid,Irmina,Female,astrid.irmina1688@outlook.com,082423481186,CTY-00006,2022-04-24
CUS-220425001,Arie,Surya,Male,arie.surya1689@yahoo.com,084985803995,CTY-00010,2022-04-25
CUS-220426001,Asrul,Gatot,Male,asrul.gatot1690@outlook.com,083010551928,CTY-00004,2022-04-26
CUS-220427001,Ima,Dina,Female,ima.dina1691@outlook.com,082410700408,CTY-00004,2022-04-27
CUS-220428001,Leni,Chika,Female,leni.chika1692@hotmail.com,089910907929,CTY-00010,2022-04-28
CUS-220429001,Grace,Faiza,Female,grace.faiza1693@icloud.com,089458353624,CTY-00001,2022-04-29
CUS-220501001,Farah,Hassan,Female,farah.hassan1694@yahoo.com,081867534509,CTY-00013,2022-05-01
CUS-220501002,Gayatry,Hastuti,Female,gayatry.hastuti1695@outlook.com,088993253552,CTY-00008,2022-05-01
CUS-220501003,Roni,Ridik,Male,roni.ridik1696@yahoo.com,088563476854,CTY-00006,2022-05-01
CUS-220501004,Basagita,Fatimah,Female,basagita.fatimah1697@hotmail.com,087067727353,CTY-00003,2022-05-01
CUS-220502001,Dandi,Rahmat,Male,dandi.rahmat1698@hotmail.com,086620798511,CTY-00007,2022-05-02
CUS-220502002,Rio,Ghafar,Male,rio.ghafar1699@yahoo.com,082981978074,CTY-00007,2022-05-02
CUS-220502003,Yosep,Anuar,Male,yosep.anuar1700@hotmail.com,085466689463,CTY-00006,2022-05-02
CUS-220502004,Daria,Erika,Female,daria.erika1701@yahoo.com,085596876073,CTY-00008,2022-05-02
CUS-220502005,Putra,Hery,Male,putra.hery1702@yahoo.com,083635136875,CTY-00007,2022-05-02
CUS-220503001,Hery,Hamzah,Male,hery.hamzah1703@gmail.com,081352374116,CTY-00007,2022-05-03
CUS-220503002,Zainal,Rikky,Male,zainal.rikky1704@outlook.com,085511642417,CTY-00008,2022-05-03
CUS-220503003,Kristina,Kusuma,Female,kristina.kusuma1705@yahoo.com,085427776021,CTY-00004,2022-05-03
CUS-220504001,Hesti,Alya,Female,hesti.alya1706@icloud.com,082229818814,CTY-00005,2022-05-04
CUS-220504002,Aulia,Cempaka,Female,aulia.cempaka1707@hotmail.com,087966587829,CTY-00010,2022-05-04
CUS-220505001,Ramadhan,Deni,Male,ramadhan.deni1708@yahoo.com,089411441374,CTY-00001,2022-05-05
CUS-220506001,Fina,Mirna,Female,fina.mirna1709@yahoo.com,089266337010,CTY-00003,2022-05-06
CUS-220506002,Tito,Akbar,Male,tito.akbar1710@hotmail.com,082849359512,CTY-00004,2022-05-06
CUS-220506003,Fajar,Ghafar,Male,fajar.ghafar1711@hotmail.com,086723378646,CTY-00007,2022-05-06
CUS-220506004,Raihan,Ikhsan,Male,raihan.ikhsan1712@icloud.com,083462397318,CTY-00003,2022-05-06
CUS-220507001,Yanto,Dafiz,Male,yanto.dafiz1713@icloud.com,082267820917,CTY-00009,2022-05-07
CUS-220507002,Bobi,Zainal,Male,bobi.zainal1714@icloud.com,083120115289,CTY-00005,2022-05-07
CUS-220507003,Fahmi,Slamet,Male,fahmi.slamet1715@outlook.com,085104229030,CTY-00004,2022-05-07
CUS-220507004,Fauzan,Ilham,Male,fauzan.ilham1716@outlook.com,088287819960,CTY-00003,2022-05-07
CUS-220508001,Arimbi,Aria,Female,arimbi.aria1717@yahoo.com,087058604313,CTY-00002,2022-05-08
CUS-220509001,Fransiska,Isna,Female,fransiska.isna1718@hotmail.com,081378201294,CTY-00008,2022-05-09
CUS-220510001,Basagita,Juliette,Female,basagita.juliette1719@icloud.com,084498849877,CTY-00007,2022-05-10
CUS-220510002,Budi,Maulana,Male,budi.maulana1720@hotmail.com,088016676119,CTY-00005,2022-05-10
CUS-220510003,Larasati,Niken,Female,larasati.niken1721@gmail.com,087775656575,CTY-00007,2022-05-10
CUS-220510004,Kartini,Dita,Female,kartini.dita1722@hotmail.com,085143338740,CTY-00008,2022-05-10
CUS-220511001,Zul,Bara,Male,zul.bara1723@hotmail.com,081068576652,CTY-00002,2022-05-11
CUS-220512001,Mirna,Hania,Female,mirna.hania1724@icloud.com,081510263615,CTY-00010,2022-05-12
CUS-220512002,Hamzah,Arie,Male,hamzah.arie1725@yahoo.com,085538678601,CTY-00004,2022-05-12
CUS-220513001,Aditya,Ardi,Male,aditya.ardi1726@hotmail.com,086330943276,CTY-00006,2022-05-13
CUS-220514001,Fifi,Dian,Female,fifi.dian1727@hotmail.com,088867566888,CTY-00002,2022-05-14
CUS-220515001,Dede,Nanda,Male,dede.nanda1728@yahoo.com,084701411508,CTY-00003,2022-05-15
CUS-220515002,Erlina,Eva,Female,erlina.eva1729@hotmail.com,088922677640,CTY-00002,2022-05-15
CUS-220516001,Eva,Anita,Female,eva.anita1730@hotmail.com,085855960141,CTY-00002,2022-05-16
CUS-220516002,Cahyo,Raja,Male,cahyo.raja1731@outlook.com,082585053390,CTY-00010,2022-05-16
CUS-220517001,Lusia,Agnes,Female,lusia.agnes1732@yahoo.com,083590507450,CTY-00003,2022-05-17
CUS-220517002,Luthfi,Rangga,Male,luthfi.rangga1733@icloud.com,084725346999,CTY-00009,2022-05-17
CUS-220518001,Arisanti,Aslih,Female,arisanti.aslih1734@hotmail.com,084856390297,CTY-00005,2022-05-18
CUS-220518002,Gibran,Sabbar,Male,gibran.sabbar1735@gmail.com,088594429445,CTY-00009,2022-05-18
CUS-220518003,Isha,Ahmad,Female,isha.ahmad1736@yahoo.com,084683821550,CTY-00012,2022-05-18
CUS-220519001,Bari,Bagus,Male,bari.bagus1737@icloud.com,085187878308,CTY-00005,2022-05-19
CUS-220521001,Setiawan,Dede,Male,setiawan.dede1738@icloud.com,084199222576,CTY-00002,2022-05-21
CUS-220521002,Farida,Chika,Female,farida.chika1739@yahoo.com,088800959835,CTY-00005,2022-05-21
CUS-220522001,Hens,Surya,Male,hens.surya1740@outlook.com,088685048484,CTY-00006,2022-05-22
CUS-220522002,Irma,Elvira,Female,irma.elvira1741@icloud.com,084339767302,CTY-00006,2022-05-22
CUS-220524001,Bagus,Joko,Male,bagus.joko1742@hotmail.com,089133212763,CTY-00004,2022-05-24
CUS-220525001,Hastuti,Gaby,Female,hastuti.gaby1743@outlook.com,087904687937,CTY-00009,2022-05-25
CUS-220525002,Antonia,Nila,Female,antonia.nila1744@gmail.com,084169622353,CTY-00004,2022-05-25
CUS-220525003,Gede,Mega,Male,gede.mega1745@outlook.com,089618075157,CTY-00009,2022-05-25
CUS-220526001,Ariani,Mira,Female,ariani.mira1746@gmail.com,088775315957,CTY-00010,2022-05-26
CUS-220527001,Damar,Nugroho,Male,damar.nugroho1747@outlook.com,089753779037,CTY-00006,2022-05-27
CUS-220529001,Cempaka,Ayu,Female,cempaka.ayu1748@hotmail.com,084200435590,CTY-00009,2022-05-29
CUS-220529002,Daria,Novi,Female,daria.novi1749@hotmail.com,088313739788,CTY-00006,2022-05-29
CUS-220530001,Apsari,Bernadeth,Female,apsari.bernadeth1750@yahoo.com,085944915362,CTY-00002,2022-05-30
CUS-220530002,Ramadhan,Andi,Male,ramadhan.andi1751@hotmail.com,082925908211,CTY-00001,2022-05-30
CUS-220530003,Erna,Hanifah,Female,erna.hanifah1752@yahoo.com,087968862191,CTY-00007,2022-05-30
CUS-220530004,Lestari,Elena,Female,lestari.elena1753@icloud.com,082215986791,CTY-00007,2022-05-30
CUS-220531001,Fahmi,Asrul,Male,fahmi.asrul1754@outlook.com,086581447828,CTY-00009,2022-05-31
CUS-220602001,Satya,Ryan,Male,satya.ryan1755@outlook.com,081931076104,CTY-00009,2022-06-02
CUS-220602002,Setiawan,Oki,Male,setiawan.oki1756@outlook.com,081796023474,CTY-00002,2022-06-02
CUS-220602003,Rian,Rangga,Male,rian.rangga1757@gmail.com,083823023567,CTY-00007,2022-06-02
CUS-220602004,Adinda,Aulia,Female,adinda.aulia1758@gmail.com,087177897807,CTY-00003,2022-06-02
CUS-220604001,Nurul,Tan,Female,nurul.tan1759@yahoo.com,085227704534,CTY-00012,2022-06-04
CUS-220604002,Irmina,Melinda,Female,irmina.melinda1760@outlook.com,081456686910,CTY-00003,2022-06-04
CUS-220604003,Hanifah,Nina,Female,hanifah.nina1761@gmail.com,083720607145,CTY-00007,2022-06-04
CUS-220605001,Mutia,Erlina,Female,mutia.erlina1762@yahoo.com,082463969346,CTY-00001,2022-06-05
CUS-220608001,Mamat,Sabbar,Male,mamat.sabbar1763@yahoo.com,087249603204,CTY-00008,2022-06-08
CUS-220609001,Daniel,Lee,Male,daniel.lee1764@icloud.com,086409668786,CTY-00011,2022-06-09
CUS-220610001,Basri,Nasser,Male,basri.nasser1765@yahoo.com,087270135135,CTY-00003,2022-06-10
CUS-220610002,Gada,Husni,Male,gada.husni1766@icloud.com,084138177513,CTY-00007,2022-06-10
CUS-220610003,Lestari,Asmira,Female,lestari.asmira1767@gmail.com,087658823306,CTY-00003,2022-06-10
CUS-220610004,Jelita,Dayu,Female,jelita.dayu1768@hotmail.com,082232081767,CTY-00007,2022-06-10
CUS-220611001,Kania,Mirna,Female,kania.mirna1769@hotmail.com,087313900420,CTY-00008,2022-06-11
CUS-220612001,Bintang,Erika,Female,bintang.erika1770@icloud.com,083321738636,CTY-00006,2022-06-12
CUS-220613001,Maria,Santos,Female,maria.santos1771@icloud.com,086965818601,CTY-00014,2022-06-13
CUS-220613002,Wibawa,Dody,Male,wibawa.dody1772@gmail.com,084275493934,CTY-00007,2022-06-13
CUS-220613003,Dilla,Endah,Female,dilla.endah1773@outlook.com,084066469575,CTY-00004,2022-06-13
CUS-220614001,Nurdin,Yayat,Male,nurdin.yayat1774@outlook.com,084256553994,CTY-00002,2022-06-14
CUS-220615001,Suharto,Sandy,Male,suharto.sandy1775@gmail.com,083403128676,CTY-00010,2022-06-15
CUS-220616001,Luki,Sigit,Male,luki.sigit1776@hotmail.com,087867671778,CTY-00001,2022-06-16
CUS-220617001,Imam,Bagus,Male,imam.bagus1777@gmail.com,085508631496,CTY-00009,2022-06-17
CUS-220617002,Zul,Ilham,Male,zul.ilham1778@yahoo.com,083165970843,CTY-00002,2022-06-17
CUS-220619001,Arsita,Ita,Female,arsita.ita1779@icloud.com,085082713641,CTY-00005,2022-06-19
CUS-220619002,Aulia,Megawati,Female,aulia.megawati1780@icloud.com,083357982029,CTY-00006,2022-06-19
CUS-220622001,Mira,Aida,Female,mira.aida1781@icloud.com,089649159282,CTY-00002,2022-06-22
CUS-220623001,Gama,Iwan,Male,gama.iwan1782@yahoo.com,083489734376,CTY-00006,2022-06-23
CUS-220623002,Marlina,Bulan,Female,marlina.bulan1783@icloud.com,087034267522,CTY-00010,2022-06-23
CUS-220624001,Yusuf,Fajar,Male,yusuf.fajar1784@outlook.com,085055127765,CTY-00007,2022-06-24
CUS-220624002,Lucia,Helena,Female,lucia.helena1785@yahoo.com,087156480500,CTY-00008,2022-06-24
CUS-220624003,Oki,Rizki,Male,oki.rizki1786@icloud.com,083139790601,CTY-00006,2022-06-24
CUS-220625001,Galih,Satya,Male,galih.satya1787@icloud.com,081099098251,CTY-00004,2022-06-25
CUS-220626001,Raja,Kadir,Male,raja.kadir1788@icloud.com,083124268306,CTY-00002,2022-06-26
CUS-220627001,Aulia,Anisa,Female,aulia.anisa1789@gmail.com,084882251374,CTY-00003,2022-06-27
CUS-220628001,Baskara,Hamzah,Male,baskara.hamzah1790@gmail.com,087201358651,CTY-00001,2022-06-28
CUS-220628002,Raihan,Gani,Male,raihan.gani1791@hotmail.com,086285143668,CTY-00001,2022-06-28
CUS-220628003,Lela,Fabian,Female,lela.fabian1792@yahoo.com,083427253808,CTY-00009,2022-06-28
CUS-220628004,Taufik,Robby,Male,taufik.robby1793@icloud.com,083543999947,CTY-00001,2022-06-28
CUS-220629001,Galang,Tio,Male,galang.tio1794@yahoo.com,082259533686,CTY-00005,2022-06-29
CUS-220629002,Luki,Dandi,Male,luki.dandi1795@outlook.com,086948209028,CTY-00005,2022-06-29
CUS-220629003,Fransiska,Nila,Female,fransiska.nila1796@outlook.com,081890224673,CTY-00005,2022-06-29
CUS-220629004,Lita,Indah,Female,lita.indah1797@icloud.com,084457280478,CTY-00008,2022-06-29
CUS-220630001,Indra,Hens,Male,indra.hens1798@icloud.com,089846275104,CTY-00008,2022-06-30
CUS-220701001,Deni,Dody,Male,deni.dody1799@hotmail.com,085655912845,CTY-00004,2022-07-01
CUS-220701002,Jenia,Melani,Female,jenia.melani1800@outlook.com,089703800946,CTY-00003,2022-07-01
CUS-220703001,Fadli,Asrul,Male,fadli.asrul1801@icloud.com,082241168873,CTY-00004,2022-07-03
CUS-220705001,Irfan,Rifky,Male,irfan.rifky1802@yahoo.com,088518041310,CTY-00010,2022-07-05
CUS-220705002,Ghafar,Satya,Male,ghafar.satya1803@yahoo.com,087810065374,CTY-00008,2022-07-05
CUS-220706001,Erwin,Rian,Male,erwin.rian1804@icloud.com,087761143480,CTY-00003,2022-07-06
CUS-220709001,Wahyu,Aditya,Male,wahyu.aditya1805@gmail.com,086470368447,CTY-00005,2022-07-09
CUS-220709002,Suharto,Maulana,Male,suharto.maulana1806@gmail.com,081830657409,CTY-00001,2022-07-09
CUS-220709003,Kristina,Meyli,Female,kristina.meyli1807@hotmail.com,085955266841,CTY-00006,2022-07-09
CUS-220709004,Bintang,Juliana,Female,bintang.juliana1808@outlook.com,084441928641,CTY-00009,2022-07-09
CUS-220709005,Prabowo,Arya,Male,prabowo.arya1809@yahoo.com,081223027506,CTY-00010,2022-07-09
CUS-220710001,Lestari,Lucia,Female,lestari.lucia1810@icloud.com,083939175927,CTY-00005,2022-07-10
CUS-220710002,Dedi,Aris,Male,dedi.aris1811@outlook.com,089373397564,CTY-00003,2022-07-10
CUS-220710003,Prabowo,Risman,Male,prabowo.risman1812@hotmail.com,085385862338,CTY-00002,2022-07-10
CUS-220710004,Bryan,Lee,Male,bryan.lee1813@icloud.com,089965400775,CTY-00011,2022-07-10
CUS-220710005,Suresh,Abdullah,Male,suresh.abdullah1814@gmail.com,089288360941,CTY-00012,2022-07-10
CUS-220711001,Gilang,Dian,Male,gilang.dian1815@outlook.com,085300822979,CTY-00009,2022-07-11
CUS-220712001,Dody,Bagus,Male,dody.bagus1816@icloud.com,084528064969,CTY-00005,2022-07-12
CUS-220713001,Irfan,Yanto,Male,irfan.yanto1817@icloud.com,085338043012,CTY-00006,2022-07-13
CUS-220713002,Ermina,Dahlia,Female,ermina.dahlia1818@yahoo.com,086621436510,CTY-00007,2022-07-13
CUS-220713003,Lusi,Mutia,Female,lusi.mutia1819@yahoo.com,085872457021,CTY-00001,2022-07-13
CUS-220714001,Citra,Desi,Female,citra.desi1820@icloud.com,087223847713,CTY-00002,2022-07-14
CUS-220714002,Hendri,Rangga,Male,hendri.rangga1821@outlook.com,083006287370,CTY-00003,2022-07-14
CUS-220714003,Laura,Elena,Female,laura.elena1822@gmail.com,084712305770,CTY-00006,2022-07-14
CUS-220714004,Ridik,Arie,Male,ridik.arie1823@hotmail.com,081227743225,CTY-00004,2022-07-14
CUS-220715001,Tomy,Wawan,Male,tomy.wawan1824@yahoo.com,086656772252,CTY-00010,2022-07-15
CUS-220717001,Mirna,Ayu,Female,mirna.ayu1825@hotmail.com,082330843148,CTY-00008,2022-07-17
CUS-220717002,Baskara,Bagus,Male,baskara.bagus1826@icloud.com,087866023655,CTY-00008,2022-07-17
CUS-220719001,Cantika,Indira,Female,cantika.indira1827@yahoo.com,083053375279,CTY-00003,2022-07-19
CUS-220720001,Fatin,Ahmad,Female,fatin.ahmad1828@icloud.com,089159356497,CTY-00012,2022-07-20
CUS-220720002,Luki,Fajar,Male,luki.fajar1829@icloud.com,085532235431,CTY-00006,2022-07-20
CUS-220720003,Lestari,Aria,Female,lestari.aria1830@hotmail.com,086769432307,CTY-00008,2022-07-20
CUS-220720004,Nina,Mila,Female,nina.mila1831@gmail.com,081514439954,CTY-00008,2022-07-20
CUS-220722001,Widodo,Yadi,Male,widodo.yadi1832@hotmail.com,087640534630,CTY-00004,2022-07-22
CUS-220722002,Radit,Wawan,Male,radit.wawan1833@yahoo.com,085165392640,CTY-00008,2022-07-22
CUS-220722003,Elina,Belinda,Female,elina.belinda1834@icloud.com,081975022565,CTY-00007,2022-07-22
CUS-220723001,Jessica,Ayu,Female,jessica.ayu1835@icloud.com,083909159532,CTY-00010,2022-07-23
CUS-220724001,Hens,Wibowo,Male,hens.wibowo1836@outlook.com,082128368566,CTY-00006,2022-07-24
CUS-220724002,Elina,Ayu,Female,elina.ayu1837@yahoo.com,086715878671,CTY-00007,2022-07-24
CUS-220725001,Fatimah,Mutiara,Female,fatimah.mutiara1838@gmail.com,084790768231,CTY-00005,2022-07-25
CUS-220726001,Ryan,Sigit,Male,ryan.sigit1839@outlook.com,088347844127,CTY-00005,2022-07-26
CUS-220727001,Adinda,Irmina,Female,adinda.irmina1840@outlook.com,082546536450,CTY-00001,2022-07-27
CUS-220727002,Satria,Radit,Male,satria.radit1841@outlook.com,083198908208,CTY-00007,2022-07-27
CUS-220727003,Kusuma,Wibawa,Male,kusuma.wibawa1842@gmail.com,082251577642,CTY-00005,2022-07-27
CUS-220728001,Ardhia,Elvira,Female,ardhia.elvira1843@yahoo.com,089051387298,CTY-00004,2022-07-28
CUS-220728002,Bintang,Mutiara,Female,bintang.mutiara1844@outlook.com,085791233025,CTY-00008,2022-07-28
CUS-220728003,Sarah,Wong,Female,sarah.wong1845@hotmail.com,082175257497,CTY-00011,2022-07-28
CUS-220729001,Basagita,Eni,Female,basagita.eni1846@yahoo.com,085479023656,CTY-00001,2022-07-29
CUS-220731001,Kukuh,Bara,Male,kukuh.bara1847@icloud.com,089108676865,CTY-00008,2022-07-31
CUS-220731002,Rizki,Sabbar,Male,rizki.sabbar1848@hotmail.com,081828214379,CTY-00005,2022-07-31
CUS-220731003,Annisa,Irma,Female,annisa.irma1849@icloud.com,089625285512,CTY-00010,2022-07-31
CUS-220801001,Murni,Aslih,Female,murni.aslih1850@hotmail.com,089982118655,CTY-00004,2022-08-01
CUS-220802001,Klara,Amira,Female,klara.amira1851@gmail.com,081379903995,CTY-00004,2022-08-02
CUS-220802002,Lili,Julia,Female,lili.julia1852@hotmail.com,081204418033,CTY-00002,2022-08-02
CUS-220803001,Rio,Hadi,Male,rio.hadi1853@gmail.com,086727789862,CTY-00005,2022-08-03
CUS-220804001,Luthfi,Joko,Male,luthfi.joko1854@yahoo.com,083414205050,CTY-00007,2022-08-04
CUS-220804002,Ikhsan,Gatot,Male,ikhsan.gatot1855@yahoo.com,081778561777,CTY-00003,2022-08-04
CUS-220804003,Azzahra,Dahlia,Female,azzahra.dahlia1856@hotmail.com,089765781567,CTY-00008,2022-08-04
CUS-220805001,Nurul,Wong,Female,nurul.wong1857@yahoo.com,083818178206,CTY-00012,2022-08-05
CUS-220805002,Akbar,Kusuma,Male,akbar.kusuma1858@outlook.com,083561855566,CTY-00008,2022-08-05
CUS-220806001,Dian,Juliana,Female,dian.juliana1859@icloud.com,084266114054,CTY-00002,2022-08-06
CUS-220806002,Bima,Mahfud,Male,bima.mahfud1860@hotmail.com,086913233285,CTY-00007,2022-08-06
CUS-220806003,Farida,Juwita,Female,farida.juwita1861@outlook.com,087065260503,CTY-00003,2022-08-06
CUS-220806004,Febi,Ester,Female,febi.ester1862@hotmail.com,082852289631,CTY-00005,2022-08-06
CUS-220807001,Suresh,Tan,Male,suresh.tan1863@icloud.com,088157436042,CTY-00012,2022-08-07
CUS-220807002,Arie,Dede,Male,arie.dede1864@hotmail.com,083986212417,CTY-00010,2022-08-07
CUS-220807003,Lita,Melia,Female,lita.melia1865@icloud.com,088391697106,CTY-00009,2022-08-07
CUS-220810001,Linda,Chika,Female,linda.chika1866@yahoo.com,082176016069,CTY-00007,2022-08-10
CUS-220811001,Subhan,Fajar,Male,subhan.fajar1867@gmail.com,082957786038,CTY-00004,2022-08-11
CUS-220812001,Yusuf,Tio,Male,yusuf.tio1868@outlook.com,083931351818,CTY-00005,2022-08-12
CUS-220813001,Desi,Jasmine,Female,desi.jasmine1869@icloud.com,081403372051,CTY-00001,2022-08-13
CUS-220814001,Surya,Setiawan,Male,surya.setiawan1870@hotmail.com,088568746102,CTY-00008,2022-08-14
CUS-220814002,Anita,Maimunah,Female,anita.maimunah1871@yahoo.com,086963541623,CTY-00009,2022-08-14
CUS-220814003,Yuda,Agung,Male,yuda.agung1872@icloud.com,083174498275,CTY-00003,2022-08-14
CUS-220816001,Gada,Wijaya,Male,gada.wijaya1873@hotmail.com,085170973642,CTY-00004,2022-08-16
CUS-220816002,Aulia,Aria,Female,aulia.aria1874@outlook.com,085693780892,CTY-00001,2022-08-16
CUS-220816003,Gaby,Cinta,Female,gaby.cinta1875@icloud.com,081142807755,CTY-00004,2022-08-16
CUS-220816004,Junaedi,Damar,Male,junaedi.damar1876@yahoo.com,089443816870,CTY-00004,2022-08-16
CUS-220816005,Wahyu,Eka,Male,wahyu.eka1877@outlook.com,087794294811,CTY-00007,2022-08-16
CUS-220818001,Hesti,Novi,Female,hesti.novi1878@yahoo.com,089221284339,CTY-00007,2022-08-18
CUS-220818002,Apsari,Klara,Female,apsari.klara1879@icloud.com,087297364081,CTY-00005,2022-08-18
CUS-220818003,Hanifah,Kusuma,Female,hanifah.kusuma1880@yahoo.com,083464251819,CTY-00005,2022-08-18
CUS-220819001,Hamzah,Bahar,Male,hamzah.bahar1881@yahoo.com,089157016497,CTY-00003,2022-08-19
CUS-220819002,Arimbi,Nia,Female,arimbi.nia1882@hotmail.com,083098705695,CTY-00010,2022-08-19
CUS-220819003,Suharto,Miko,Male,suharto.miko1883@outlook.com,082354730969,CTY-00008,2022-08-19
CUS-220820001,Hafiz,Abdullah,Male,hafiz.abdullah1884@outlook.com,083416078382,CTY-00013,2022-08-20
CUS-220821001,Rahmad,Bari,Male,rahmad.bari1885@icloud.com,081336197969,CTY-00010,2022-08-21
CUS-220822001,Nilam,Irene,Female,nilam.irene1886@yahoo.com,084283520994,CTY-00002,2022-08-22
CUS-220824001,Tri,Miko,Male,tri.miko1887@gmail.com,089751789318,CTY-00002,2022-08-24
CUS-220824002,Utomo,Suharto,Male,utomo.suharto1888@gmail.com,085299383601,CTY-00006,2022-08-24
CUS-220825001,Mirna,Nofi,Female,mirna.nofi1889@icloud.com,081565272296,CTY-00006,2022-08-25
CUS-220825002,Arga,Syarif,Male,arga.syarif1890@hotmail.com,082356270597,CTY-00004,2022-08-25
CUS-220825003,Ayu,Indah,Female,ayu.indah1891@hotmail.com,083966075808,CTY-00010,2022-08-25
CUS-220825004,Tobar,Yudi,Male,tobar.yudi1892@hotmail.com,082487865040,CTY-00001,2022-08-25
CUS-220826001,Firman,Wawan,Male,firman.wawan1893@yahoo.com,082387130381,CTY-00007,2022-08-26
CUS-220827001,Farah,Astiti,Female,farah.astiti1894@yahoo.com,084050767557,CTY-00003,2022-08-27
CUS-220828001,Linda,Aida,Female,linda.aida1895@icloud.com,087688335745,CTY-00003,2022-08-28
CUS-220828002,Mega,Nanda,Male,mega.nanda1896@gmail.com,087771863121,CTY-00007,2022-08-28
CUS-220828003,Nur,Tio,Male,nur.tio1897@hotmail.com,081910775650,CTY-00006,2022-08-28
CUS-220828004,Yayat,Yanto,Male,yayat.yanto1898@outlook.com,089957097267,CTY-00003,2022-08-28
CUS-220830001,Elena,Elvira,Female,elena.elvira1899@hotmail.com,086388857103,CTY-00003,2022-08-30
CUS-220901001,Danish,Hassan,Male,danish.hassan1900@yahoo.com,081435752329,CTY-00012,2022-09-01
CUS-220901002,Melani,Meyli,Female,melani.meyli1901@yahoo.com,088804245697,CTY-00004,2022-09-01
CUS-220901003,Grace,Mutiara,Female,grace.mutiara1902@yahoo.com,086249338534,CTY-00004,2022-09-01
CUS-220901004,Tobar,Jefri,Male,tobar.jefri1903@gmail.com,083347777367,CTY-00004,2022-09-01
CUS-220903001,Nina,Jelita,Female,nina.jelita1904@outlook.com,085217501572,CTY-00002,2022-09-03
CUS-220903002,Irmina,Febi,Female,irmina.febi1905@hotmail.com,084735803150,CTY-00002,2022-09-03
CUS-220904001,Mahfud,Tohir,Male,mahfud.tohir1906@gmail.com,086182311510,CTY-00005,2022-09-04
CUS-220905001,Anisa,Hassan,Female,anisa.hassan1907@hotmail.com,082630945106,CTY-00013,2022-09-05
CUS-220906001,Dahlia,Julia,Female,dahlia.julia1908@hotmail.com,086099540154,CTY-00007,2022-09-06
CUS-220907001,Ilham,Samsul,Male,ilham.samsul1909@gmail.com,089772403271,CTY-00002,2022-09-07
CUS-220907002,Fikri,Pandu,Male,fikri.pandu1910@icloud.com,083503424621,CTY-00002,2022-09-07
CUS-220907003,Lita,Agnes,Female,lita.agnes1911@hotmail.com,089405130391,CTY-00006,2022-09-07
CUS-220908001,Irma,Endang,Female,irma.endang1912@hotmail.com,083389748549,CTY-00004,2022-09-08
CUS-220908002,Mardi,Nasser,Male,mardi.nasser1913@icloud.com,087418638514,CTY-00004,2022-09-08
CUS-220910001,Kania,Eka,Female,kania.eka1914@yahoo.com,084434711100,CTY-00007,2022-09-10
CUS-220911001,Fifi,Dayu,Female,fifi.dayu1915@outlook.com,088979406614,CTY-00006,2022-09-11
CUS-220913001,Grace,Tay,Female,grace.tay1916@outlook.com,087029041942,CTY-00011,2022-09-13
CUS-220915001,Wawan,Naufal,Male,wawan.naufal1917@outlook.com,087813061112,CTY-00009,2022-09-15
CUS-220915002,Ayu,Bella,Female,ayu.bella1918@hotmail.com,089691677170,CTY-00005,2022-09-15
CUS-220915003,Nabila,Leni,Female,nabila.leni1919@icloud.com,083616019840,CTY-00007,2022-09-15
CUS-220916001,Amir,Wijaya,Male,amir.wijaya1920@outlook.com,084638549617,CTY-00008,2022-09-16
CUS-220917001,Farida,Atsilah,Female,farida.atsilah1921@hotmail.com,083733328262,CTY-00007,2022-09-17
CUS-220920001,Elisa,Dyah,Female,elisa.dyah1922@icloud.com,084722075112,CTY-00004,2022-09-20
CUS-220920002,Melinda,Ermina,Female,melinda.ermina1923@gmail.com,086516555296,CTY-00001,2022-09-20
CUS-220922001,Lia,Chika,Female,lia.chika1924@gmail.com,086926052307,CTY-00010,2022-09-22
CUS-220924001,Kartini,Istri,Female,kartini.istri1925@yahoo.com,081578454385,CTY-00010,2022-09-24
CUS-220924002,Marlina,Meyli,Female,marlina.meyli1926@outlook.com,087819596678,CTY-00001,2022-09-24
CUS-220924003,Nofi,Desi,Female,nofi.desi1927@hotmail.com,081679898831,CTY-00009,2022-09-24
CUS-220924004,Arisanti,Cempaka,Female,arisanti.cempaka1928@hotmail.com,087351821415,CTY-00004,2022-09-24
CUS-220924005,Nurul,Subramaniam,Female,nurul.subramaniam1929@hotmail.com,087691005611,CTY-00013,2022-09-24
CUS-220925001,Dina,Clara,Female,dina.clara1930@outlook.com,084781837146,CTY-00006,2022-09-25
CUS-220925002,Astrid,Darmastuti,Female,astrid.darmastuti1931@yahoo.com,088516127049,CTY-00003,2022-09-25
CUS-220926001,Habsah,Aulia,Female,habsah.aulia1932@icloud.com,088769235203,CTY-00008,2022-09-26
CUS-220927001,Irfan,Erwin,Male,irfan.erwin1933@hotmail.com,089413691470,CTY-00002,2022-09-27
CUS-220928001,Bintang,Luthfi,Male,bintang.luthfi1934@yahoo.com,081367835676,CTY-00003,2022-09-28
CUS-220928002,Jody,Irwan,Male,jody.irwan1935@yahoo.com,083493059243,CTY-00005,2022-09-28
CUS-220929001,Yogi,Lukman,Male,yogi.lukman1936@icloud.com,087501696957,CTY-00004,2022-09-29
CUS-220929002,Berlian,Desi,Female,berlian.desi1937@gmail.com,084469479424,CTY-00004,2022-09-29
CUS-220929003,Ningsih,Lestari,Female,ningsih.lestari1938@outlook.com,083405200894,CTY-00006,2022-09-29
CUS-220930001,Ariani,Maimunah,Female,ariani.maimunah1939@yahoo.com,089962039688,CTY-00004,2022-09-30
CUS-220930002,Akbar,Ibrahim,Male,akbar.ibrahim1940@yahoo.com,088310112344,CTY-00007,2022-09-30
CUS-220930003,Mark,Garcia,Male,mark.garcia1941@yahoo.com,081605846253,CTY-00014,2022-09-30
CUS-221001001,Tohir,Hendra,Male,tohir.hendra1942@outlook.com,081460539561,CTY-00005,2022-10-01
CUS-221001002,Melati,Gisela,Female,melati.gisela1943@hotmail.com,082501733436,CTY-00004,2022-10-01
CUS-221001003,Teguh,Husni,Male,teguh.husni1944@icloud.com,084913314039,CTY-00009,2022-10-01
CUS-221002001,Kasih,Eka,Female,kasih.eka1945@yahoo.com,086530121750,CTY-00001,2022-10-02
CUS-221003001,Fadilah,Indri,Female,fadilah.indri1946@outlook.com,084276841377,CTY-00001,2022-10-03
CUS-221003002,Liana,Anindya,Female,liana.anindya1947@yahoo.com,087140139558,CTY-00009,2022-10-03
CUS-221003003,Hamzah,Vino,Male,hamzah.vino1948@gmail.com,087121433049,CTY-00009,2022-10-03
CUS-221004001,Fikri,Idris,Male,fikri.idris1949@hotmail.com,084757635008,CTY-00005,2022-10-04
CUS-221004002,Fahmi,Sandy,Male,fahmi.sandy1950@outlook.com,085162274994,CTY-00002,2022-10-04
CUS-221004003,Febri,Kania,Female,febri.kania1951@icloud.com,084858726434,CTY-00005,2022-10-04
CUS-221004004,Dafiz,Ichsan,Male,dafiz.ichsan1952@hotmail.com,083180672888,CTY-00005,2022-10-04
CUS-221005001,Slamet,Yusuf,Male,slamet.yusuf1953@outlook.com,082194531569,CTY-00006,2022-10-05
CUS-221005002,Hery,Rian,Male,hery.rian1954@outlook.com,084121305174,CTY-00006,2022-10-05
CUS-221006001,Zul,Raj,Male,zul.raj1955@hotmail.com,085967980891,CTY-00012,2022-10-06
CUS-221006002,Nur,Pandu,Male,nur.pandu1956@yahoo.com,088044746351,CTY-00008,2022-10-06
CUS-221007001,Setiawan,Hafiz,Male,setiawan.hafiz1957@gmail.com,083458582119,CTY-00010,2022-10-07
CUS-221009001,Eka,Setyo,Male,eka.setyo1958@outlook.com,086902328981,CTY-00004,2022-10-09
CUS-221010001,Misbah,Rifky,Male,misbah.rifky1959@yahoo.com,086083418013,CTY-00006,2022-10-10
CUS-221011001,Diana,Cempaka,Female,diana.cempaka1960@gmail.com,085611693869,CTY-00005,2022-10-11
CUS-221011002,Yosep,Kukuh,Male,yosep.kukuh1961@outlook.com,083823209610,CTY-00008,2022-10-11
CUS-221012001,Mario,Faris,Male,mario.faris1962@yahoo.com,083954351192,CTY-00010,2022-10-12
CUS-221012002,Azzahra,Megawati,Female,azzahra.megawati1963@gmail.com,089241472163,CTY-00009,2022-10-12
CUS-221013001,Hastuti,Juwita,Female,hastuti.juwita1964@yahoo.com,083959544562,CTY-00010,2022-10-13
CUS-221013002,Meyli,Amanda,Female,meyli.amanda1965@icloud.com,085289494950,CTY-00003,2022-10-13
CUS-221013003,Nadia,Laksmi,Female,nadia.laksmi1966@hotmail.com,088730322278,CTY-00008,2022-10-13
CUS-221014001,Syarif,Elang,Male,syarif.elang1967@icloud.com,082822989080,CTY-00009,2022-10-14
CUS-221014002,Arini,Emilia,Female,arini.emilia1968@gmail.com,089968534433,CTY-00010,2022-10-14
CUS-221014003,Arie,Taufik,Male,arie.taufik1969@yahoo.com,088049448251,CTY-00002,2022-10-14
CUS-221015001,Subhan,Tohir,Male,subhan.tohir1970@yahoo.com,082087502142,CTY-00003,2022-10-15
CUS-221015002,Aris,Bambang,Male,aris.bambang1971@gmail.com,089929230286,CTY-00004,2022-10-15
CUS-221016001,Robby,Yosep,Male,robby.yosep1972@hotmail.com,089167100461,CTY-00004,2022-10-16
CUS-221016002,Melinda,Aida,Female,melinda.aida1973@hotmail.com,088638561923,CTY-00008,2022-10-16
CUS-221016003,Irmina,Ayu,Female,irmina.ayu1974@gmail.com,083552285193,CTY-00002,2022-10-16
CUS-221017001,Adinda,Lusi,Female,adinda.lusi1975@yahoo.com,088338096272,CTY-00009,2022-10-17
CUS-221017002,Lusi,Lucia,Female,lusi.lucia1976@gmail.com,081158807364,CTY-00005,2022-10-17
CUS-221018001,Nadin,Berlian,Female,nadin.berlian1977@outlook.com,088909348851,CTY-00007,2022-10-18
CUS-221020001,Hery,Zul,Male,hery.zul1978@yahoo.com,086737627092,CTY-00004,2022-10-20
CUS-221021001,Dahlia,Bunga,Female,dahlia.bunga1979@gmail.com,082718684421,CTY-00003,2022-10-21
CUS-221022001,Rian,Fahmi,Male,rian.fahmi1980@outlook.com,084976903370,CTY-00008,2022-10-22
CUS-221022002,Dani,Mulyadi,Male,dani.mulyadi1981@outlook.com,089630256324,CTY-00002,2022-10-22
CUS-221022003,Nadia,Ester,Female,nadia.ester1982@outlook.com,087492186202,CTY-00001,2022-10-22
CUS-221022004,Maya,Daria,Female,maya.daria1983@gmail.com,084175032159,CTY-00008,2022-10-22
CUS-221022005,Firman,Rizki,Male,firman.rizki1984@icloud.com,088754299180,CTY-00006,2022-10-22
CUS-221023001,Anita,Cantika,Female,anita.cantika1985@outlook.com,087277563198,CTY-00008,2022-10-23
CUS-221024001,Rian,Doni,Male,rian.doni1986@yahoo.com,086049587337,CTY-00002,2022-10-24
CUS-221025001,Tio,Bara,Male,tio.bara1987@gmail.com,089033338287,CTY-00006,2022-10-25
CUS-221027001,Fina,Evi,Female,fina.evi1988@yahoo.com,081194449060,CTY-00010,2022-10-27
CUS-221027002,Nugroho,Gama,Male,nugroho.gama1989@yahoo.com,087762092838,CTY-00007,2022-10-27
CUS-221029001,Ryan,Mulyadi,Male,ryan.mulyadi1990@yahoo.com,083479724801,CTY-00004,2022-10-29
CUS-221029002,Asri,Astiti,Female,asri.astiti1991@yahoo.com,088263226124,CTY-00010,2022-10-29
CUS-221029003,Indri,Arini,Female,indri.arini1992@outlook.com,082712499980,CTY-00009,2022-10-29
CUS-221030001,Luki,Setyo,Male,luki.setyo1993@yahoo.com,082624195687,CTY-00005,2022-10-30
CUS-221030002,Della,Marta,Female,della.marta1994@icloud.com,081881433187,CTY-00001,2022-10-30
CUS-221030003,Ariani,Bintang,Female,ariani.bintang1995@hotmail.com,089958220048,CTY-00004,2022-10-30
CUS-221031001,Dina,Farah,Female,dina.farah1996@yahoo.com,085192101556,CTY-00002,2022-10-31
CUS-221102001,Fadhilah,Juliette,Female,fadhilah.juliette1997@outlook.com,086380849054,CTY-00004,2022-11-02
CUS-221104001,Utomo,Dedi,Male,utomo.dedi1998@icloud.com,082571679918,CTY-00004,2022-11-04
CUS-221104002,Misbah,Jody,Male,misbah.jody1999@icloud.com,081734897690,CTY-00010,2022-11-04
CUS-221104003,Erna,Elvira,Female,erna.elvira2000@gmail.com,089050888603,CTY-00003,2022-11-04
CUS-221104004,Jessica,Irma,Female,jessica.irma2001@yahoo.com,086051073905,CTY-00004,2022-11-04
CUS-221106001,Dafiz,Aldo,Male,dafiz.aldo2002@gmail.com,087798311364,CTY-00005,2022-11-06
CUS-221106002,Juliette,Nia,Female,juliette.nia2003@outlook.com,088683902068,CTY-00006,2022-11-06
CUS-221107001,Widodo,Hery,Male,widodo.hery2004@outlook.com,085531889405,CTY-00010,2022-11-07
CUS-221108001,Ayu,Ermina,Female,ayu.ermina2005@hotmail.com,087182095833,CTY-00004,2022-11-08
CUS-221109001,Linda,Lestari,Female,linda.lestari2006@outlook.com,082429327380,CTY-00008,2022-11-09
CUS-221110001,Lili,Hania,Female,lili.hania2007@icloud.com,082615980394,CTY-00008,2022-11-10
CUS-221110002,Rizki,Mamat,Male,rizki.mamat2008@outlook.com,083036989236,CTY-00003,2022-11-10
CUS-221111001,Jody,Candra,Male,jody.candra2009@hotmail.com,087588369686,CTY-00006,2022-11-11
CUS-221111002,Endra,Cokro,Male,endra.cokro2010@gmail.com,084674147577,CTY-00004,2022-11-11
CUS-221111003,Melinda,Desi,Female,melinda.desi2011@outlook.com,084658911914,CTY-00007,2022-11-11
CUS-221111004,Gibran,Dicky,Male,gibran.dicky2012@icloud.com,085601663289,CTY-00002,2022-11-11
CUS-221111005,Fatimah,Fitri,Female,fatimah.fitri2013@icloud.com,086163139275,CTY-00008,2022-11-11
CUS-221112001,Mirna,Mutia,Female,mirna.mutia2014@hotmail.com,084226037294,CTY-00008,2022-11-12
CUS-221112002,Fabian,Elena,Female,fabian.elena2015@outlook.com,083290221529,CTY-00010,2022-11-12
CUS-221112003,Rian,Rico,Male,rian.rico2016@gmail.com,089775786867,CTY-00009,2022-11-12
CUS-221113001,Maulana,Yoga,Male,maulana.yoga2017@icloud.com,089462423597,CTY-00008,2022-11-13
CUS-221113002,Bari,Bambang,Male,bari.bambang2018@outlook.com,081531262998,CTY-00006,2022-11-13
CUS-221114001,Ika,Dina,Female,ika.dina2019@outlook.com,086960995458,CTY-00006,2022-11-14
CUS-221114002,Samsul,Rifky,Male,samsul.rifky2020@icloud.com,088797448503,CTY-00003,2022-11-14
CUS-221115001,Hastuti,Azzahra,Female,hastuti.azzahra2021@gmail.com,081633046673,CTY-00006,2022-11-15
CUS-221115002,Yanto,Yadi,Male,yanto.yadi2022@icloud.com,083445888493,CTY-00007,2022-11-15
CUS-221117001,Deswita,Lela,Female,deswita.lela2023@outlook.com,082780891165,CTY-00002,2022-11-17
CUS-221117002,Lukman,Gani,Male,lukman.gani2024@hotmail.com,085905281137,CTY-00006,2022-11-17
CUS-221118001,Fikri,Hamzah,Male,fikri.hamzah2025@outlook.com,085563725284,CTY-00007,2022-11-18
CUS-221119001,Arini,Gisela,Female,arini.gisela2026@yahoo.com,082906273232,CTY-00001,2022-11-19
CUS-221120001,Ayu,Fatimah,Female,ayu.fatimah2027@yahoo.com,084588723612,CTY-00002,2022-11-20
CUS-221121001,Yuda,Wisnu,Male,yuda.wisnu2028@outlook.com,082760837834,CTY-00008,2022-11-21
CUS-221121002,Arimbi,Gayatry,Female,arimbi.gayatry2029@outlook.com,088609284785,CTY-00002,2022-11-21
CUS-221122001,Raja,Setiawan,Male,raja.setiawan2030@yahoo.com,087028071835,CTY-00008,2022-11-22
CUS-221122002,Irwan,Subhan,Male,irwan.subhan2031@hotmail.com,082485007536,CTY-00005,2022-11-22
CUS-221124001,Kristina,Fatimah,Female,kristina.fatimah2032@hotmail.com,084218776477,CTY-00004,2022-11-24
CUS-221125001,Erni,Lusi,Female,erni.lusi2033@icloud.com,081912435404,CTY-00003,2022-11-25
CUS-221125002,Irene,Kania,Female,irene.kania2034@outlook.com,084957123152,CTY-00003,2022-11-25
CUS-221125003,Habsah,Belinda,Female,habsah.belinda2035@hotmail.com,083771849194,CTY-00006,2022-11-25
CUS-221126001,Astrid,Lina,Female,astrid.lina2036@hotmail.com,083540525237,CTY-00001,2022-11-26
CUS-221127001,Murni,Irene,Female,murni.irene2037@icloud.com,086427370961,CTY-00002,2022-11-27
CUS-221127002,Dani,Arie,Male,dani.arie2038@yahoo.com,085607991977,CTY-00006,2022-11-27
CUS-221127003,Lita,Adinda,Female,lita.adinda2039@yahoo.com,088134734991,CTY-00003,2022-11-27
CUS-221128001,Yadi,Munir,Male,yadi.munir2040@hotmail.com,081171760666,CTY-00008,2022-11-28
CUS-221128002,Amanda,Farah,Female,amanda.farah2041@gmail.com,084762780212,CTY-00002,2022-11-28
CUS-221129001,Nanda,Purnomo,Male,nanda.purnomo2042@outlook.com,085673498923,CTY-00001,2022-11-29
CUS-221130001,Risman,Joko,Male,risman.joko2043@yahoo.com,083380394249,CTY-00004,2022-11-30
CUS-221130002,Fitria,Klara,Female,fitria.klara2044@gmail.com,086336083059,CTY-00005,2022-11-30
CUS-221201001,Hambali,Aditya,Male,hambali.aditya2045@yahoo.com,089447004097,CTY-00002,2022-12-01
CUS-221201002,Anuar,Sulaiman,Male,anuar.sulaiman2046@outlook.com,082456708258,CTY-00010,2022-12-01
CUS-221204001,Gede,Aris,Male,gede.aris2047@gmail.com,081593264501,CTY-00009,2022-12-04
CUS-221204002,Gibran,Zul,Male,gibran.zul2048@yahoo.com,086697542601,CTY-00009,2022-12-04
CUS-221204003,Berlian,Ayu,Female,berlian.ayu2049@yahoo.com,089097221290,CTY-00006,2022-12-04
CUS-221204004,Lucia,Jessica,Female,lucia.jessica2050@hotmail.com,086464543528,CTY-00004,2022-12-04
CUS-221205001,Bara,Marwan,Male,bara.marwan2051@yahoo.com,081860310542,CTY-00009,2022-12-05
CUS-221205002,Megawati,Kasih,Female,megawati.kasih2052@gmail.com,083712680825,CTY-00001,2022-12-05
CUS-221205003,Dicky,Ramadhan,Male,dicky.ramadhan2053@yahoo.com,085371281242,CTY-00009,2022-12-05
CUS-221206001,Larasati,Fifi,Female,larasati.fifi2054@icloud.com,085015348036,CTY-00004,2022-12-06
CUS-221206002,Cokro,Laksmana,Male,cokro.laksmana2055@gmail.com,087987277273,CTY-00002,2022-12-06
CUS-221206003,Faris,Mulyadi,Male,faris.mulyadi2056@yahoo.com,085709113408,CTY-00009,2022-12-06
CUS-221207001,Monika,Lela,Female,monika.lela2057@yahoo.com,084426324682,CTY-00009,2022-12-07
CUS-221208001,Mutia,Lucia,Female,mutia.lucia2058@outlook.com,085027136622,CTY-00001,2022-12-08
CUS-221210001,Robby,Baskara,Male,robby.baskara2059@hotmail.com,088456369742,CTY-00004,2022-12-10
CUS-221210002,Purnomo,Dody,Male,purnomo.dody2060@hotmail.com,088435373614,CTY-00002,2022-12-10
CUS-221212001,Irma,Jasmine,Female,irma.jasmine2061@outlook.com,082677082180,CTY-00005,2022-12-12
CUS-221212002,Adinda,Mita,Female,adinda.mita2062@hotmail.com,083159102592,CTY-00006,2022-12-12
CUS-221212003,Irmina,Hesti,Female,irmina.hesti2063@icloud.com,085025370638,CTY-00007,2022-12-12
CUS-221214001,Zul,Chee,Male,zul.chee2064@icloud.com,084947205770,CTY-00013,2022-12-14
CUS-221215001,Aurelia,Ira,Female,aurelia.ira2065@yahoo.com,082057969887,CTY-00001,2022-12-15
CUS-221215002,Danila,Jelita,Female,danila.jelita2066@hotmail.com,086715718211,CTY-00006,2022-12-15
CUS-221215003,Komalasari,Bulan,Female,komalasari.bulan2067@outlook.com,083109246505,CTY-00008,2022-12-15
CUS-221217001,Mahfud,Wira,Male,mahfud.wira2068@yahoo.com,088953096605,CTY-00010,2022-12-17
CUS-221218001,Cinta,Berlian,Female,cinta.berlian2069@outlook.com,084899784324,CTY-00010,2022-12-18
CUS-221218002,Ryan,Arga,Male,ryan.arga2070@gmail.com,088167115704,CTY-00004,2022-12-18
CUS-221219001,Kukuh,Hamzah,Male,kukuh.hamzah2071@yahoo.com,081415311011,CTY-00001,2022-12-19
CUS-221219002,Eni,Ayu,Female,eni.ayu2072@outlook.com,088247279914,CTY-00008,2022-12-19
CUS-221221001,Indri,Komalasari,Female,indri.komalasari2073@hotmail.com,083192979064,CTY-00009,2022-12-21
CUS-221221002,Utomo,Nanda,Male,utomo.nanda2074@icloud.com,088622499482,CTY-00006,2022-12-21
CUS-221222001,Murni,Amanda,Female,murni.amanda2075@icloud.com,086128124995,CTY-00001,2022-12-22
CUS-221224001,Risman,Satria,Male,risman.satria2076@yahoo.com,089859673154,CTY-00002,2022-12-24
CUS-221224002,Aji,Tohir,Male,aji.tohir2077@hotmail.com,086915209607,CTY-00003,2022-12-24
CUS-221224003,Irfan,Iwan,Male,irfan.iwan2078@outlook.com,087247926316,CTY-00003,2022-12-24
CUS-221224004,Nurul,Hanifah,Female,nurul.hanifah2079@icloud.com,081303910664,CTY-00004,2022-12-24
CUS-221226001,Bayu,Deni,Male,bayu.deni2080@icloud.com,086366752743,CTY-00004,2022-12-26
CUS-221226002,Lela,Gayatry,Female,lela.gayatry2081@hotmail.com,085715881548,CTY-00002,2022-12-26
CUS-221228001,Andi,Kiki,Male,andi.kiki2082@outlook.com,086139682535,CTY-00003,2022-12-28
CUS-221229001,Erma,Erika,Female,erma.erika2083@icloud.com,087845681880,CTY-00006,2022-12-29
CUS-221229002,Fransiska,Elena,Female,fransiska.elena2084@hotmail.com,085887585169,CTY-00009,2022-12-29
CUS-221229003,Leni,Irma,Female,leni.irma2085@gmail.com,089282014280,CTY-00003,2022-12-29
CUS-221231001,Fabian,Ima,Female,fabian.ima2086@outlook.com,083743347531,CTY-00010,2022-12-31
CUS-221231002,Leni,Aslih,Female,leni.aslih2087@icloud.com,082120983426,CTY-00005,2022-12-31
CUS-230101001,Arif,Eka,Male,arif.eka2088@hotmail.com,089084033005,CTY-00003,2023-01-01
CUS-230101002,Nabila,Irmina,Female,nabila.irmina2089@outlook.com,082870420828,CTY-00007,2023-01-01
CUS-230102001,Irwan,Robby,Male,irwan.robby2090@icloud.com,086083303543,CTY-00008,2023-01-02
CUS-230102002,Ilham,Pandu,Male,ilham.pandu2091@gmail.com,085776496260,CTY-00010,2023-01-02
CUS-230103001,Ramadhan,Bambang,Male,ramadhan.bambang2092@hotmail.com,081859716145,CTY-00008,2023-01-03
CUS-230103002,Siti,Lee,Female,siti.lee2093@icloud.com,087220540523,CTY-00013,2023-01-03
CUS-230103003,Dika,Jessica,Female,dika.jessica2094@outlook.com,082063808960,CTY-00009,2023-01-03
CUS-230103004,Dede,Miftah,Male,dede.miftah2095@icloud.com,081985468989,CTY-00010,2023-01-03
CUS-230104001,Juwita,Fina,Female,juwita.fina2096@outlook.com,081715156693,CTY-00007,2023-01-04
CUS-230104002,Fauzan,Miftah,Male,fauzan.miftah2097@hotmail.com,089908458383,CTY-00008,2023-01-04
CUS-230104003,Chika,Astiti,Female,chika.astiti2098@yahoo.com,083913850040,CTY-00005,2023-01-04
CUS-230104004,Erlina,Mita,Female,erlina.mita2099@icloud.com,088891452541,CTY-00001,2023-01-04
CUS-230105001,Tobar,Maman,Male,tobar.maman2100@icloud.com,089105465667,CTY-00009,2023-01-05
CUS-230106001,Clara,Nisa,Female,clara.nisa2101@outlook.com,087902722558,CTY-00007,2023-01-06
CUS-230107001,Endra,Tohir,Male,endra.tohir2102@gmail.com,087124566992,CTY-00008,2023-01-07
CUS-230108001,Jose,Castillo,Male,jose.castillo2103@yahoo.com,083136538878,CTY-00014,2023-01-08
CUS-230109001,Antonia,Azzahra,Female,antonia.azzahra2104@hotmail.com,084045827820,CTY-00001,2023-01-09
CUS-230109002,Bara,Sabbar,Male,bara.sabbar2105@gmail.com,089123272305,CTY-00003,2023-01-09
CUS-230111001,Desi,Endah,Female,desi.endah2106@outlook.com,088687968337,CTY-00009,2023-01-11
CUS-230112001,Darma,Ryan,Male,darma.ryan2107@outlook.com,089743758676,CTY-00004,2023-01-12
CUS-230112002,Nurul,Jelita,Female,nurul.jelita2108@hotmail.com,089270220524,CTY-00001,2023-01-12
CUS-230113001,Putra,Raden,Male,putra.raden2109@outlook.com,086076625737,CTY-00001,2023-01-13
CUS-230114001,Yusuf,Yogi,Male,yusuf.yogi2110@outlook.com,081487548519,CTY-00005,2023-01-14
CUS-230116001,Marta,Aulia,Female,marta.aulia2111@hotmail.com,082667183943,CTY-00005,2023-01-16
CUS-230116002,Asrul,Budi,Male,asrul.budi2112@yahoo.com,087959272967,CTY-00005,2023-01-16
CUS-230117001,Eka,Ardhia,Female,eka.ardhia2113@gmail.com,086321677205,CTY-00004,2023-01-17
CUS-230117002,Elsa,Marlina,Female,elsa.marlina2114@hotmail.com,086346045230,CTY-00003,2023-01-17
CUS-230118001,Firman,Oktavian,Male,firman.oktavian2115@gmail.com,082980508913,CTY-00008,2023-01-18
CUS-230118002,Debora,Fifi,Female,debora.fifi2116@yahoo.com,088559538126,CTY-00007,2023-01-18
CUS-230118003,Surya,Bagus,Male,surya.bagus2117@gmail.com,082721570017,CTY-00009,2023-01-18
CUS-230118004,Ridik,Ardi,Male,ridik.ardi2118@hotmail.com,085501057291,CTY-00005,2023-01-18
CUS-230118005,Apsari,Bella,Female,apsari.bella2119@gmail.com,085132774054,CTY-00005,2023-01-18
CUS-230119001,Amanda,Kristina,Female,amanda.kristina2120@icloud.com,086882597853,CTY-00009,2023-01-19
CUS-230119002,Nadia,Lestari,Female,nadia.lestari2121@icloud.com,087017763991,CTY-00008,2023-01-19
CUS-230119003,Kristina,Nabila,Female,kristina.nabila2122@outlook.com,089543452702,CTY-00006,2023-01-19
CUS-230120001,Hafiz,Edi,Male,hafiz.edi2123@outlook.com,087888189466,CTY-00001,2023-01-20
CUS-230120002,Belinda,Linda,Female,belinda.linda2124@icloud.com,081094833224,CTY-00007,2023-01-20
CUS-230120003,Galih,Raden,Male,galih.raden2125@yahoo.com,083530072174,CTY-00001,2023-01-20
CUS-230120004,Febri,Eva,Female,febri.eva2126@gmail.com,088709445111,CTY-00004,2023-01-20
CUS-230120005,Hamzah,Syafiq,Male,hamzah.syafiq2127@gmail.com,083816254318,CTY-00005,2023-01-20
CUS-230121001,Nita,Dita,Female,nita.dita2128@outlook.com,082910206329,CTY-00006,2023-01-21
CUS-230121002,Fahmi,Sabbar,Male,fahmi.sabbar2129@icloud.com,087538448714,CTY-00009,2023-01-21
CUS-230121003,Bobi,Nanda,Male,bobi.nanda2130@gmail.com,082939823389,CTY-00005,2023-01-21
CUS-230121004,Ayu,Hastuti,Female,ayu.hastuti2131@outlook.com,083946369218,CTY-00010,2023-01-21
CUS-230122001,Raka,Maulana,Male,raka.maulana2132@gmail.com,083961079738,CTY-00007,2023-01-22
CUS-230123001,Gani,Risman,Male,gani.risman2133@hotmail.com,086114668601,CTY-00006,2023-01-23
CUS-230123002,Hesti,Ayu,Female,hesti.ayu2134@yahoo.com,082220157520,CTY-00002,2023-01-23
CUS-230123003,Fina,Chesa,Female,fina.chesa2135@hotmail.com,088855845955,CTY-00006,2023-01-23
CUS-230124001,Lucia,Anita,Female,lucia.anita2136@yahoo.com,081943137254,CTY-00007,2023-01-24
CUS-230124002,Sulaiman,Gatot,Male,sulaiman.gatot2137@icloud.com,089573185235,CTY-00008,2023-01-24
CUS-230124003,Wawan,Sigit,Male,wawan.sigit2138@gmail.com,087073002856,CTY-00002,2023-01-24
CUS-230124004,Ningsih,Faiza,Female,ningsih.faiza2139@gmail.com,083470960467,CTY-00001,2023-01-24
CUS-230125001,Samsul,Yudha,Male,samsul.yudha2140@yahoo.com,088186044108,CTY-00006,2023-01-25
CUS-230125002,Mita,Kusuma,Female,mita.kusuma2141@gmail.com,087186773131,CTY-00006,2023-01-25
CUS-230126001,Lukman,Danang,Male,lukman.danang2142@yahoo.com,082394181596,CTY-00010,2023-01-26
CUS-230127001,Bobi,Sandy,Male,bobi.sandy2143@icloud.com,089057638637,CTY-00008,2023-01-27
CUS-230127002,Nugroho,Yogi,Male,nugroho.yogi2144@hotmail.com,081467210139,CTY-00004,2023-01-27
CUS-230128001,Baskara,Sandy,Male,baskara.sandy2145@outlook.com,081266711078,CTY-00006,2023-01-28
CUS-230128002,Antonia,Mila,Female,antonia.mila2146@gmail.com,083236653485,CTY-00002,2023-01-28
CUS-230128003,Erna,Dika,Female,erna.dika2147@hotmail.com,082996698957,CTY-00009,2023-01-28
CUS-230129001,Cokro,Fikri,Male,cokro.fikri2148@hotmail.com,081426404322,CTY-00006,2023-01-29
CUS-230131001,Nila,Karin,Female,nila.karin2149@yahoo.com,081475794723,CTY-00002,2023-01-31
CUS-230131002,Lusia,Arisanti,Female,lusia.arisanti2150@hotmail.com,088606897984,CTY-00001,2023-01-31
CUS-230202001,Mirna,Juliette,Female,mirna.juliette2151@gmail.com,088994374108,CTY-00005,2023-02-02
CUS-230202002,Rido,Anuar,Male,rido.anuar2152@outlook.com,088212788761,CTY-00003,2023-02-02
CUS-230203001,Lusi,Ines,Female,lusi.ines2153@gmail.com,085409046274,CTY-00004,2023-02-03
CUS-230203002,Sarah,Ahmad,Female,sarah.ahmad2154@hotmail.com,086374911987,CTY-00013,2023-02-03
CUS-230204001,Indira,Ermina,Female,indira.ermina2155@yahoo.com,085637958133,CTY-00001,2023-02-04
CUS-230204002,Maya,Amira,Female,maya.amira2156@yahoo.com,088393391302,CTY-00001,2023-02-04
CUS-230205001,Deswita,Antonia,Female,deswita.antonia2157@gmail.com,084847527976,CTY-00005,2023-02-05
CUS-230205002,Anjas,Nurdin,Male,anjas.nurdin2158@yahoo.com,083099408203,CTY-00006,2023-02-05
CUS-230205003,Citra,Juliana,Female,citra.juliana2159@hotmail.com,083743469611,CTY-00001,2023-02-05
CUS-230206001,Jelita,Asti,Female,jelita.asti2160@outlook.com,085164254133,CTY-00010,2023-02-06
CUS-230206002,Nurdin,Kiki,Male,nurdin.kiki2161@gmail.com,083518473838,CTY-00005,2023-02-06
CUS-230207001,Novita,Anindya,Female,novita.anindya2162@icloud.com,081758927390,CTY-00006,2023-02-07
CUS-230207002,Hastuti,Lili,Female,hastuti.lili2163@outlook.com,088478828287,CTY-00008,2023-02-07
CUS-230207003,Darmastuti,Julia,Female,darmastuti.julia2164@outlook.com,085418777534,CTY-00008,2023-02-07
CUS-230208001,Ester,Fitria,Female,ester.fitria2165@yahoo.com,083016271901,CTY-00007,2023-02-08
CUS-230208002,Yoga,Fahmi,Male,yoga.fahmi2166@gmail.com,086782591671,CTY-00006,2023-02-08
CUS-230209001,Hanafi,Dede,Male,hanafi.dede2167@hotmail.com,082703046897,CTY-00010,2023-02-09
CUS-230210001,Imran,Irwan,Male,imran.irwan2168@yahoo.com,089332179954,CTY-00001,2023-02-10
CUS-230212001,Ayu,Klara,Female,ayu.klara2169@icloud.com,083534134996,CTY-00010,2023-02-12
CUS-230212002,Bambang,Mardi,Male,bambang.mardi2170@icloud.com,087089106636,CTY-00006,2023-02-12
CUS-230213001,Irma,Kartini,Female,irma.kartini2171@yahoo.com,081702541134,CTY-00006,2023-02-13
CUS-230214001,Indri,Hapsari,Female,indri.hapsari2172@outlook.com,085403531193,CTY-00003,2023-02-14
CUS-230215001,Bintang,Nurul,Female,bintang.nurul2173@yahoo.com,081883502758,CTY-00007,2023-02-15
CUS-230215002,Ika,Megawati,Female,ika.megawati2174@yahoo.com,088612470811,CTY-00005,2023-02-15
CUS-230215003,Dahlia,Dilla,Female,dahlia.dilla2175@icloud.com,082399254061,CTY-00004,2023-02-15
CUS-230215004,Juwita,Lili,Female,juwita.lili2176@icloud.com,084412033650,CTY-00007,2023-02-15
CUS-230216001,Haniyah,Gisela,Female,haniyah.gisela2177@icloud.com,087930519044,CTY-00003,2023-02-16
CUS-230216002,Kusuma,Mahfud,Male,kusuma.mahfud2178@gmail.com,084114303040,CTY-00009,2023-02-16
CUS-230217001,Eva,Mutia,Female,eva.mutia2179@gmail.com,087639306186,CTY-00005,2023-02-17
CUS-230219001,Purnomo,Ridik,Male,purnomo.ridik2180@yahoo.com,089910152418,CTY-00010,2023-02-19
CUS-230219002,Dimas,Asrul,Male,dimas.asrul2181@hotmail.com,084318974115,CTY-00008,2023-02-19
CUS-230220001,Pandu,Arif,Male,pandu.arif2182@hotmail.com,084576035810,CTY-00002,2023-02-20
CUS-230220002,Habsah,Eka,Female,habsah.eka2183@icloud.com,085964791203,CTY-00007,2023-02-20
CUS-230221001,Aldo,Ramadhan,Male,aldo.ramadhan2184@yahoo.com,085227612470,CTY-00003,2023-02-21
CUS-230221002,Kusuma,Dini,Female,kusuma.dini2185@outlook.com,083366488251,CTY-00003,2023-02-21
CUS-230221003,Arga,Nugroho,Male,arga.nugroho2186@gmail.com,085352005754,CTY-00003,2023-02-21
CUS-230221004,Pratama,Deni,Male,pratama.deni2187@yahoo.com,088337989330,CTY-00005,2023-02-21
CUS-230223001,Dika,Astrid,Female,dika.astrid2188@outlook.com,083489113180,CTY-00007,2023-02-23
CUS-230223002,Paolo,Reyes,Male,paolo.reyes2189@outlook.com,087599523067,CTY-00014,2023-02-23
CUS-230223003,Laksmi,Cempaka,Female,laksmi.cempaka2190@outlook.com,084872311486,CTY-00002,2023-02-23
CUS-230223004,Dini,Maimunah,Female,dini.maimunah2191@icloud.com,082011063938,CTY-00008,2023-02-23
CUS-230225001,Fitria,Erlina,Female,fitria.erlina2192@gmail.com,081679939236,CTY-00009,2023-02-25
CUS-230225002,Mahfud,Rifky,Male,mahfud.rifky2193@outlook.com,088796304929,CTY-00010,2023-02-25
CUS-230226001,Erna,Fitri,Female,erna.fitri2194@icloud.com,089484683959,CTY-00004,2023-02-26
CUS-230226002,Anita,Marta,Female,anita.marta2195@hotmail.com,081027575356,CTY-00003,2023-02-26
CUS-230227001,Dani,Yudha,Male,dani.yudha2196@outlook.com,082010081409,CTY-00003,2023-02-27
CUS-230227002,Fransiska,Febi,Female,fransiska.febi2197@yahoo.com,086431761056,CTY-00005,2023-02-27
CUS-230228001,Melati,Nofi,Female,melati.nofi2198@outlook.com,082247449804,CTY-00005,2023-02-28
CUS-230228002,Juliette,Dinda,Female,juliette.dinda2199@yahoo.com,085487365909,CTY-00003,2023-02-28
CUS-230301001,Chika,Febi,Female,chika.febi2200@outlook.com,082819293480,CTY-00001,2023-03-01
CUS-230301002,Tio,Dandi,Male,tio.dandi2201@hotmail.com,086784593147,CTY-00001,2023-03-01
CUS-230302001,Jefri,Deri,Male,jefri.deri2202@icloud.com,087916637208,CTY-00006,2023-03-02
CUS-230302002,Doni,Raden,Male,doni.raden2203@outlook.com,086643028937,CTY-00003,2023-03-02
CUS-230302003,Purnomo,Ginanjar,Male,purnomo.ginanjar2204@gmail.com,084443695972,CTY-00004,2023-03-02
CUS-230303001,Dika,Lucia,Female,dika.lucia2205@icloud.com,081879324040,CTY-00001,2023-03-03
CUS-230304001,Klara,Eva,Female,klara.eva2206@gmail.com,089028949007,CTY-00009,2023-03-04
CUS-230305001,Surya,Purnomo,Male,surya.purnomo2207@gmail.com,082615239904,CTY-00007,2023-03-05
CUS-230305002,Kasih,Nia,Female,kasih.nia2208@gmail.com,086882528017,CTY-00007,2023-03-05
CUS-230305003,Endra,Hendri,Male,endra.hendri2209@outlook.com,086804405542,CTY-00006,2023-03-05
CUS-230305004,Wibawa,Ikhsan,Male,wibawa.ikhsan2210@gmail.com,081676393006,CTY-00004,2023-03-05
CUS-230306001,Hani,Hesti,Female,hani.hesti2211@gmail.com,081782505348,CTY-00010,2023-03-06
CUS-230306002,Hadi,Dedi,Male,hadi.dedi2212@gmail.com,088974616530,CTY-00008,2023-03-06
CUS-230306003,Zainal,Jefri,Male,zainal.jefri2213@gmail.com,086577864565,CTY-00001,2023-03-06
CUS-230308001,Christian,Torres,Male,christian.torres2214@yahoo.com,086396265263,CTY-00014,2023-03-08
CUS-230309001,Endah,Jessica,Female,endah.jessica2215@hotmail.com,086094996801,CTY-00003,2023-03-09
CUS-230309002,Irmina,Kartini,Female,irmina.kartini2216@outlook.com,089373795099,CTY-00008,2023-03-09
CUS-230309003,Hani,Hanifah,Female,hani.hanifah2217@yahoo.com,083059244580,CTY-00005,2023-03-09
CUS-230310001,Raditya,Yogi,Male,raditya.yogi2218@gmail.com,085437100981,CTY-00002,2023-03-10
CUS-230310002,Hadi,Ridik,Male,hadi.ridik2219@outlook.com,084256538913,CTY-00006,2023-03-10
CUS-230311001,Yosep,Lukman,Male,yosep.lukman2220@icloud.com,086298925544,CTY-00003,2023-03-11
CUS-230312001,Anisa,Dilla,Female,anisa.dilla2221@hotmail.com,085921876882,CTY-00008,2023-03-12
CUS-230313001,Surya,Irwan,Male,surya.irwan2222@outlook.com,085828952515,CTY-00009,2023-03-13
CUS-230313002,Ayu,Lia,Female,ayu.lia2223@gmail.com,084571110341,CTY-00005,2023-03-13
CUS-230314001,Yanto,Arif,Male,yanto.arif2224@icloud.com,086994788142,CTY-00010,2023-03-14
CUS-230314002,Sarah,Abdullah,Female,sarah.abdullah2225@icloud.com,087234678295,CTY-00012,2023-03-14
CUS-230314003,Niken,Eni,Female,niken.eni2226@yahoo.com,088468708128,CTY-00010,2023-03-14
CUS-230314004,Mirna,Grace,Female,mirna.grace2227@outlook.com,089854417798,CTY-00008,2023-03-14
CUS-230315001,Bernadeth,Aslih,Female,bernadeth.aslih2228@yahoo.com,085540771807,CTY-00001,2023-03-15
CUS-230316001,Kasih,Gayatry,Female,kasih.gayatry2229@gmail.com,088408771614,CTY-00003,2023-03-16
CUS-230316002,Gatot,Fajar,Male,gatot.fajar2230@hotmail.com,088468842403,CTY-00005,2023-03-16
CUS-230316003,Fadhilah,Felicia,Female,fadhilah.felicia2231@gmail.com,083505963798,CTY-00010,2023-03-16
CUS-230317001,Lina,Mira,Female,lina.mira2232@icloud.com,085501186995,CTY-00006,2023-03-17
CUS-230317002,Aditya,Yuda,Male,aditya.yuda2233@yahoo.com,085173732214,CTY-00001,2023-03-17
CUS-230318001,Arsita,Lita,Female,arsita.lita2234@hotmail.com,082603192135,CTY-00007,2023-03-18
CUS-230318002,Erma,Dini,Female,erma.dini2235@gmail.com,085940790307,CTY-00009,2023-03-18
CUS-230319001,Komalasari,Irmina,Female,komalasari.irmina2236@hotmail.com,087380346149,CTY-00010,2023-03-19
CUS-230319002,Darren,Wong,Male,darren.wong2237@outlook.com,085649357749,CTY-00011,2023-03-19
CUS-230321001,Nofi,Bella,Female,nofi.bella2238@yahoo.com,085454225373,CTY-00006,2023-03-21
CUS-230321002,Endang,Bintang,Female,endang.bintang2239@yahoo.com,083896625047,CTY-00005,2023-03-21
CUS-230321003,Ines,Nina,Female,ines.nina2240@hotmail.com,089610122119,CTY-00008,2023-03-21
CUS-230322001,Atsilah,Ira,Female,atsilah.ira2241@icloud.com,084620746076,CTY-00009,2023-03-22
CUS-230323001,Ibrahim,Mahfud,Male,ibrahim.mahfud2242@gmail.com,086126624733,CTY-00006,2023-03-23
CUS-230323002,Rian,Andre,Male,rian.andre2243@hotmail.com,084217807330,CTY-00010,2023-03-23
CUS-230324001,Sandy,Lukman,Male,sandy.lukman2244@gmail.com,084642619488,CTY-00009,2023-03-24
CUS-230324002,Gada,Nugroho,Male,gada.nugroho2245@gmail.com,085090807152,CTY-00003,2023-03-24
CUS-230325001,Melani,Maya,Female,melani.maya2246@icloud.com,085277452160,CTY-00009,2023-03-25
CUS-230325002,Hesti,Eka,Female,hesti.eka2247@gmail.com,084605403472,CTY-00002,2023-03-25
CUS-230327001,Cokro,Raditya,Male,cokro.raditya2248@yahoo.com,084316555417,CTY-00010,2023-03-27
CUS-230327002,Yuda,Yudhi,Male,yuda.yudhi2249@gmail.com,087925134302,CTY-00007,2023-03-27
CUS-230327003,Bambang,Rafi,Male,bambang.rafi2250@yahoo.com,087776669668,CTY-00003,2023-03-27
CUS-230328001,Bryan,Chua,Male,bryan.chua2251@yahoo.com,087720304757,CTY-00011,2023-03-28
CUS-230328002,Della,Mita,Female,della.mita2252@gmail.com,086648238094,CTY-00007,2023-03-28
CUS-230328003,Deri,Dede,Male,deri.dede2253@outlook.com,084602529477,CTY-00004,2023-03-28
CUS-230329001,Irmagard,Annisa,Female,irmagard.annisa2254@hotmail.com,082835757589,CTY-00006,2023-03-29
CUS-230329002,Darren,Tan,Male,darren.tan2255@gmail.com,089263867754,CTY-00011,2023-03-29
CUS-230330001,Didi,Rafi,Male,didi.rafi2256@hotmail.com,084132100186,CTY-00009,2023-03-30
CUS-230330002,Emilia,Ayu,Female,emilia.ayu2257@hotmail.com,089833580893,CTY-00008,2023-03-30
CUS-230331001,Annisa,Erni,Female,annisa.erni2258@icloud.com,088325867882,CTY-00009,2023-03-31
CUS-230331002,Doni,Aldo,Male,doni.aldo2259@hotmail.com,082447647996,CTY-00003,2023-03-31
CUS-230401001,Bagus,Ghafar,Male,bagus.ghafar2260@gmail.com,085907140621,CTY-00009,2023-04-01
CUS-230402001,Fadli,Hens,Male,fadli.hens2261@yahoo.com,089869568837,CTY-00001,2023-04-02
CUS-230402002,Aji,Prabowo,Male,aji.prabowo2262@outlook.com,089928684615,CTY-00004,2023-04-02
CUS-230402003,Deri,Prabowo,Male,deri.prabowo2263@yahoo.com,081135137850,CTY-00006,2023-04-02
CUS-230402004,Rahmad,Baskara,Male,rahmad.baskara2264@outlook.com,087449435247,CTY-00010,2023-04-02
CUS-230403001,Yudi,Irfan,Male,yudi.irfan2265@outlook.com,081155258492,CTY-00007,2023-04-03
CUS-230403002,Astiti,Lusia,Female,astiti.lusia2266@gmail.com,084106993123,CTY-00007,2023-04-03
CUS-230403003,Arisanti,Mita,Female,arisanti.mita2267@icloud.com,085120325926,CTY-00006,2023-04-03
CUS-230403004,Zul,Abdullah,Male,zul.abdullah2268@gmail.com,085761301815,CTY-00012,2023-04-03
CUS-230404001,Indira,Irma,Female,indira.irma2269@yahoo.com,084171230803,CTY-00004,2023-04-04
CUS-230404002,Indri,Irmina,Female,indri.irmina2270@yahoo.com,088738430699,CTY-00009,2023-04-04
CUS-230404003,Desi,Indira,Female,desi.indira2271@icloud.com,083607280879,CTY-00004,2023-04-04
CUS-230405001,Aurelia,Dika,Female,aurelia.dika2272@yahoo.com,089785499868,CTY-00007,2023-04-05
CUS-230405002,Wibawa,Aldo,Male,wibawa.aldo2273@icloud.com,083863028365,CTY-00001,2023-04-05
CUS-230405003,Tomy,Hambali,Male,tomy.hambali2274@yahoo.com,085927926571,CTY-00001,2023-04-05
CUS-230406001,Ester,Kartini,Female,ester.kartini2275@gmail.com,082250147127,CTY-00008,2023-04-06
CUS-230407001,Yudha,Danang,Male,yudha.danang2276@gmail.com,081243608315,CTY-00007,2023-04-07
CUS-230407002,Erni,Elisa,Female,erni.elisa2277@outlook.com,089699134092,CTY-00001,2023-04-07
CUS-230408001,Wibawa,Aditya,Male,wibawa.aditya2278@outlook.com,081179504140,CTY-00006,2023-04-08
CUS-230408002,Bahar,Andre,Male,bahar.andre2279@icloud.com,086590429934,CTY-00003,2023-04-08
CUS-230408003,Mutia,Megawati,Female,mutia.megawati2280@yahoo.com,083708640208,CTY-00007,2023-04-08
CUS-230409001,Lukman,Tio,Male,lukman.tio2281@icloud.com,087523655066,CTY-00010,2023-04-09
CUS-230409002,Cinta,Fitri,Female,cinta.fitri2282@gmail.com,089162971887,CTY-00009,2023-04-09
CUS-230409003,Budi,Tri,Male,budi.tri2283@outlook.com,082796846026,CTY-00002,2023-04-09
CUS-230409004,Laksmi,Lita,Female,laksmi.lita2284@yahoo.com,086582421998,CTY-00004,2023-04-09
CUS-230410001,Arsita,Arisanti,Female,arsita.arisanti2285@yahoo.com,084440996748,CTY-00009,2023-04-10
CUS-230410002,Mira,Nita,Female,mira.nita2286@icloud.com,084427039853,CTY-00009,2023-04-10
CUS-230411001,Mila,Juliana,Female,mila.juliana2287@hotmail.com,089489375612,CTY-00005,2023-04-11
CUS-230412001,Helena,Endang,Female,helena.endang2288@outlook.com,087804450271,CTY-00002,2023-04-12
CUS-230413001,Husni,Hambali,Male,husni.hambali2289@outlook.com,081865131703,CTY-00005,2023-04-13
CUS-230413002,Ichsan,Dimas,Male,ichsan.dimas2290@yahoo.com,082574704640,CTY-00007,2023-04-13
CUS-230413003,Edi,Indra,Male,edi.indra2291@yahoo.com,081103895028,CTY-00007,2023-04-13
CUS-230413004,Setiawan,Dandi,Male,setiawan.dandi2292@gmail.com,081393467632,CTY-00010,2023-04-13
CUS-230413005,Andre,Setyo,Male,andre.setyo2293@gmail.com,083630221087,CTY-00009,2023-04-13
CUS-230415001,Chika,Lativa,Female,chika.lativa2294@yahoo.com,089541204482,CTY-00009,2023-04-15
CUS-230416001,Kusuma,Aida,Female,kusuma.aida2295@icloud.com,088591868728,CTY-00009,2023-04-16
CUS-230416002,Zul,Hassan,Male,zul.hassan2296@gmail.com,087993103095,CTY-00012,2023-04-16
CUS-230417001,Ramadhan,Ismail,Male,ramadhan.ismail2297@yahoo.com,087500545892,CTY-00003,2023-04-17
CUS-230417002,Satya,Raja,Male,satya.raja2298@icloud.com,085363471550,CTY-00006,2023-04-17
CUS-230417003,Bunga,Aura,Female,bunga.aura2299@hotmail.com,083154812904,CTY-00004,2023-04-17
CUS-230418001,Farida,Irma,Female,farida.irma2300@outlook.com,089945167597,CTY-00009,2023-04-18
CUS-230419001,Evi,Erma,Female,evi.erma2301@icloud.com,084228834620,CTY-00002,2023-04-19
CUS-230420001,Mira,Dika,Female,mira.dika2302@yahoo.com,081893464829,CTY-00005,2023-04-20
CUS-230421001,Larasati,Kusuma,Female,larasati.kusuma2303@outlook.com,082173141269,CTY-00003,2023-04-21
CUS-230421002,Muhammad,Teguh,Male,muhammad.teguh2304@icloud.com,088464289350,CTY-00010,2023-04-21
CUS-230421003,Annisa,Darmastuti,Female,annisa.darmastuti2305@gmail.com,087719324568,CTY-00009,2023-04-21
CUS-230422001,Evi,Aurelia,Female,evi.aurelia2306@yahoo.com,086499983438,CTY-00005,2023-04-22
CUS-230422002,Rangga,Zul,Male,rangga.zul2307@yahoo.com,086247659886,CTY-00007,2023-04-22
CUS-230422003,Erni,Clara,Female,erni.clara2308@icloud.com,083130470462,CTY-00006,2023-04-22
CUS-230423001,Ryan,Dandi,Male,ryan.dandi2309@hotmail.com,085313769013,CTY-00008,2023-04-23
CUS-230423002,Gatot,Ridik,Male,gatot.ridik2310@gmail.com,084637601383,CTY-00004,2023-04-23
CUS-230423003,Nugroho,Mario,Male,nugroho.mario2311@gmail.com,082336319084,CTY-00001,2023-04-23
CUS-230424001,Tio,Mario,Male,tio.mario2312@outlook.com,088337459280,CTY-00003,2023-04-24
CUS-230424002,Gani,Sabbar,Male,gani.sabbar2313@outlook.com,081676924358,CTY-00001,2023-04-24
CUS-230424003,Arya,Cahyo,Male,arya.cahyo2314@outlook.com,081621252823,CTY-00003,2023-04-24
CUS-230425001,Raditya,Doni,Male,raditya.doni2315@hotmail.com,089959351899,CTY-00004,2023-04-25
CUS-230425002,Asrul,Rama,Male,asrul.rama2316@yahoo.com,084968985165,CTY-00007,2023-04-25
CUS-230425003,Patricia,Bautista,Female,patricia.bautista2317@gmail.com,087691832355,CTY-00014,2023-04-25
CUS-230426001,Wibowo,Syafiq,Male,wibowo.syafiq2318@hotmail.com,082732167976,CTY-00005,2023-04-26
CUS-230428001,Juliette,Damanik,Female,juliette.damanik2319@hotmail.com,086175825617,CTY-00010,2023-04-28
CUS-230428002,Rangga,Setiawan,Male,rangga.setiawan2320@outlook.com,089334032134,CTY-00006,2023-04-28
CUS-230428003,Indah,Atsilah,Female,indah.atsilah2321@yahoo.com,081846080417,CTY-00004,2023-04-28
CUS-230428004,Liana,Aurelia,Female,liana.aurelia2322@icloud.com,089073225567,CTY-00004,2023-04-28
CUS-230429001,Aji,Budi,Male,aji.budi2323@yahoo.com,089360255788,CTY-00008,2023-04-29
CUS-230429002,Fifi,Galuh,Female,fifi.galuh2324@yahoo.com,083469705973,CTY-00002,2023-04-29
CUS-230429003,Novi,Fitria,Female,novi.fitria2325@yahoo.com,083307133133,CTY-00010,2023-04-29
CUS-230430001,Fransiska,Lina,Female,fransiska.lina2326@yahoo.com,089762917947,CTY-00005,2023-04-30
CUS-230430002,Irwan,Yayat,Male,irwan.yayat2327@hotmail.com,081824432745,CTY-00006,2023-04-30
CUS-230430003,Belinda,Hania,Female,belinda.hania2328@hotmail.com,084771979689,CTY-00002,2023-04-30
CUS-230502001,Lia,Ima,Female,lia.ima2329@gmail.com,085868988935,CTY-00010,2023-05-02
CUS-230502002,Nadin,Grace,Female,nadin.grace2330@outlook.com,082217014199,CTY-00007,2023-05-02
CUS-230502003,Dika,Kristina,Female,dika.kristina2331@yahoo.com,087037769951,CTY-00005,2023-05-02
CUS-230503001,Rifky,Supri,Male,rifky.supri2332@gmail.com,083728231655,CTY-00010,2023-05-03
CUS-230503002,Chika,Asmira,Female,chika.asmira2333@hotmail.com,086275082321,CTY-00007,2023-05-03
CUS-230503003,Pradipa,Ilham,Male,pradipa.ilham2334@hotmail.com,087910856512,CTY-00001,2023-05-03
CUS-230505001,Gede,Yudi,Male,gede.yudi2335@hotmail.com,085835436481,CTY-00009,2023-05-05
CUS-230505002,Joshua,Ramos,Male,joshua.ramos2336@icloud.com,081240420624,CTY-00014,2023-05-05
CUS-230505003,Rico,Junaedi,Male,rico.junaedi2337@gmail.com,083494730565,CTY-00005,2023-05-05
CUS-230506001,Erlina,Ayu,Female,erlina.ayu2338@outlook.com,088724861760,CTY-00007,2023-05-06
CUS-230506002,Sunandar,Aris,Male,sunandar.aris2339@outlook.com,089888027850,CTY-00001,2023-05-06
CUS-230507001,Priya,Hassan,Female,priya.hassan2340@yahoo.com,087960349363,CTY-00012,2023-05-07
CUS-230507002,Farah,Niken,Female,farah.niken2341@hotmail.com,081493525801,CTY-00010,2023-05-07
CUS-230507003,Mila,Indri,Female,mila.indri2342@icloud.com,081232567221,CTY-00002,2023-05-07
CUS-230511001,Yoga,Gani,Male,yoga.gani2343@yahoo.com,089330488492,CTY-00009,2023-05-11
CUS-230511002,Dafiz,Hendra,Male,dafiz.hendra2344@outlook.com,086385380245,CTY-00001,2023-05-11
CUS-230511003,Dewa,Agung,Male,dewa.agung2345@outlook.com,085032470267,CTY-00003,2023-05-11
CUS-230511004,Bunga,Linda,Female,bunga.linda2346@hotmail.com,085030593769,CTY-00002,2023-05-11
CUS-230512001,Raja,Bari,Male,raja.bari2347@outlook.com,085776695105,CTY-00007,2023-05-12
CUS-230513001,Christian,Garcia,Male,christian.garcia2348@hotmail.com,087223048206,CTY-00014,2023-05-13
CUS-230513002,Murni,Diana,Female,murni.diana2349@yahoo.com,083755331342,CTY-00007,2023-05-13
CUS-230513003,Indra,Agus,Male,indra.agus2350@hotmail.com,088790807138,CTY-00009,2023-05-13
CUS-230513004,Kartini,Fransiska,Female,kartini.fransiska2351@icloud.com,083791017919,CTY-00002,2023-05-13
CUS-230514001,Fifi,Helena,Female,fifi.helena2352@gmail.com,083072288345,CTY-00004,2023-05-14
CUS-230514002,Mita,Melia,Female,mita.melia2353@hotmail.com,083424938412,CTY-00009,2023-05-14
CUS-230514003,Bari,Oki,Male,bari.oki2354@yahoo.com,081597932952,CTY-00002,2023-05-14
CUS-230514004,Evi,Diana,Female,evi.diana2355@yahoo.com,087917927902,CTY-00008,2023-05-14
CUS-230515001,Fikri,Gatot,Male,fikri.gatot2356@yahoo.com,085400182707,CTY-00002,2023-05-15
CUS-230515002,Niken,Irene,Female,niken.irene2357@hotmail.com,084236330088,CTY-00004,2023-05-15
CUS-230515003,Elena,Chesa,Female,elena.chesa2358@hotmail.com,082257679946,CTY-00004,2023-05-15
CUS-230516001,Agnes,Amanda,Female,agnes.amanda2359@gmail.com,083191955849,CTY-00002,2023-05-16
CUS-230516002,Mahfud,Yoga,Male,mahfud.yoga2360@icloud.com,086813290080,CTY-00003,2023-05-16
CUS-230516003,Vino,Taufik,Male,vino.taufik2361@icloud.com,083443831120,CTY-00003,2023-05-16
CUS-230517001,Gayatry,Nofi,Female,gayatry.nofi2362@yahoo.com,088678055978,CTY-00001,2023-05-17
CUS-230517002,Deni,Yunus,Male,deni.yunus2363@icloud.com,083587622411,CTY-00002,2023-05-17
CUS-230517003,Tomy,Fauzan,Male,tomy.fauzan2364@hotmail.com,087277637318,CTY-00007,2023-05-17
CUS-230518001,Ermina,Nadin,Female,ermina.nadin2365@gmail.com,084685094936,CTY-00010,2023-05-18
CUS-230519001,Trisna,Firman,Male,trisna.firman2366@outlook.com,085382161654,CTY-00007,2023-05-19
CUS-230519002,Ichsan,Firman,Male,ichsan.firman2367@icloud.com,081220507925,CTY-00001,2023-05-19
CUS-230520001,Nicole,Flores,Female,nicole.flores2368@hotmail.com,085176053120,CTY-00014,2023-05-20
CUS-230521001,Pradipa,Arga,Male,pradipa.arga2369@icloud.com,082103917704,CTY-00006,2023-05-21
CUS-230521002,Anto,Hamzah,Male,anto.hamzah2370@hotmail.com,087617794577,CTY-00001,2023-05-21
CUS-230522001,Supri,Wira,Male,supri.wira2371@icloud.com,081264461422,CTY-00005,2023-05-22
CUS-230522002,Febi,Galuh,Female,febi.galuh2372@yahoo.com,087408107624,CTY-00008,2023-05-22
CUS-230522003,Imam,Taufik,Male,imam.taufik2373@outlook.com,082485523176,CTY-00008,2023-05-22
CUS-230523001,Tio,Rifa'i,Male,tio.rifa'i2374@gmail.com,087590985312,CTY-00002,2023-05-23
CUS-230523002,Anisa,Subramaniam,Female,anisa.subramaniam2375@hotmail.com,085011071904,CTY-00012,2023-05-23
CUS-230524001,Anuar,Anjas,Male,anuar.anjas2376@hotmail.com,083452732616,CTY-00005,2023-05-24
CUS-230525001,Dwi,Aurelia,Female,dwi.aurelia2377@outlook.com,081621004605,CTY-00007,2023-05-25
CUS-230525002,Taufik,Maulana,Male,taufik.maulana2378@hotmail.com,083403439346,CTY-00007,2023-05-25
CUS-230525003,Zul,Ibrahim,Male,zul.ibrahim2379@gmail.com,082613011460,CTY-00013,2023-05-25
CUS-230525004,Arisanti,Bintang,Female,arisanti.bintang2380@icloud.com,087689133511,CTY-00010,2023-05-25
CUS-230526001,Yudhi,Bagus,Male,yudhi.bagus2381@icloud.com,084122779201,CTY-00007,2023-05-26
CUS-230527001,Rifky,Mahfud,Male,rifky.mahfud2382@gmail.com,085885311062,CTY-00005,2023-05-27
CUS-230527002,Sunandar,Yuda,Male,sunandar.yuda2383@hotmail.com,082422458569,CTY-00004,2023-05-27
CUS-230527003,Yudha,Akbar,Male,yudha.akbar2384@yahoo.com,084250693098,CTY-00004,2023-05-27
CUS-230528001,Dafiz,Yunus,Male,dafiz.yunus2385@gmail.com,089035243311,CTY-00010,2023-05-28
CUS-230528002,Asmira,Helena,Female,asmira.helena2386@yahoo.com,083656862177,CTY-00004,2023-05-28
CUS-230528003,Nofi,Helena,Female,nofi.helena2387@outlook.com,081152576860,CTY-00004,2023-05-28
CUS-230601001,Murni,Ningsih,Female,murni.ningsih2388@gmail.com,086206398190,CTY-00009,2023-06-01
CUS-230601002,Mellisa,Arieska,Female,mellisa.arieska2389@hotmail.com,084436018525,CTY-00004,2023-06-01
CUS-230601003,Mira,Irma,Female,mira.irma2390@icloud.com,089039098576,CTY-00003,2023-06-01
CUS-230602001,Rifky,Kukuh,Male,rifky.kukuh2391@gmail.com,082089675930,CTY-00008,2023-06-02
CUS-230602002,Tito,Rico,Male,tito.rico2392@icloud.com,084074500005,CTY-00006,2023-06-02
CUS-230602003,Bernadeth,Anita,Female,bernadeth.anita2393@icloud.com,083649986087,CTY-00001,2023-06-02
CUS-230602004,Ghafar,Bagus,Male,ghafar.bagus2394@outlook.com,087215779816,CTY-00004,2023-06-02
CUS-230602005,Nurdin,Eko,Male,nurdin.eko2395@icloud.com,087927569723,CTY-00004,2023-06-02
CUS-230603001,Megawati,Chesa,Female,megawati.chesa2396@hotmail.com,087196575821,CTY-00002,2023-06-03
CUS-230603002,Fadilah,Lili,Female,fadilah.lili2397@outlook.com,087779695133,CTY-00001,2023-06-03
CUS-230603003,Irmina,Dilla,Female,irmina.dilla2398@icloud.com,084321699637,CTY-00008,2023-06-03
CUS-230604001,Nia,Maya,Female,nia.maya2399@yahoo.com,082851503565,CTY-00004,2023-06-04
CUS-230604002,Aida,Ardhia,Female,aida.ardhia2400@hotmail.com,087910351956,CTY-00009,2023-06-04
CUS-230605001,Prabowo,Oki,Male,prabowo.oki2401@hotmail.com,089993512731,CTY-00008,2023-06-05
CUS-230606001,Mutia,Apsari,Female,mutia.apsari2402@yahoo.com,087490189616,CTY-00002,2023-06-06
CUS-230606002,Grace,Erlina,Female,grace.erlina2403@hotmail.com,086483429255,CTY-00005,2023-06-06
CUS-230607001,Dimas,Laksmana,Male,dimas.laksmana2404@hotmail.com,084083388388,CTY-00007,2023-06-07
CUS-230607002,Firdaus,Ismail,Male,firdaus.ismail2405@icloud.com,088016828142,CTY-00012,2023-06-07
CUS-230608001,Hafiz,Zaki,Male,hafiz.zaki2406@icloud.com,085755246737,CTY-00003,2023-06-08
CUS-230608002,Hanifah,Jelita,Female,hanifah.jelita2407@hotmail.com,086577646135,CTY-00005,2023-06-08
CUS-230608003,Novi,Dini,Female,novi.dini2408@outlook.com,082514665864,CTY-00002,2023-06-08
CUS-230608004,Lela,Faiza,Female,lela.faiza2409@icloud.com,089720596213,CTY-00001,2023-06-08
CUS-230610001,Dwi,Chika,Female,dwi.chika2410@outlook.com,086883714398,CTY-00001,2023-06-10
CUS-230610002,Mamat,Sabbar,Male,mamat.sabbar2411@yahoo.com,081570395673,CTY-00006,2023-06-10
CUS-230610003,Bari,Yusuf,Male,bari.yusuf2412@hotmail.com,081318691171,CTY-00002,2023-06-10
CUS-230610004,Fitri,Nilam,Female,fitri.nilam2413@icloud.com,089210462100,CTY-00005,2023-06-10
CUS-230611001,Hana,Dika,Female,hana.dika2414@outlook.com,083153703067,CTY-00008,2023-06-11
CUS-230611002,Bulan,Dayu,Female,bulan.dayu2415@icloud.com,084442998710,CTY-00005,2023-06-11
CUS-230611003,Teguh,Dewa,Male,teguh.dewa2416@icloud.com,086738225474,CTY-00006,2023-06-11
CUS-230611004,Dara,Ariani,Female,dara.ariani2417@outlook.com,089100663680,CTY-00004,2023-06-11
CUS-230611005,Elang,Rudy,Male,elang.rudy2418@yahoo.com,081908707537,CTY-00006,2023-06-11
CUS-230612001,Setiawan,Wisnu,Male,setiawan.wisnu2419@outlook.com,086413581090,CTY-00002,2023-06-12
CUS-230613001,Hafiz,Lee,Male,hafiz.lee2420@yahoo.com,082106416815,CTY-00012,2023-06-13
CUS-230613002,Nia,Gayatry,Female,nia.gayatry2421@icloud.com,087481300230,CTY-00002,2023-06-13
CUS-230614001,Nila,Dewi,Female,nila.dewi2422@icloud.com,081407402240,CTY-00006,2023-06-14
CUS-230615001,Laura,Atsilah,Female,laura.atsilah2423@hotmail.com,083214344865,CTY-00009,2023-06-15
CUS-230615002,Dini,Agnes,Female,dini.agnes2424@gmail.com,084796958860,CTY-00005,2023-06-15
CUS-230616001,Monika,Gita,Female,monika.gita2425@gmail.com,081908756424,CTY-00007,2023-06-16
CUS-230617001,Risman,Rifky,Male,risman.rifky2426@outlook.com,082640134756,CTY-00008,2023-06-17
CUS-230617002,Jasmine,Laksmi,Female,jasmine.laksmi2427@yahoo.com,088949909317,CTY-00005,2023-06-17
CUS-230617003,Jason,Teo,Male,jason.teo2428@yahoo.com,081508146483,CTY-00011,2023-06-17
CUS-230618001,Melinda,Atsilah,Female,melinda.atsilah2429@outlook.com,086885118480,CTY-00010,2023-06-18
CUS-230618002,Fikri,Rudy,Male,fikri.rudy2430@icloud.com,088452236150,CTY-00004,2023-06-18
CUS-230618003,Dwi,Supri,Male,dwi.supri2431@outlook.com,082694995933,CTY-00003,2023-06-18
CUS-230618004,Dani,Kusuma,Male,dani.kusuma2432@yahoo.com,085894756216,CTY-00006,2023-06-18
CUS-230619001,Nila,Lita,Female,nila.lita2433@yahoo.com,085965339296,CTY-00010,2023-06-19
CUS-230620001,Kevin,Tay,Male,kevin.tay2434@gmail.com,083016898288,CTY-00011,2023-06-20
CUS-230620002,Anindya,Antonia,Female,anindya.antonia2435@icloud.com,085119534506,CTY-00007,2023-06-20
CUS-230621001,Asti,Irmagard,Female,asti.irmagard2436@gmail.com,081105876648,CTY-00001,2023-06-21
CUS-230621002,Liana,Fina,Female,liana.fina2437@gmail.com,083319283989,CTY-00009,2023-06-21
CUS-230621003,Annisa,Chika,Female,annisa.chika2438@icloud.com,081121282372,CTY-00002,2023-06-21
CUS-230621004,Elsa,Jenia,Female,elsa.jenia2439@yahoo.com,085885580124,CTY-00008,2023-06-21
CUS-230622001,Zul,Arga,Male,zul.arga2440@hotmail.com,089355375592,CTY-00002,2023-06-22
CUS-230622002,Atsilah,Maya,Female,atsilah.maya2441@icloud.com,085009437199,CTY-00006,2023-06-22
CUS-230623001,Bernadeth,Cempaka,Female,bernadeth.cempaka2442@icloud.com,082945259164,CTY-00006,2023-06-23
CUS-230623002,Nabila,Nina,Female,nabila.nina2443@outlook.com,081008673882,CTY-00001,2023-06-23
CUS-230623003,Maya,Monika,Female,maya.monika2444@icloud.com,085504237257,CTY-00005,2023-06-23
CUS-230625001,Setyo,Agus,Male,setyo.agus2445@icloud.com,087528111331,CTY-00009,2023-06-25
CUS-230625002,Erwin,Ginanjar,Male,erwin.ginanjar2446@hotmail.com,082073509233,CTY-00009,2023-06-25
CUS-230625003,Diana,Dita,Female,diana.dita2447@outlook.com,087966582092,CTY-00003,2023-06-25
CUS-230625004,Dina,Indira,Female,dina.indira2448@outlook.com,083238247358,CTY-00009,2023-06-25
CUS-230626001,Amanda,Ong,Female,amanda.ong2449@icloud.com,088533760749,CTY-00011,2023-06-26
CUS-230626002,Jason,Lee,Male,jason.lee2450@icloud.com,086732879011,CTY-00011,2023-06-26
CUS-230627001,Elang,Hamzah,Male,elang.hamzah2451@gmail.com,085327226431,CTY-00008,2023-06-27
CUS-230627002,Yadi,Roni,Male,yadi.roni2452@gmail.com,088194505100,CTY-00002,2023-06-27
CUS-230627003,Irene,Hanifah,Female,irene.hanifah2453@hotmail.com,085890378129,CTY-00006,2023-06-27
CUS-230627004,Ester,Monika,Female,ester.monika2454@icloud.com,084935423226,CTY-00008,2023-06-27
CUS-230628001,Taufik,Rico,Male,taufik.rico2455@gmail.com,086232636381,CTY-00006,2023-06-28
CUS-230628002,Dinda,Marta,Female,dinda.marta2456@gmail.com,086732429695,CTY-00010,2023-06-28
CUS-230628003,Indra,Aris,Male,indra.aris2457@yahoo.com,086716645445,CTY-00002,2023-06-28
CUS-230629001,Dara,Mita,Female,dara.mita2458@icloud.com,085604629854,CTY-00007,2023-06-29
CUS-230629002,Diana,Ita,Female,diana.ita2459@gmail.com,083423469849,CTY-00004,2023-06-29
CUS-230629003,Imam,Panji,Male,imam.panji2460@outlook.com,086470315709,CTY-00010,2023-06-29
CUS-230629004,Hendra,Joko,Male,hendra.joko2461@gmail.com,084273956862,CTY-00010,2023-06-29
CUS-230630001,Amanda,Novi,Female,amanda.novi2462@yahoo.com,084301417196,CTY-00007,2023-06-30
CUS-230701001,Fauzan,Nanda,Male,fauzan.nanda2463@gmail.com,086790106147,CTY-00009,2023-07-01
CUS-230701002,Gaby,Melinda,Female,gaby.melinda2464@hotmail.com,085271667652,CTY-00001,2023-07-01
CUS-230702001,Utomo,Putra,Male,utomo.putra2465@icloud.com,089181356492,CTY-00002,2023-07-02
CUS-230703001,Erwin,Edi,Male,erwin.edi2466@icloud.com,088691209250,CTY-00010,2023-07-03
CUS-230704001,Kasih,Azzahra,Female,kasih.azzahra2467@outlook.com,085708966697,CTY-00010,2023-07-04
CUS-230704002,Aulia,Arsita,Female,aulia.arsita2468@outlook.com,085276867645,CTY-00007,2023-07-04
CUS-230706001,Bambang,Satria,Male,bambang.satria2469@outlook.com,086427192576,CTY-00002,2023-07-06
CUS-230707001,Sujatmiko,Arga,Male,sujatmiko.arga2470@hotmail.com,089924117872,CTY-00008,2023-07-07
CUS-230707002,Hapsari,Melia,Female,hapsari.melia2471@gmail.com,084635551843,CTY-00002,2023-07-07
CUS-230707003,Fahmi,Gede,Male,fahmi.gede2472@outlook.com,087702754060,CTY-00005,2023-07-07
CUS-230708001,Hana,Ayu,Female,hana.ayu2473@outlook.com,088355716047,CTY-00003,2023-07-08
CUS-230708002,Gaby,Gita,Female,gaby.gita2474@yahoo.com,086346406301,CTY-00008,2023-07-08
CUS-230708003,Melia,Ardhia,Female,melia.ardhia2475@gmail.com,081800554399,CTY-00009,2023-07-08
CUS-230708004,Bagas,Trisna,Male,bagas.trisna2476@icloud.com,083823089284,CTY-00002,2023-07-08
CUS-230708005,Ita,Fitria,Female,ita.fitria2477@icloud.com,084079768903,CTY-00006,2023-07-08
CUS-230709001,Kukuh,Akbar,Male,kukuh.akbar2478@icloud.com,083617351119,CTY-00010,2023-07-09
CUS-230710001,Irma,Daria,Female,irma.daria2479@gmail.com,082199389711,CTY-00004,2023-07-10
CUS-230711001,Aris,Arga,Male,aris.arga2480@yahoo.com,087098058374,CTY-00002,2023-07-11
CUS-230711002,Ikhsan,Dewa,Male,ikhsan.dewa2481@hotmail.com,084327525342,CTY-00003,2023-07-11
CUS-230711003,Alya,Meyli,Female,alya.meyli2482@outlook.com,089758379207,CTY-00003,2023-07-11
CUS-230711004,Kusuma,Elina,Female,kusuma.elina2483@icloud.com,087335175643,CTY-00008,2023-07-11
CUS-230711005,Rangga,Deri,Male,rangga.deri2484@yahoo.com,083873156712,CTY-00007,2023-07-11
CUS-230713001,Nurdin,Iwan,Male,nurdin.iwan2485@icloud.com,087256484147,CTY-00003,2023-07-13
CUS-230713002,Rafi,Arga,Male,rafi.arga2486@hotmail.com,083596650125,CTY-00010,2023-07-13
CUS-230714001,Raditya,Hanafi,Male,raditya.hanafi2487@yahoo.com,082660995918,CTY-00008,2023-07-14
CUS-230714002,Surya,Imran,Male,surya.imran2488@icloud.com,086294829209,CTY-00010,2023-07-14
CUS-230714003,Mila,Kristina,Female,mila.kristina2489@outlook.com,087203125632,CTY-00009,2023-07-14
CUS-230715001,Anjas,Hamzah,Male,anjas.hamzah2490@gmail.com,081841395756,CTY-00004,2023-07-15
CUS-230715002,Nurul,Ahmad,Female,nurul.ahmad2491@outlook.com,087537861124,CTY-00013,2023-07-15
CUS-230715003,Yadi,Irfan,Male,yadi.irfan2492@icloud.com,085111268795,CTY-00003,2023-07-15
CUS-230715004,Candra,Dian,Male,candra.dian2493@icloud.com,089406511104,CTY-00005,2023-07-15
CUS-230715005,Nur,Zul,Male,nur.zul2494@gmail.com,082467860783,CTY-00004,2023-07-15
CUS-230716001,Niken,Ayu,Female,niken.ayu2495@yahoo.com,085936906985,CTY-00010,2023-07-16
CUS-230716002,Rifky,Miko,Male,rifky.miko2496@outlook.com,083447491107,CTY-00010,2023-07-16
CUS-230716003,Chesa,Niken,Female,chesa.niken2497@gmail.com,089532605424,CTY-00006,2023-07-16
CUS-230717001,Erwin,Imran,Male,erwin.imran2498@outlook.com,088722121686,CTY-00009,2023-07-17
CUS-230717002,Kasih,Deswita,Female,kasih.deswita2499@hotmail.com,088369533554,CTY-00008,2023-07-17
CUS-230717003,Dewi,Dwi,Female,dewi.dwi2500@yahoo.com,087178345711,CTY-00006,2023-07-17
CUS-230717004,Rizki,Bara,Male,rizki.bara2501@yahoo.com,088369920855,CTY-00006,2023-07-17
CUS-230718001,Febi,Elvira,Female,febi.elvira2502@gmail.com,088880801956,CTY-00006,2023-07-18
CUS-230719001,Hamzah,Bagas,Male,hamzah.bagas2503@icloud.com,084487020705,CTY-00004,2023-07-19
CUS-230719002,Aura,Citra,Female,aura.citra2504@icloud.com,081611973260,CTY-00007,2023-07-19
CUS-230720001,Imam,Arya,Male,imam.arya2505@gmail.com,082679246599,CTY-00001,2023-07-20
CUS-230720002,Farida,Liana,Female,farida.liana2506@icloud.com,088715138385,CTY-00002,2023-07-20
CUS-230721001,Gilang,Tomy,Male,gilang.tomy2507@outlook.com,082959738166,CTY-00003,2023-07-21
CUS-230721002,Megawati,Deswita,Female,megawati.deswita2508@hotmail.com,089480163400,CTY-00005,2023-07-21
CUS-230721003,Kusuma,Della,Female,kusuma.della2509@outlook.com,082712431082,CTY-00007,2023-07-21
CUS-230722001,Dandi,Gada,Male,dandi.gada2510@outlook.com,084678671351,CTY-00004,2023-07-22
CUS-230723001,Ines,Ayu,Female,ines.ayu2511@gmail.com,084589089516,CTY-00009,2023-07-23
CUS-230724001,Setyo,Tri,Male,setyo.tri2512@gmail.com,088161291113,CTY-00003,2023-07-24
CUS-230725001,Eni,Annisa,Female,eni.annisa2513@hotmail.com,082064019059,CTY-00010,2023-07-25
CUS-230725002,Aida,Lestari,Female,aida.lestari2514@yahoo.com,082937792949,CTY-00009,2023-07-25
CUS-230726001,Bobi,Samsul,Male,bobi.samsul2515@outlook.com,089191306680,CTY-00007,2023-07-26
CUS-230727001,Gilang,Nurdin,Male,gilang.nurdin2516@outlook.com,086431807073,CTY-00005,2023-07-27
CUS-230728001,Deswita,Helena,Female,deswita.helena2517@hotmail.com,083826732360,CTY-00004,2023-07-28
CUS-230728002,Kartika,Nilam,Female,kartika.nilam2518@hotmail.com,082944783717,CTY-00010,2023-07-28
CUS-230729001,Nasser,Yanto,Male,nasser.yanto2519@outlook.com,083256780032,CTY-00010,2023-07-29
CUS-230729002,Bambang,Arie,Male,bambang.arie2520@hotmail.com,086458992332,CTY-00005,2023-07-29
CUS-230729003,Nia,Indah,Female,nia.indah2521@icloud.com,085041734110,CTY-00001,2023-07-29
CUS-230729004,Hafiz,Wong,Male,hafiz.wong2522@gmail.com,082623660472,CTY-00012,2023-07-29
CUS-230729005,Sabbar,Rangga,Male,sabbar.rangga2523@gmail.com,081462371940,CTY-00010,2023-07-29
CUS-230729006,Yunus,Dede,Male,yunus.dede2524@icloud.com,082595184375,CTY-00001,2023-07-29
CUS-230730001,Ardhia,Fatimah,Female,ardhia.fatimah2525@icloud.com,084387483709,CTY-00009,2023-07-30
CUS-230731001,Surya,Damar,Male,surya.damar2526@yahoo.com,082393871154,CTY-00001,2023-07-31
CUS-230802001,Dita,Hesti,Female,dita.hesti2527@outlook.com,086263054533,CTY-00002,2023-08-02
CUS-230803001,Raden,Hadi,Male,raden.hadi2528@icloud.com,081906829411,CTY-00005,2023-08-03
CUS-230803002,Tobar,Yunus,Male,tobar.yunus2529@outlook.com,088988089686,CTY-00003,2023-08-03
CUS-230805001,Miftah,Yanto,Male,miftah.yanto2530@gmail.com,082815761283,CTY-00007,2023-08-05
CUS-230805002,Agung,Sandy,Male,agung.sandy2531@outlook.com,088092322567,CTY-00006,2023-08-05
CUS-230805003,Lita,Lestari,Female,lita.lestari2532@hotmail.com,085828700840,CTY-00008,2023-08-05
CUS-230805004,Amira,Dhika,Female,amira.dhika2533@gmail.com,083474262180,CTY-00002,2023-08-05
CUS-230805005,Robby,Mahfud,Male,robby.mahfud2534@outlook.com,083838113155,CTY-00008,2023-08-05
CUS-230806001,Arsita,Leni,Female,arsita.leni2535@yahoo.com,087351880576,CTY-00009,2023-08-06
CUS-230806002,Agnes,Indri,Female,agnes.indri2536@gmail.com,081491696837,CTY-00001,2023-08-06
CUS-230807001,Purnomo,Slamet,Male,purnomo.slamet2537@outlook.com,085815217010,CTY-00002,2023-08-07
CUS-230807002,Wibowo,Rahmat,Male,wibowo.rahmat2538@hotmail.com,089318883114,CTY-00008,2023-08-07
CUS-230807003,Nadia,Eva,Female,nadia.eva2539@gmail.com,082057561292,CTY-00003,2023-08-07
CUS-230807004,Bagus,Rido,Male,bagus.rido2540@hotmail.com,081118280444,CTY-00001,2023-08-07
CUS-230808001,Mamat,Raden,Male,mamat.raden2541@hotmail.com,089726935204,CTY-00010,2023-08-08
CUS-230808002,Yudhi,Wibawa,Male,yudhi.wibawa2542@hotmail.com,081603021812,CTY-00010,2023-08-08
CUS-230809001,Junaedi,Marwan,Male,junaedi.marwan2543@icloud.com,087408178727,CTY-00002,2023-08-09
CUS-230810001,Emilia,Diana,Female,emilia.diana2544@icloud.com,085612761370,CTY-00005,2023-08-10
CUS-230811001,Dinda,Fransiska,Female,dinda.fransiska2545@gmail.com,084310806560,CTY-00001,2023-08-11
CUS-230811002,Arsita,Nadin,Female,arsita.nadin2546@gmail.com,089683908342,CTY-00006,2023-08-11
CUS-230811003,Murni,Nita,Female,murni.nita2547@icloud.com,087961033414,CTY-00004,2023-08-11
CUS-230812001,Asri,Dwi,Female,asri.dwi2548@icloud.com,086703303616,CTY-00006,2023-08-12
CUS-230812002,Fatimah,Dhika,Female,fatimah.dhika2549@yahoo.com,089614377160,CTY-00009,2023-08-12
CUS-230812003,Megan,Chua,Female,megan.chua2550@outlook.com,086055058733,CTY-00011,2023-08-12
CUS-230812004,Fina,Elisabeth,Female,fina.elisabeth2551@icloud.com,081979495740,CTY-00004,2023-08-12
CUS-230812005,Ibrahim,Faris,Male,ibrahim.faris2552@hotmail.com,083783476124,CTY-00007,2023-08-12
CUS-230812006,Gita,Annisa,Female,gita.annisa2553@hotmail.com,087995693374,CTY-00004,2023-08-12
CUS-230813001,Hafiz,Untung,Male,hafiz.untung2554@gmail.com,089676728837,CTY-00005,2023-08-13
CUS-230813002,Dewa,Rahmad,Male,dewa.rahmad2555@icloud.com,088851246431,CTY-00005,2023-08-13
CUS-230813003,Hens,Wawan,Male,hens.wawan2556@outlook.com,088892873024,CTY-00005,2023-08-13
CUS-230814001,Novita,Astiti,Female,novita.astiti2557@icloud.com,082593967853,CTY-00008,2023-08-14
CUS-230814002,Ester,Indri,Female,ester.indri2558@outlook.com,088791599698,CTY-00005,2023-08-14
CUS-230814003,Chesa,Mita,Female,chesa.mita2559@hotmail.com,083498614326,CTY-00007,2023-08-14
CUS-230815001,Debora,Helena,Female,debora.helena2560@yahoo.com,084863257126,CTY-00001,2023-08-15
CUS-230816001,Rizki,Basri,Male,rizki.basri2561@icloud.com,086219699636,CTY-00002,2023-08-16
CUS-230816002,Surya,Mahfud,Male,surya.mahfud2562@gmail.com,084844712123,CTY-00002,2023-08-16
CUS-230816003,Elang,Andre,Male,elang.andre2563@gmail.com,089993294621,CTY-00005,2023-08-16
CUS-230817001,Joko,Huda,Male,joko.huda2564@outlook.com,084297911734,CTY-00006,2023-08-17
CUS-230817002,Bernadeth,Dewi,Female,bernadeth.dewi2565@icloud.com,085524465725,CTY-00003,2023-08-17
CUS-230817003,Yayat,Amir,Male,yayat.amir2566@icloud.com,086861064709,CTY-00010,2023-08-17
CUS-230818001,Fitria,Fina,Female,fitria.fina2567@gmail.com,086846023309,CTY-00001,2023-08-18
CUS-230818002,Kartika,Endang,Female,kartika.endang2568@gmail.com,081306584201,CTY-00003,2023-08-18
CUS-230818003,Pandu,Dandi,Male,pandu.dandi2569@hotmail.com,089377501718,CTY-00009,2023-08-18
CUS-230818004,Endang,Kristina,Female,endang.kristina2570@hotmail.com,086831315814,CTY-00006,2023-08-18
CUS-230819001,Mahfud,Ibrahim,Male,mahfud.ibrahim2571@yahoo.com,082622617772,CTY-00009,2023-08-19
CUS-230820001,Rangga,Indra,Male,rangga.indra2572@hotmail.com,082035675176,CTY-00010,2023-08-20
CUS-230820002,Dede,Fikri,Male,dede.fikri2573@yahoo.com,081323752071,CTY-00006,2023-08-20
CUS-230820003,Sulaiman,Raditya,Male,sulaiman.raditya2574@outlook.com,085064264225,CTY-00006,2023-08-20
CUS-230820004,Ridik,Tito,Male,ridik.tito2575@icloud.com,087759199684,CTY-00004,2023-08-20
CUS-230821001,Tio,Misbah,Male,tio.misbah2576@gmail.com,082327021428,CTY-00006,2023-08-21
CUS-230822001,Firdaus,Raj,Male,firdaus.raj2577@hotmail.com,084721306107,CTY-00013,2023-08-22
CUS-230822002,Dini,Lia,Female,dini.lia2578@outlook.com,089807094928,CTY-00001,2023-08-22
CUS-230823001,Larasati,Istri,Female,larasati.istri2579@icloud.com,083738400279,CTY-00004,2023-08-23
CUS-230823002,Hafiz,Darma,Male,hafiz.darma2580@icloud.com,088466414092,CTY-00008,2023-08-23
CUS-230824001,Luki,Firman,Male,luki.firman2581@hotmail.com,085996527602,CTY-00008,2023-08-24
CUS-230824002,Imam,Maman,Male,imam.maman2582@hotmail.com,089606213386,CTY-00007,2023-08-24
CUS-230826001,Galih,Eka,Male,galih.eka2583@hotmail.com,087518986222,CTY-00002,2023-08-26
CUS-230827001,Erma,Dayu,Female,erma.dayu2584@hotmail.com,082805957983,CTY-00002,2023-08-27
CUS-230827002,Erika,Fadilah,Female,erika.fadilah2585@hotmail.com,086828833735,CTY-00007,2023-08-27
CUS-230827003,Joko,Raihan,Male,joko.raihan2586@icloud.com,088526863314,CTY-00010,2023-08-27
CUS-230827004,Farah,Dyah,Female,farah.dyah2587@icloud.com,088146464357,CTY-00002,2023-08-27
CUS-230828001,Cinta,Dinda,Female,cinta.dinda2588@gmail.com,087171513995,CTY-00010,2023-08-28
CUS-230829001,Akbar,Fauzan,Male,akbar.fauzan2589@yahoo.com,085926910392,CTY-00005,2023-08-29
CUS-230830001,Helena,Damanik,Female,helena.damanik2590@icloud.com,082938080312,CTY-00004,2023-08-30
CUS-230831001,Bunga,Astiti,Female,bunga.astiti2591@gmail.com,086000201545,CTY-00006,2023-08-31
CUS-230831002,Putra,Amir,Male,putra.amir2592@gmail.com,089160556657,CTY-00008,2023-08-31
CUS-230831003,Desi,Eva,Female,desi.eva2593@icloud.com,088550167241,CTY-00010,2023-08-31
CUS-230901001,Dafiz,Bari,Male,dafiz.bari2594@outlook.com,087480282392,CTY-00010,2023-09-01
CUS-230901002,Jefri,Mahesa,Male,jefri.mahesa2595@yahoo.com,084182239051,CTY-00001,2023-09-01
CUS-230902001,Wawan,Agus,Male,wawan.agus2596@yahoo.com,086247770722,CTY-00001,2023-09-02
CUS-230902002,Eni,Dwi,Female,eni.dwi2597@outlook.com,083681311240,CTY-00006,2023-09-02
CUS-230902003,Alyssa,Garcia,Female,alyssa.garcia2598@hotmail.com,081998773265,CTY-00014,2023-09-02
CUS-230902004,Hamzah,Wahyu,Male,hamzah.wahyu2599@yahoo.com,089035064648,CTY-00002,2023-09-02
CUS-230903001,Erika,Niken,Female,erika.niken2600@icloud.com,088252660098,CTY-00006,2023-09-03
CUS-230903002,Wisnu,Yudha,Male,wisnu.yudha2601@icloud.com,086050441849,CTY-00005,2023-09-03
CUS-230903003,Lita,Nadia,Female,lita.nadia2602@yahoo.com,084112840313,CTY-00002,2023-09-03
CUS-230903004,Ayu,Laras,Female,ayu.laras2603@outlook.com,085886807647,CTY-00003,2023-09-03
CUS-230903005,Rafi,Pratama,Male,rafi.pratama2604@outlook.com,089213765933,CTY-00010,2023-09-03
CUS-230903006,Lucia,Kasih,Female,lucia.kasih2605@yahoo.com,085591779194,CTY-00003,2023-09-03
CUS-230903007,Darma,Akbar,Male,darma.akbar2606@outlook.com,083631283020,CTY-00004,2023-09-03
CUS-230904001,Zainal,Hadi,Male,zainal.hadi2607@gmail.com,084347078439,CTY-00004,2023-09-04
CUS-230904002,Hambali,Oktavian,Male,hambali.oktavian2608@icloud.com,083131560433,CTY-00002,2023-09-04
CUS-230904003,Erni,Galuh,Female,erni.galuh2609@icloud.com,081031548878,CTY-00006,2023-09-04
CUS-230904004,Mita,Lestari,Female,mita.lestari2610@outlook.com,085083453062,CTY-00005,2023-09-04
CUS-230905001,Miko,Supri,Male,miko.supri2611@yahoo.com,086163844310,CTY-00001,2023-09-05
CUS-230905002,Dian,Endah,Female,dian.endah2612@yahoo.com,081204616102,CTY-00002,2023-09-05
CUS-230905003,Naufal,Ginanjar,Male,naufal.ginanjar2613@yahoo.com,086456790612,CTY-00010,2023-09-05
CUS-230906001,Hana,Nina,Female,hana.nina2614@gmail.com,086219283282,CTY-00007,2023-09-06
CUS-230906002,Nilam,Eni,Female,nilam.eni2615@gmail.com,081976388323,CTY-00010,2023-09-06
CUS-230906003,Ningsih,Arisanti,Female,ningsih.arisanti2616@yahoo.com,083893838722,CTY-00001,2023-09-06
CUS-230908001,Sigit,Aldo,Male,sigit.aldo2617@icloud.com,085023580900,CTY-00006,2023-09-08
CUS-230909001,Farah,Lusia,Female,farah.lusia2618@icloud.com,089876111943,CTY-00007,2023-09-09
CUS-230910001,Dewa,Wijaya,Male,dewa.wijaya2619@icloud.com,086995136780,CTY-00010,2023-09-10
CUS-230911001,Yudi,Aditya,Male,yudi.aditya2620@hotmail.com,081057102225,CTY-00002,2023-09-11
CUS-230911002,Farah,Novi,Female,farah.novi2621@icloud.com,084230655424,CTY-00005,2023-09-11
CUS-230911003,Sunandar,Edi,Male,sunandar.edi2622@hotmail.com,085922514662,CTY-00004,2023-09-11
CUS-230911004,Chesa,Anita,Female,chesa.anita2623@icloud.com,087327626081,CTY-00006,2023-09-11
CUS-230913001,Endang,Adinda,Female,endang.adinda2624@icloud.com,081342065270,CTY-00008,2023-09-13
CUS-230914001,Jasmine,Megawati,Female,jasmine.megawati2625@gmail.com,083680775809,CTY-00004,2023-09-14
CUS-230914002,Dika,Felicia,Female,dika.felicia2626@yahoo.com,089197857936,CTY-00004,2023-09-14
CUS-230914003,Supri,Nanda,Male,supri.nanda2627@yahoo.com,081754459068,CTY-00001,2023-09-14
CUS-230914004,Eni,Gita,Female,eni.gita2628@icloud.com,085423221812,CTY-00002,2023-09-14
CUS-230914005,Dewi,Ira,Female,dewi.ira2629@icloud.com,089567877931,CTY-00008,2023-09-14
CUS-230914006,Bima,Trisna,Male,bima.trisna2630@gmail.com,089929850258,CTY-00002,2023-09-14
CUS-230915001,Luki,Miko,Male,luki.miko2631@outlook.com,086936260450,CTY-00008,2023-09-15
CUS-230916001,Hanafi,Slamet,Male,hanafi.slamet2632@hotmail.com,082734831180,CTY-00004,2023-09-16
CUS-230916002,Idris,Candra,Male,idris.candra2633@hotmail.com,084352115686,CTY-00004,2023-09-16
CUS-230917001,Hastuti,Indri,Female,hastuti.indri2634@gmail.com,088427313635,CTY-00004,2023-09-17
CUS-230917002,Ima,Hastuti,Female,ima.hastuti2635@icloud.com,082854640972,CTY-00005,2023-09-17
CUS-230918001,Arisanti,Fatimah,Female,arisanti.fatimah2636@gmail.com,083346209580,CTY-00003,2023-09-18
CUS-230918002,Purnomo,Erwin,Male,purnomo.erwin2637@yahoo.com,083168275324,CTY-00007,2023-09-18
CUS-230918003,Anjas,Ardi,Male,anjas.ardi2638@hotmail.com,083578848928,CTY-00005,2023-09-18
CUS-230919001,Mario,Ginanjar,Male,mario.ginanjar2639@icloud.com,089615299687,CTY-00002,2023-09-19
CUS-230919002,Atsilah,Mutia,Female,atsilah.mutia2640@icloud.com,083730733614,CTY-00001,2023-09-19
CUS-230919003,Sujatmiko,Imam,Male,sujatmiko.imam2641@gmail.com,089379130298,CTY-00006,2023-09-19
CUS-230919004,Asrul,Angga,Male,asrul.angga2642@hotmail.com,087773504012,CTY-00004,2023-09-19
CUS-230920001,Roni,Rian,Male,roni.rian2643@outlook.com,083041245868,CTY-00005,2023-09-20
CUS-230920002,Syafiq,Pradipa,Male,syafiq.pradipa2644@yahoo.com,082128030487,CTY-00003,2023-09-20
CUS-230920003,Irene,Dyah,Female,irene.dyah2645@outlook.com,089373465434,CTY-00003,2023-09-20
CUS-230920004,Yanto,Marwan,Male,yanto.marwan2646@hotmail.com,088781859697,CTY-00007,2023-09-20
CUS-230920005,Aslih,Anindya,Female,aslih.anindya2647@gmail.com,087364062840,CTY-00009,2023-09-20
CUS-230921001,Maimunah,Nabila,Female,maimunah.nabila2648@yahoo.com,089097174774,CTY-00004,2023-09-21
CUS-230922001,Gede,Iwan,Male,gede.iwan2649@gmail.com,085896744008,CTY-00005,2023-09-22
CUS-230923001,Monika,Atsilah,Female,monika.atsilah2650@icloud.com,081681718035,CTY-00007,2023-09-23
CUS-230923002,Debora,Dayu,Female,debora.dayu2651@hotmail.com,086154766801,CTY-00008,2023-09-23
CUS-230923003,Raditya,Untung,Male,raditya.untung2652@yahoo.com,087149583848,CTY-00005,2023-09-23
CUS-230923004,Juwita,Dika,Female,juwita.dika2653@yahoo.com,089549925255,CTY-00004,2023-09-23
CUS-230923005,Endang,Lia,Female,endang.lia2654@gmail.com,081227105708,CTY-00008,2023-09-23
CUS-230923006,Dinda,Fransiska,Female,dinda.fransiska2655@yahoo.com,085854220724,CTY-00010,2023-09-23
CUS-230923007,Idris,Mario,Male,idris.mario2656@hotmail.com,083721161664,CTY-00007,2023-09-23
CUS-230924001,Rahmad,Akbar,Male,rahmad.akbar2657@outlook.com,084444088087,CTY-00008,2023-09-24
CUS-230925001,Daria,Elsa,Female,daria.elsa2658@gmail.com,085712932281,CTY-00005,2023-09-25
CUS-230927001,Agung,Risman,Male,agung.risman2659@outlook.com,086715680255,CTY-00002,2023-09-27
CUS-230927002,Kristina,Irmina,Female,kristina.irmina2660@outlook.com,087543169694,CTY-00004,2023-09-27
CUS-230927003,Dayu,Ines,Female,dayu.ines2661@yahoo.com,089390209833,CTY-00005,2023-09-27
CUS-230929001,Chesa,Lita,Female,chesa.lita2662@gmail.com,085067737857,CTY-00004,2023-09-29
CUS-230929002,Anindya,Maya,Female,anindya.maya2663@outlook.com,081486998869,CTY-00008,2023-09-29
CUS-230930001,Darmastuti,Jasmine,Female,darmastuti.jasmine2664@yahoo.com,088929634169,CTY-00003,2023-09-30
CUS-230930002,Miko,Utomo,Male,miko.utomo2665@outlook.com,088658038729,CTY-00007,2023-09-30
CUS-231001001,Tri,Gede,Male,tri.gede2666@yahoo.com,081957042497,CTY-00005,2023-10-01
CUS-231001002,Taufik,Yudhi,Male,taufik.yudhi2667@outlook.com,081048243812,CTY-00004,2023-10-01
CUS-231002001,Gatot,Rifi,Male,gatot.rifi2668@yahoo.com,084262892373,CTY-00004,2023-10-02
CUS-231002002,Sarah,Lee,Female,sarah.lee2669@outlook.com,085470950660,CTY-00011,2023-10-02
CUS-231002003,Hania,Diana,Female,hania.diana2670@yahoo.com,081501155314,CTY-00002,2023-10-02
CUS-231003001,Arie,Akbar,Male,arie.akbar2671@icloud.com,082924588741,CTY-00005,2023-10-03
CUS-231003002,Bari,Mardi,Male,bari.mardi2672@hotmail.com,082581737277,CTY-00003,2023-10-03
CUS-231005001,Astrid,Fatimah,Female,astrid.fatimah2673@outlook.com,089351236535,CTY-00006,2023-10-05
CUS-231006001,Astrid,Chika,Female,astrid.chika2674@gmail.com,081646526669,CTY-00004,2023-10-06
CUS-231007001,Irwan,Prasetyo,Male,irwan.prasetyo2675@hotmail.com,089275691458,CTY-00001,2023-10-07
CUS-231007002,Nilam,Elena,Female,nilam.elena2676@hotmail.com,087074125443,CTY-00005,2023-10-07
CUS-231008001,Damar,Irfan,Male,damar.irfan2677@outlook.com,082659715299,CTY-00002,2023-10-08
CUS-231008002,Ningsih,Dian,Female,ningsih.dian2678@hotmail.com,087860536902,CTY-00008,2023-10-08
CUS-231008003,Fajar,Lukman,Male,fajar.lukman2679@hotmail.com,089465211743,CTY-00003,2023-10-08
CUS-231008004,Kiki,Aji,Male,kiki.aji2680@gmail.com,089097037099,CTY-00010,2023-10-08
CUS-231009001,Bernadeth,Gita,Female,bernadeth.gita2681@yahoo.com,084321545729,CTY-00010,2023-10-09
CUS-231010001,Arif,Jefri,Male,arif.jefri2682@hotmail.com,084871018315,CTY-00009,2023-10-10
CUS-231011001,Kadir,Didi,Male,kadir.didi2683@icloud.com,082959825733,CTY-00006,2023-10-11
CUS-231011002,Isna,Astrid,Female,isna.astrid2684@hotmail.com,086885696529,CTY-00004,2023-10-11
CUS-231011003,Joko,Kadir,Male,joko.kadir2685@outlook.com,085755678193,CTY-00002,2023-10-11
CUS-231011004,Melinda,Julia,Female,melinda.julia2686@icloud.com,085366816483,CTY-00003,2023-10-11
CUS-231011005,Gada,Rangga,Male,gada.rangga2687@gmail.com,084610791741,CTY-00010,2023-10-11
CUS-231011006,Gita,Melia,Female,gita.melia2688@yahoo.com,087599470340,CTY-00007,2023-10-11
CUS-231012001,Tobar,Sujatmiko,Male,tobar.sujatmiko2689@yahoo.com,089776524088,CTY-00002,2023-10-12
CUS-231012002,Dandi,Rifky,Male,dandi.rifky2690@gmail.com,081197800840,CTY-00003,2023-10-12
CUS-231013001,Nina,Dyah,Female,nina.dyah2691@outlook.com,081916477958,CTY-00009,2023-10-13
CUS-231013002,Aulia,Apsari,Female,aulia.apsari2692@yahoo.com,086390351577,CTY-00010,2023-10-13
CUS-231014001,Fadhilah,Elisabeth,Female,fadhilah.elisabeth2693@outlook.com,082316918241,CTY-00005,2023-10-14
CUS-231015001,Ika,Ayu,Female,ika.ayu2694@icloud.com,088188900220,CTY-00004,2023-10-15
CUS-231015002,Tio,Rahmad,Male,tio.rahmad2695@hotmail.com,081011016268,CTY-00002,2023-10-15
CUS-231016001,Maimunah,Antonia,Female,maimunah.antonia2696@hotmail.com,082570212096,CTY-00004,2023-10-16
CUS-231016002,Gibran,Bintang,Male,gibran.bintang2697@gmail.com,089064542300,CTY-00010,2023-10-16
CUS-231016003,Fahmi,Tobar,Male,fahmi.tobar2698@yahoo.com,084635354164,CTY-00007,2023-10-16
CUS-231017001,Gading,Mega,Male,gading.mega2699@gmail.com,089070036832,CTY-00004,2023-10-17
CUS-231017002,Amanda,Daria,Female,amanda.daria2700@gmail.com,081570952710,CTY-00001,2023-10-17
CUS-231017003,Hendri,Trisna,Male,hendri.trisna2701@yahoo.com,085640812354,CTY-00010,2023-10-17
CUS-231018001,Eva,Fatimah,Female,eva.fatimah2702@gmail.com,085939162166,CTY-00009,2023-10-18
CUS-231018002,Dina,Amanda,Female,dina.amanda2703@yahoo.com,087194477540,CTY-00003,2023-10-18
CUS-231020001,Dwi,Fatimah,Female,dwi.fatimah2704@gmail.com,082968660613,CTY-00006,2023-10-20
CUS-231020002,Mamat,Idris,Male,mamat.idris2705@gmail.com,085419820351,CTY-00010,2023-10-20
CUS-231020003,Dilla,Julia,Female,dilla.julia2706@icloud.com,084339175835,CTY-00002,2023-10-20
CUS-231020004,Bambang,Robby,Male,bambang.robby2707@hotmail.com,087303754468,CTY-00008,2023-10-20
CUS-231020005,Fabian,Komalasari,Female,fabian.komalasari2708@hotmail.com,088661954607,CTY-00004,2023-10-20
CUS-231021001,Melani,Melinda,Female,melani.melinda2709@icloud.com,087548145482,CTY-00009,2023-10-21
CUS-231022001,Jasmine,Mila,Female,jasmine.mila2710@icloud.com,084873790521,CTY-00002,2023-10-22
CUS-231022002,Kania,Dhika,Female,kania.dhika2711@outlook.com,082538568032,CTY-00003,2023-10-22
CUS-231022003,Apsari,Lita,Female,apsari.lita2712@hotmail.com,084433436605,CTY-00001,2023-10-22
CUS-231022004,Raihan,Tobar,Male,raihan.tobar2713@gmail.com,086622090110,CTY-00007,2023-10-22
CUS-231023001,Elang,Aris,Male,elang.aris2714@outlook.com,086131959148,CTY-00009,2023-10-23
CUS-231023002,Anita,Klara,Female,anita.klara2715@outlook.com,084755018288,CTY-00004,2023-10-23
CUS-231023003,Nanda,Satria,Male,nanda.satria2716@icloud.com,085187234733,CTY-00002,2023-10-23
CUS-231023004,Lusi,Anisa,Female,lusi.anisa2717@outlook.com,083811133212,CTY-00010,2023-10-23
CUS-231023005,Hastuti,Kusuma,Female,hastuti.kusuma2718@hotmail.com,087021036302,CTY-00003,2023-10-23
CUS-231025001,Danang,Zul,Male,danang.zul2719@outlook.com,085835445873,CTY-00003,2023-10-25
CUS-231025002,Dwi,Cempaka,Female,dwi.cempaka2720@hotmail.com,085509747625,CTY-00006,2023-10-25
CUS-231025003,Firman,Ilham,Male,firman.ilham2721@gmail.com,083024718091,CTY-00006,2023-10-25
CUS-231026001,Astiti,Antonia,Female,astiti.antonia2722@yahoo.com,087365808653,CTY-00008,2023-10-26
CUS-231026002,Gada,Slamet,Male,gada.slamet2723@outlook.com,088551108467,CTY-00001,2023-10-26
CUS-231026003,Elsa,Nila,Female,elsa.nila2724@yahoo.com,085134340500,CTY-00008,2023-10-26
CUS-231027001,Subhan,Darma,Male,subhan.darma2725@hotmail.com,082964271132,CTY-00010,2023-10-27
CUS-231027002,Jenia,Kasih,Female,jenia.kasih2726@outlook.com,086180201572,CTY-00006,2023-10-27
CUS-231027003,Firman,Dwi,Male,firman.dwi2727@gmail.com,084302987942,CTY-00009,2023-10-27
CUS-231028001,Wawan,Galih,Male,wawan.galih2728@icloud.com,083047123666,CTY-00007,2023-10-28
CUS-231028002,Liana,Mellisa,Female,liana.mellisa2729@hotmail.com,088077598906,CTY-00005,2023-10-28
CUS-231029001,Hery,Widodo,Male,hery.widodo2730@outlook.com,085606810306,CTY-00006,2023-10-29
CUS-231029002,Berlian,Astrid,Female,berlian.astrid2731@icloud.com,082544814127,CTY-00010,2023-10-29
CUS-231029003,Sandy,Untung,Male,sandy.untung2732@yahoo.com,085192446180,CTY-00002,2023-10-29
CUS-231030001,Nilam,Nurul,Female,nilam.nurul2733@outlook.com,087193312777,CTY-00008,2023-10-30
CUS-231030002,Nadin,Basagita,Female,nadin.basagita2734@outlook.com,081641269757,CTY-00010,2023-10-30
CUS-231031001,Melani,Laksmi,Female,melani.laksmi2735@yahoo.com,087283310071,CTY-00005,2023-10-31
CUS-231031002,Sujatmiko,Maulana,Male,sujatmiko.maulana2736@gmail.com,086520816466,CTY-00009,2023-10-31
CUS-231101001,Lusia,Julia,Female,lusia.julia2737@gmail.com,088965745412,CTY-00010,2023-11-01
CUS-231101002,Annisa,Ariani,Female,annisa.ariani2738@gmail.com,083433023965,CTY-00001,2023-11-01
CUS-231102001,Raden,Gilang,Male,raden.gilang2739@hotmail.com,086596743745,CTY-00007,2023-11-02
CUS-231103001,Amelia,Citra,Female,amelia.citra2740@hotmail.com,087535497934,CTY-00008,2023-11-03
CUS-231103002,Nurul,Chesa,Female,nurul.chesa2741@yahoo.com,089952826369,CTY-00002,2023-11-03
CUS-231104001,Faiza,Linda,Female,faiza.linda2742@icloud.com,089565028057,CTY-00007,2023-11-04
CUS-231105001,Astrid,Erna,Female,astrid.erna2743@hotmail.com,087381838075,CTY-00008,2023-11-05
CUS-231105002,Isha,Wong,Female,isha.wong2744@gmail.com,087714653858,CTY-00013,2023-11-05
CUS-231106001,Maya,Damanik,Female,maya.damanik2745@outlook.com,084257846872,CTY-00010,2023-11-06
CUS-231106002,Dayu,Dyah,Female,dayu.dyah2746@icloud.com,084625274286,CTY-00006,2023-11-06
CUS-231107001,Bagus,Teguh,Male,bagus.teguh2747@gmail.com,087675222759,CTY-00008,2023-11-07
CUS-231107002,Novita,Fitri,Female,novita.fitri2748@yahoo.com,087865360474,CTY-00009,2023-11-07
CUS-231107003,Novi,Amanda,Female,novi.amanda2749@yahoo.com,088277551839,CTY-00007,2023-11-07
CUS-231108001,Yogi,Galih,Male,yogi.galih2750@icloud.com,083149453569,CTY-00006,2023-11-08
CUS-231108002,Tri,Tobar,Male,tri.tobar2751@hotmail.com,087758347530,CTY-00002,2023-11-08
CUS-231109001,Prabowo,Fajar,Male,prabowo.fajar2752@hotmail.com,084257891455,CTY-00009,2023-11-09
CUS-231109002,Della,Isna,Female,della.isna2753@icloud.com,081527936937,CTY-00006,2023-11-09
CUS-231109003,Yudi,Ilham,Male,yudi.ilham2754@outlook.com,083903683632,CTY-00001,2023-11-09
CUS-231110001,Satya,Purnomo,Male,satya.purnomo2755@yahoo.com,089761295236,CTY-00004,2023-11-10
CUS-231110002,Radit,Raja,Male,radit.raja2756@gmail.com,086648541915,CTY-00008,2023-11-10
CUS-231112001,Xin Yi,Goh,Female,xinyi.goh2757@gmail.com,087878531078,CTY-00011,2023-11-12
CUS-231112002,Novita,Gisela,Female,novita.gisela2758@icloud.com,087292007471,CTY-00004,2023-11-12
CUS-231113001,Niken,Liana,Female,niken.liana2759@yahoo.com,081515973142,CTY-00002,2023-11-13
CUS-231113002,Mellisa,Felicia,Female,mellisa.felicia2760@icloud.com,082237995780,CTY-00007,2023-11-13
CUS-231113003,Erika,Mita,Female,erika.mita2761@gmail.com,089156930943,CTY-00006,2023-11-13
CUS-231114001,Aldo,Maulana,Male,aldo.maulana2762@gmail.com,089708902895,CTY-00005,2023-11-14
CUS-231114002,Irene,Istri,Female,irene.istri2763@gmail.com,085633110244,CTY-00005,2023-11-14
CUS-231114003,Ester,Apsari,Female,ester.apsari2764@yahoo.com,089613974106,CTY-00004,2023-11-14
CUS-231116001,Monika,Fadhilah,Female,monika.fadhilah2765@yahoo.com,088670450054,CTY-00009,2023-11-16
CUS-231116002,Dedi,Laksmana,Male,dedi.laksmana2766@icloud.com,083241792740,CTY-00005,2023-11-16
CUS-231116003,Arini,Mila,Female,arini.mila2767@outlook.com,082703821640,CTY-00006,2023-11-16
CUS-231116004,Fadilah,Citra,Female,fadilah.citra2768@hotmail.com,087140120826,CTY-00006,2023-11-16
CUS-231116005,Elisa,Mita,Female,elisa.mita2769@yahoo.com,082791098314,CTY-00002,2023-11-16
CUS-231116006,Ardi,Setiawan,Male,ardi.setiawan2770@icloud.com,088970902200,CTY-00004,2023-11-16
CUS-231116007,Linda,Kusuma,Female,linda.kusuma2771@hotmail.com,088311501440,CTY-00006,2023-11-16
CUS-231117001,Ermina,Cinta,Female,ermina.cinta2772@gmail.com,085711900037,CTY-00008,2023-11-17
CUS-231119001,Jefri,Tomy,Male,jefri.tomy2773@yahoo.com,088251442925,CTY-00001,2023-11-19
CUS-231119002,Erma,Endah,Female,erma.endah2774@hotmail.com,089401844877,CTY-00005,2023-11-19
CUS-231119003,Iwan,Endra,Male,iwan.endra2775@yahoo.com,082702384432,CTY-00003,2023-11-19
CUS-231119004,Imam,Rahmad,Male,imam.rahmad2776@icloud.com,089505505206,CTY-00006,2023-11-19
CUS-231120001,Ira,Berlian,Female,ira.berlian2777@hotmail.com,084847422078,CTY-00006,2023-11-20
CUS-231120002,Ayu,Irmina,Female,ayu.irmina2778@hotmail.com,083027183058,CTY-00008,2023-11-20
CUS-231121001,Rama,Nur,Male,rama.nur2779@icloud.com,083136906750,CTY-00004,2023-11-21
CUS-231121002,Pradipa,Oktavian,Male,pradipa.oktavian2780@hotmail.com,089593628279,CTY-00010,2023-11-21
CUS-231121003,Jenia,Kusuma,Female,jenia.kusuma2781@yahoo.com,089637268715,CTY-00003,2023-11-21
CUS-231122001,Ilham,Darma,Male,ilham.darma2782@outlook.com,081173642914,CTY-00001,2023-11-22
CUS-231123001,Fajar,Subhan,Male,fajar.subhan2783@yahoo.com,082015077581,CTY-00010,2023-11-23
CUS-231123002,Mira,Indri,Female,mira.indri2784@hotmail.com,083429925164,CTY-00001,2023-11-23
CUS-231124001,Ayu,Indri,Female,ayu.indri2785@gmail.com,082573992796,CTY-00001,2023-11-24
CUS-231125001,Bintang,Prasetyo,Male,bintang.prasetyo2786@yahoo.com,082754526616,CTY-00005,2023-11-25
CUS-231125002,Eris,Fadli,Male,eris.fadli2787@icloud.com,086002365912,CTY-00008,2023-11-25
CUS-231125003,Rudy,Yoga,Male,rudy.yoga2788@hotmail.com,083068164320,CTY-00006,2023-11-25
CUS-231125004,Dyah,Deswita,Female,dyah.deswita2789@gmail.com,084650194393,CTY-00007,2023-11-25
CUS-231126001,Idris,Sulaiman,Male,idris.sulaiman2790@outlook.com,088468393095,CTY-00010,2023-11-26
CUS-231127001,Melia,Mila,Female,melia.mila2791@outlook.com,085720685580,CTY-00010,2023-11-27
CUS-231127002,Ardhia,Dhika,Female,ardhia.dhika2792@icloud.com,082598297450,CTY-00008,2023-11-27
CUS-231128001,Gayatry,Laura,Female,gayatry.laura2793@hotmail.com,084294054360,CTY-00005,2023-11-28
CUS-231128002,Kadir,Supri,Male,kadir.supri2794@outlook.com,088588599740,CTY-00007,2023-11-28
CUS-231128003,Syarif,Yudha,Male,syarif.yudha2795@yahoo.com,088303708822,CTY-00007,2023-11-28
CUS-231129001,Sarah,Ismail,Female,sarah.ismail2796@icloud.com,081518279566,CTY-00012,2023-11-29
CUS-231130001,Daria,Chika,Female,daria.chika2797@yahoo.com,088263369188,CTY-00008,2023-11-30
CUS-231201001,Anjas,Nurdin,Male,anjas.nurdin2798@icloud.com,085114330551,CTY-00004,2023-12-01
CUS-231201002,Purnomo,Rahmad,Male,purnomo.rahmad2799@hotmail.com,085393578408,CTY-00007,2023-12-01
CUS-231201003,Munir,Rifi,Male,munir.rifi2800@icloud.com,088795195587,CTY-00004,2023-12-01
CUS-231202001,Mega,Hendra,Male,mega.hendra2801@outlook.com,089120325422,CTY-00003,2023-12-02
CUS-231203001,Junaedi,Ghafar,Male,junaedi.ghafar2802@gmail.com,089533543037,CTY-00002,2023-12-03
CUS-231203002,Ichsan,Bara,Male,ichsan.bara2803@hotmail.com,088366525424,CTY-00009,2023-12-03
CUS-231204001,Zainal,Maman,Male,zainal.maman2804@yahoo.com,083560013534,CTY-00003,2023-12-04
CUS-231204002,Dede,Arga,Male,dede.arga2805@yahoo.com,083439643720,CTY-00008,2023-12-04
CUS-231205001,Kadir,Dede,Male,kadir.dede2806@icloud.com,082078727734,CTY-00001,2023-12-05
CUS-231205002,Bernadeth,Kania,Female,bernadeth.kania2807@gmail.com,084011457872,CTY-00008,2023-12-05
CUS-231206001,Maimunah,Lativa,Female,maimunah.lativa2808@hotmail.com,081739095076,CTY-00008,2023-12-06
CUS-231206002,Erna,Fitria,Female,erna.fitria2809@yahoo.com,086611394187,CTY-00004,2023-12-06
CUS-231207001,Hamzah,Rifky,Male,hamzah.rifky2810@icloud.com,089549569841,CTY-00005,2023-12-07
CUS-231207002,Kadir,Rama,Male,kadir.rama2811@hotmail.com,083593843235,CTY-00005,2023-12-07
CUS-231208001,Aji,Elang,Male,aji.elang2812@yahoo.com,081221204153,CTY-00010,2023-12-08
CUS-231209001,Maman,Satria,Male,maman.satria2813@outlook.com,089134808429,CTY-00002,2023-12-09
CUS-231209002,Hambali,Gede,Male,hambali.gede2814@outlook.com,086019848747,CTY-00002,2023-12-09
CUS-231210001,Dicky,Yunus,Male,dicky.yunus2815@yahoo.com,087347982484,CTY-00007,2023-12-10
CUS-231210002,Gada,Yunus,Male,gada.yunus2816@gmail.com,084404718530,CTY-00008,2023-12-10
CUS-231213001,Gama,Dicky,Male,gama.dicky2817@icloud.com,088537538270,CTY-00009,2023-12-13
CUS-231214001,Rio,Maulana,Male,rio.maulana2818@hotmail.com,084511677601,CTY-00010,2023-12-14
CUS-231214002,Melia,Novita,Female,melia.novita2819@icloud.com,081318425077,CTY-00005,2023-12-14
CUS-231215001,Bintang,Nurul,Female,bintang.nurul2820@yahoo.com,083706526378,CTY-00001,2023-12-15
CUS-231217001,Gatot,Dwi,Male,gatot.dwi2821@outlook.com,083966362796,CTY-00009,2023-12-17
CUS-231217002,Dinda,Nadia,Female,dinda.nadia2822@gmail.com,086347328180,CTY-00003,2023-12-17
CUS-231218001,Jessica,Larasati,Female,jessica.larasati2823@hotmail.com,086469931510,CTY-00009,2023-12-18
CUS-231218002,Dicky,Utomo,Male,dicky.utomo2824@yahoo.com,088638520988,CTY-00004,2023-12-18
CUS-231218003,Aura,Nila,Female,aura.nila2825@gmail.com,082860785463,CTY-00002,2023-12-18
CUS-231221001,Gita,Lili,Female,gita.lili2826@gmail.com,081749235626,CTY-00009,2023-12-21
CUS-231222001,Bella,Murni,Female,bella.murni2827@gmail.com,081399899293,CTY-00003,2023-12-22
CUS-231222002,Aulia,Ester,Female,aulia.ester2828@outlook.com,084976631193,CTY-00007,2023-12-22
CUS-231223001,Prabowo,Luthfi,Male,prabowo.luthfi2829@outlook.com,083514858158,CTY-00010,2023-12-23
CUS-231223002,Hendri,Dedi,Male,hendri.dedi2830@hotmail.com,083111208068,CTY-00009,2023-12-23
CUS-231223003,Sujatmiko,Bara,Male,sujatmiko.bara2831@hotmail.com,083773518998,CTY-00008,2023-12-23
CUS-231223004,Laras,Farida,Female,laras.farida2832@outlook.com,086136888740,CTY-00001,2023-12-23
CUS-231223005,Juliana,Bintang,Female,juliana.bintang2833@gmail.com,088988478828,CTY-00009,2023-12-23
CUS-231225001,Wira,Utomo,Male,wira.utomo2834@hotmail.com,084650171140,CTY-00007,2023-12-25
CUS-231226001,Misbah,Tito,Male,misbah.tito2835@icloud.com,082540907002,CTY-00010,2023-12-26
CUS-231226002,Ethan,Ong,Male,ethan.ong2836@icloud.com,086311168421,CTY-00011,2023-12-26
CUS-231226003,Arsita,Ira,Female,arsita.ira2837@yahoo.com,082320340699,CTY-00003,2023-12-26
CUS-231226004,Firman,Bara,Male,firman.bara2838@outlook.com,082658397092,CTY-00006,2023-12-26
CUS-231226005,Ardhia,Anita,Female,ardhia.anita2839@outlook.com,086060867134,CTY-00007,2023-12-26
CUS-231227001,Hadi,Huda,Male,hadi.huda2840@hotmail.com,085462699102,CTY-00008,2023-12-27
CUS-231227002,Adam,Ahmad,Male,adam.ahmad2841@hotmail.com,085805429157,CTY-00012,2023-12-27
CUS-231228001,Megawati,Fransiska,Female,megawati.fransiska2842@icloud.com,084808287073,CTY-00004,2023-12-28
CUS-231228002,Wisnu,Damar,Male,wisnu.damar2843@icloud.com,088156421922,CTY-00002,2023-12-28
CUS-231229001,Gani,Galang,Male,gani.galang2844@yahoo.com,083234918122,CTY-00007,2023-12-29
CUS-231231001,Aaron,Chua,Male,aaron.chua2845@yahoo.com,085844158928,CTY-00011,2023-12-31
CUS-231231002,Daniel,Tay,Male,daniel.tay2846@outlook.com,088105332560,CTY-00011,2023-12-31
CUS-231231003,Rangga,Tomy,Male,rangga.tomy2847@icloud.com,083710794163,CTY-00007,2023-12-31
CUS-240101001,Ardi,Zaky,Male,ardi.zaky2848@hotmail.com,087324711698,CTY-00007,2024-01-01
CUS-240101002,Farah,Razak,Female,farah.razak2849@icloud.com,086770862459,CTY-00013,2024-01-01
CUS-240101003,Gita,Chesa,Female,gita.chesa2850@yahoo.com,081382229709,CTY-00003,2024-01-01
CUS-240101004,Wira,Ismail,Male,wira.ismail2851@gmail.com,086682080766,CTY-00002,2024-01-01
CUS-240102001,Gita,Jasmine,Female,gita.jasmine2852@gmail.com,086242356960,CTY-00004,2024-01-02
CUS-240102002,Evi,Ayu,Female,evi.ayu2853@hotmail.com,087364736451,CTY-00007,2024-01-02
CUS-240102003,Untung,Purnomo,Male,untung.purnomo2854@hotmail.com,086661175398,CTY-00010,2024-01-02
CUS-240103001,Ghafar,Baskara,Male,ghafar.baskara2855@yahoo.com,086499724375,CTY-00009,2024-01-03
CUS-240104001,Basagita,Eka,Female,basagita.eka2856@yahoo.com,085034045065,CTY-00005,2024-01-04
CUS-240104002,Amelia,Eni,Female,amelia.eni2857@yahoo.com,081261901035,CTY-00009,2024-01-04
CUS-240105001,Rido,Bagus,Male,rido.bagus2858@hotmail.com,084278621332,CTY-00006,2024-01-05
CUS-240105002,Bulan,Nurul,Female,bulan.nurul2859@outlook.com,084152277630,CTY-00007,2024-01-05
CUS-240105003,Julia,Hani,Female,julia.hani2860@outlook.com,085312144969,CTY-00007,2024-01-05
CUS-240106001,Megan,Teo,Female,megan.teo2861@gmail.com,083353871119,CTY-00011,2024-01-06
CUS-240106002,Khairul,Abdullah,Male,khairul.abdullah2862@outlook.com,083046714351,CTY-00013,2024-01-06
CUS-240107001,Citra,Alya,Female,citra.alya2863@outlook.com,085247173838,CTY-00002,2024-01-07
CUS-240107002,Bara,Tri,Male,bara.tri2864@hotmail.com,086639675871,CTY-00008,2024-01-07
CUS-240107003,Husni,Hamzah,Male,husni.hamzah2865@gmail.com,088320612586,CTY-00004,2024-01-07
CUS-240108001,Erna,Agnes,Female,erna.agnes2866@icloud.com,081470997133,CTY-00005,2024-01-08
CUS-240109001,Yayat,Bara,Male,yayat.bara2867@icloud.com,081378877028,CTY-00006,2024-01-09
CUS-240109002,Marwan,Nurdin,Male,marwan.nurdin2868@icloud.com,089882273449,CTY-00002,2024-01-09
CUS-240109003,Hanifah,Antonia,Female,hanifah.antonia2869@icloud.com,082550388580,CTY-00002,2024-01-09
CUS-240109004,Mutia,Basagita,Female,mutia.basagita2870@gmail.com,089545269342,CTY-00006,2024-01-09
CUS-240110001,Mario,Yuda,Male,mario.yuda2871@yahoo.com,088490970260,CTY-00001,2024-01-10
CUS-240110002,Yudha,Deni,Male,yudha.deni2872@gmail.com,084559545839,CTY-00003,2024-01-10
CUS-240111001,Melinda,Lita,Female,melinda.lita2873@gmail.com,084802334569,CTY-00006,2024-01-11
CUS-240111002,Nilam,Dhika,Female,nilam.dhika2874@gmail.com,087183644075,CTY-00005,2024-01-11
CUS-240111003,Rifa'i,Huda,Male,rifa'i.huda2875@gmail.com,089400138326,CTY-00008,2024-01-11
CUS-240111004,Andre,Junaedi,Male,andre.junaedi2876@yahoo.com,084790741495,CTY-00009,2024-01-11
CUS-240111005,Melani,Erma,Female,melani.erma2877@gmail.com,085620402605,CTY-00001,2024-01-11
CUS-240112001,Raka,Gede,Male,raka.gede2878@hotmail.com,089944617296,CTY-00005,2024-01-12
CUS-240112002,Irmagard,Megawati,Female,irmagard.megawati2879@yahoo.com,087030730955,CTY-00005,2024-01-12
CUS-240113001,Guntur,Tomy,Male,guntur.tomy2880@gmail.com,088309940211,CTY-00008,2024-01-13
CUS-240113002,Linda,Desi,Female,linda.desi2881@outlook.com,088706521220,CTY-00010,2024-01-13
CUS-240113003,Prasetyo,Surya,Male,prasetyo.surya2882@outlook.com,085412623272,CTY-00010,2024-01-13
CUS-240114001,Wijaya,Dandi,Male,wijaya.dandi2883@hotmail.com,083739815284,CTY-00008,2024-01-14
CUS-240114002,Fahmi,Rudy,Male,fahmi.rudy2884@yahoo.com,082728625768,CTY-00004,2024-01-14
CUS-240114003,Basagita,Aida,Female,basagita.aida2885@outlook.com,083981739093,CTY-00002,2024-01-14
CUS-240115001,Karin,Aulia,Female,karin.aulia2886@yahoo.com,082897854424,CTY-00007,2024-01-15
CUS-240116001,Aslih,Lina,Female,aslih.lina2887@hotmail.com,081007144356,CTY-00009,2024-01-16
CUS-240116002,Arsita,Liana,Female,arsita.liana2888@icloud.com,087203485084,CTY-00002,2024-01-16
CUS-240116003,Gatot,Supri,Male,gatot.supri2889@hotmail.com,083794043143,CTY-00006,2024-01-16
CUS-240117001,Putra,Nasser,Male,putra.nasser2890@hotmail.com,084578117070,CTY-00008,2024-01-17
CUS-240117002,Zainal,Nasser,Male,zainal.nasser2891@icloud.com,082085202409,CTY-00002,2024-01-17
CUS-240117003,Nina,Fadhilah,Female,nina.fadhilah2892@icloud.com,089476356478,CTY-00002,2024-01-17
CUS-240118001,Kartika,Niken,Female,kartika.niken2893@icloud.com,088559790091,CTY-00006,2024-01-18
CUS-240119001,Maman,Tri,Male,maman.tri2894@yahoo.com,088993769554,CTY-00003,2024-01-19
CUS-240119002,Zul,Prabowo,Male,zul.prabowo2895@hotmail.com,084830838187,CTY-00010,2024-01-19
CUS-240119003,Putra,Gani,Male,putra.gani2896@icloud.com,085495435453,CTY-00010,2024-01-19
CUS-240120001,Radit,Arga,Male,radit.arga2897@outlook.com,086306004668,CTY-00005,2024-01-20
CUS-240120002,Rachel,Ong,Female,rachel.ong2898@icloud.com,082242368782,CTY-00011,2024-01-20
CUS-240120003,Kristina,Amelia,Female,kristina.amelia2899@hotmail.com,084862964894,CTY-00003,2024-01-20
CUS-240120004,Pratama,Sunandar,Male,pratama.sunandar2900@yahoo.com,086944943706,CTY-00009,2024-01-20
CUS-240120005,Grace,Alya,Female,grace.alya2901@outlook.com,082175445680,CTY-00006,2024-01-20
CUS-240120006,Erika,Danila,Female,erika.danila2902@hotmail.com,085284875520,CTY-00001,2024-01-20
CUS-240122001,Bahar,Nasser,Male,bahar.nasser2903@yahoo.com,085287656321,CTY-00002,2024-01-22
CUS-240122002,Nur,Mario,Male,nur.mario2904@hotmail.com,081711495361,CTY-00009,2024-01-22
CUS-240122003,Ima,Bintang,Female,ima.bintang2905@gmail.com,082370376785,CTY-00009,2024-01-22
CUS-240123001,Yosep,Fauzan,Male,yosep.fauzan2906@yahoo.com,082805643674,CTY-00002,2024-01-23
CUS-240123002,Habsah,Arsita,Female,habsah.arsita2907@outlook.com,083895556924,CTY-00004,2024-01-23
CUS-240123003,Syarif,Cokro,Male,syarif.cokro2908@icloud.com,087488094034,CTY-00009,2024-01-23
CUS-240123004,Joko,Bagas,Male,joko.bagas2909@yahoo.com,083298330462,CTY-00009,2024-01-23
CUS-240123005,Dimas,Bagas,Male,dimas.bagas2910@yahoo.com,085890546045,CTY-00008,2024-01-23
CUS-240124001,Mulyadi,Sugeng,Male,mulyadi.sugeng2911@yahoo.com,086197026647,CTY-00006,2024-01-24
CUS-240124002,Astrid,Felicia,Female,astrid.felicia2912@gmail.com,081324045539,CTY-00003,2024-01-24
CUS-240125001,Juliana,Mila,Female,juliana.mila2913@yahoo.com,084163045755,CTY-00009,2024-01-25
CUS-240127001,Arsita,Elsa,Female,arsita.elsa2914@icloud.com,085672755878,CTY-00010,2024-01-27
CUS-240127002,Rama,Luki,Male,rama.luki2915@icloud.com,081945900549,CTY-00004,2024-01-27
CUS-240127003,Rahmat,Satria,Male,rahmat.satria2916@icloud.com,081240734812,CTY-00008,2024-01-27
CUS-240128001,Nanda,Taufik,Male,nanda.taufik2917@icloud.com,088429090930,CTY-00001,2024-01-28
CUS-240128002,Firman,Agung,Male,firman.agung2918@icloud.com,081209002815,CTY-00007,2024-01-28
CUS-240129001,Nurul,Mutiara,Female,nurul.mutiara2919@outlook.com,081439502254,CTY-00006,2024-01-29
CUS-240129002,Syafiq,Sigit,Male,syafiq.sigit2920@hotmail.com,082133699958,CTY-00008,2024-01-29
CUS-240130001,Tomy,Candra,Male,tomy.candra2921@outlook.com,089491628102,CTY-00005,2024-01-30
CUS-240130002,Vino,Mulyadi,Male,vino.mulyadi2922@yahoo.com,087445964174,CTY-00009,2024-01-30
CUS-240131001,Agung,Guntur,Male,agung.guntur2923@outlook.com,089521194802,CTY-00006,2024-01-31
CUS-240131002,Yunus,Tito,Male,yunus.tito2924@yahoo.com,082981151404,CTY-00007,2024-01-31
CUS-240201001,Ryan,Yoga,Male,ryan.yoga2925@gmail.com,083796608828,CTY-00009,2024-02-01
CUS-240202001,Imam,Aris,Male,imam.aris2926@outlook.com,084571699431,CTY-00003,2024-02-02
CUS-240203001,Anuar,Zul,Male,anuar.zul2927@yahoo.com,089938170813,CTY-00006,2024-02-03
CUS-240203002,Bagus,Bara,Male,bagus.bara2928@outlook.com,084993639413,CTY-00006,2024-02-03
CUS-240203003,Faris,Kusuma,Male,faris.kusuma2929@icloud.com,086748168683,CTY-00006,2024-02-03
CUS-240203004,Cahyo,Dody,Male,cahyo.dody2930@yahoo.com,085514475807,CTY-00005,2024-02-03
CUS-240204001,Wira,Tio,Male,wira.tio2931@icloud.com,085143748933,CTY-00004,2024-02-04
CUS-240204002,Juliette,Lusi,Female,juliette.lusi2932@icloud.com,081715636345,CTY-00010,2024-02-04
CUS-240205001,Aditya,Bambang,Male,aditya.bambang2933@yahoo.com,081865352876,CTY-00008,2024-02-05
CUS-240205002,Kusuma,Satya,Male,kusuma.satya2934@outlook.com,086282984917,CTY-00002,2024-02-05
CUS-240205003,Taufik,Sigit,Male,taufik.sigit2935@gmail.com,083745650272,CTY-00005,2024-02-05
CUS-240205004,Zul,Lee,Male,zul.lee2936@outlook.com,084612265539,CTY-00013,2024-02-05
CUS-240205005,Amira,Evi,Female,amira.evi2937@gmail.com,082265494690,CTY-00006,2024-02-05
CUS-240207001,Daria,Irmagard,Female,daria.irmagard2938@hotmail.com,087674593030,CTY-00006,2024-02-07
CUS-240207002,Ayu,Klara,Female,ayu.klara2939@icloud.com,089999397651,CTY-00002,2024-02-07
CUS-240208001,Prabowo,Angga,Male,prabowo.angga2940@outlook.com,081447595870,CTY-00003,2024-02-08
CUS-240209001,Habsah,Astrid,Female,habsah.astrid2941@hotmail.com,083149743396,CTY-00004,2024-02-09
CUS-240209002,Isha,Abdullah,Female,isha.abdullah2942@gmail.com,082627365080,CTY-00012,2024-02-09
CUS-240210001,Elang,Wisnu,Male,elang.wisnu2943@yahoo.com,083276618008,CTY-00001,2024-02-10
CUS-240210002,Maman,Yunus,Male,maman.yunus2944@outlook.com,081773109788,CTY-00006,2024-02-10
CUS-240211001,Roni,Ikhsan,Male,roni.ikhsan2945@gmail.com,086973818764,CTY-00010,2024-02-11
CUS-240211002,Yuda,Fajar,Male,yuda.fajar2946@hotmail.com,084301265120,CTY-00007,2024-02-11
CUS-240211003,Kukuh,Yudha,Male,kukuh.yudha2947@outlook.com,089103371717,CTY-00008,2024-02-11
CUS-240213001,Maimunah,Antonia,Female,maimunah.antonia2948@icloud.com,086821754060,CTY-00004,2024-02-13
CUS-240214001,Mamat,Sulaiman,Male,mamat.sulaiman2949@icloud.com,081763026063,CTY-00001,2024-02-14
CUS-240214002,Dede,Rico,Male,dede.rico2950@yahoo.com,082338492419,CTY-00002,2024-02-14
CUS-240214003,Hamzah,Imam,Male,hamzah.imam2951@gmail.com,081394005315,CTY-00009,2024-02-14
CUS-240215001,Rudy,Ryan,Male,rudy.ryan2952@yahoo.com,082770799185,CTY-00009,2024-02-15
CUS-240215002,Muhammad,Wijaya,Male,muhammad.wijaya2953@outlook.com,084440386197,CTY-00006,2024-02-15
CUS-240215003,Andre,Hanafi,Male,andre.hanafi2954@yahoo.com,083930733446,CTY-00002,2024-02-15
CUS-240215004,Hapsari,Arieska,Female,hapsari.arieska2955@yahoo.com,088877806625,CTY-00004,2024-02-15
CUS-240216001,Lidia,Aida,Female,lidia.aida2956@gmail.com,087205660132,CTY-00010,2024-02-16
CUS-240216002,Luki,Setiawan,Male,luki.setiawan2957@gmail.com,088886596863,CTY-00006,2024-02-16
CUS-240216003,Anita,Lela,Female,anita.lela2958@icloud.com,089381430974,CTY-00009,2024-02-16
CUS-240217001,Endra,Danang,Male,endra.danang2959@gmail.com,086809895066,CTY-00002,2024-02-17
CUS-240218001,Ginanjar,Raihan,Male,ginanjar.raihan2960@outlook.com,089789928186,CTY-00009,2024-02-18
CUS-240218002,Candra,Nanda,Male,candra.nanda2961@hotmail.com,084294780925,CTY-00006,2024-02-18
CUS-240218003,Joko,Ramadhan,Male,joko.ramadhan2962@gmail.com,086933347704,CTY-00005,2024-02-18
CUS-240219001,Erika,Jelita,Female,erika.jelita2963@gmail.com,087205681301,CTY-00001,2024-02-19
CUS-240219002,Elena,Diana,Female,elena.diana2964@yahoo.com,081932425303,CTY-00005,2024-02-19
CUS-240219003,Wijaya,Dafiz,Male,wijaya.dafiz2965@icloud.com,084198039243,CTY-00006,2024-02-19
CUS-240220001,Andi,Danang,Male,andi.danang2966@hotmail.com,085911470770,CTY-00002,2024-02-20
CUS-240220002,Rido,Idris,Male,rido.idris2967@outlook.com,085338070334,CTY-00004,2024-02-20
CUS-240220003,Ningsih,Celia,Female,ningsih.celia2968@icloud.com,081346068543,CTY-00009,2024-02-20
CUS-240220004,Yadi,Mega,Male,yadi.mega2969@icloud.com,088724413474,CTY-00008,2024-02-20
CUS-240220005,Joko,Mamat,Male,joko.mamat2970@gmail.com,088075921957,CTY-00002,2024-02-20
CUS-240221001,Aria,Daria,Female,aria.daria2971@icloud.com,082857246872,CTY-00001,2024-02-21
CUS-240221002,Fransiska,Kusuma,Female,fransiska.kusuma2972@outlook.com,088424242223,CTY-00006,2024-02-21
CUS-240222001,Radit,Candra,Male,radit.candra2973@yahoo.com,086856507000,CTY-00008,2024-02-22
CUS-240224001,Raihan,Sunandar,Male,raihan.sunandar2974@gmail.com,081907794202,CTY-00010,2024-02-24
CUS-240226001,Untung,Tito,Male,untung.tito2975@gmail.com,086556896285,CTY-00010,2024-02-26
CUS-240226002,Arieska,Jelita,Female,arieska.jelita2976@hotmail.com,086909469453,CTY-00001,2024-02-26
CUS-240226003,Bintang,Doni,Male,bintang.doni2977@gmail.com,089529929700,CTY-00008,2024-02-26
CUS-240226004,Lita,Erna,Female,lita.erna2978@outlook.com,081387168328,CTY-00006,2024-02-26
CUS-240227001,Indira,Jessica,Female,indira.jessica2979@icloud.com,089862703085,CTY-00001,2024-02-27
CUS-240227002,Lukman,Risman,Male,lukman.risman2980@icloud.com,084036727553,CTY-00008,2024-02-27
CUS-240227003,Dwi,Debora,Female,dwi.debora2981@gmail.com,083475240964,CTY-00009,2024-02-27
CUS-240227004,Eka,Erma,Female,eka.erma2982@icloud.com,085095398504,CTY-00002,2024-02-27
CUS-240228001,Dilla,Murni,Female,dilla.murni2983@icloud.com,083159047448,CTY-00004,2024-02-28
CUS-240229001,Indira,Jasmine,Female,indira.jasmine2984@yahoo.com,085693462454,CTY-00006,2024-02-29
CUS-240229002,Laksmana,Ginanjar,Male,laksmana.ginanjar2985@yahoo.com,086691962884,CTY-00002,2024-02-29
CUS-240301001,Cinta,Dini,Female,cinta.dini2986@hotmail.com,088739737256,CTY-00003,2024-03-01
CUS-240301002,Sujatmiko,Hanafi,Male,sujatmiko.hanafi2987@hotmail.com,083946295700,CTY-00008,2024-03-01
CUS-240301003,Dilla,Lili,Female,dilla.lili2988@outlook.com,087525635924,CTY-00004,2024-03-01
CUS-240302001,Hapsari,Grace,Female,hapsari.grace2989@icloud.com,088562265133,CTY-00006,2024-03-02
CUS-240302002,Fatin,Wong,Female,fatin.wong2990@hotmail.com,083060168115,CTY-00012,2024-03-02
CUS-240302003,Febi,Aura,Female,febi.aura2991@outlook.com,085530780347,CTY-00005,2024-03-02
CUS-240304001,Ridik,Mamat,Male,ridik.mamat2992@hotmail.com,082892467884,CTY-00009,2024-03-04
CUS-240304002,Arini,Erma,Female,arini.erma2993@hotmail.com,089763981091,CTY-00005,2024-03-04
CUS-240304003,Kania,Cempaka,Female,kania.cempaka2994@yahoo.com,088798983628,CTY-00007,2024-03-04
CUS-240305001,Daria,Clara,Female,daria.clara2995@icloud.com,084124449238,CTY-00001,2024-03-05
CUS-240305002,Vino,Dedi,Male,vino.dedi2996@icloud.com,083716269273,CTY-00005,2024-03-05
CUS-240306001,Novita,Aurelia,Female,novita.aurelia2997@icloud.com,088944709290,CTY-00003,2024-03-06
CUS-240306002,Ramadhan,Rifi,Male,ramadhan.rifi2998@icloud.com,082935291475,CTY-00002,2024-03-06
CUS-240307001,Lestari,Daria,Female,lestari.daria2999@yahoo.com,089471561559,CTY-00007,2024-03-07
CUS-240307002,Astiti,Asri,Female,astiti.asri3000@gmail.com,088699013755,CTY-00001,2024-03-07
CUS-240309001,Jasmine,Debora,Female,jasmine.debora3001@icloud.com,084932228485,CTY-00008,2024-03-09
CUS-240310001,Rio,Slamet,Male,rio.slamet3002@gmail.com,086987904296,CTY-00001,2024-03-10
CUS-240310002,Antonia,Gita,Female,antonia.gita3003@hotmail.com,088881829257,CTY-00008,2024-03-10
CUS-240311001,Clara,Gaby,Female,clara.gaby3004@yahoo.com,087049962564,CTY-00009,2024-03-11
CUS-240312001,Cinta,Dian,Female,cinta.dian3005@icloud.com,081718085068,CTY-00009,2024-03-12
CUS-240313001,Erma,Lativa,Female,erma.lativa3006@outlook.com,088921073912,CTY-00004,2024-03-13
CUS-240313002,Bintang,Gita,Female,bintang.gita3007@gmail.com,087439862040,CTY-00003,2024-03-13
CUS-240314001,Akbar,Bahar,Male,akbar.bahar3008@yahoo.com,086518038342,CTY-00007,2024-03-14
CUS-240315001,Irfan,Fajar,Male,irfan.fajar3009@hotmail.com,082315379964,CTY-00010,2024-03-15
CUS-240315002,Lili,Fransiska,Female,lili.fransiska3010@hotmail.com,085786073536,CTY-00004,2024-03-15
CUS-240315003,Luthfi,Anuar,Male,luthfi.anuar3011@yahoo.com,082164081049,CTY-00010,2024-03-15
CUS-240316001,Kadir,Rizki,Male,kadir.rizki3012@icloud.com,085193094859,CTY-00002,2024-03-16
CUS-240316002,Endra,Surya,Male,endra.surya3013@yahoo.com,088885763733,CTY-00007,2024-03-16
CUS-240316003,Dafiz,Dewa,Male,dafiz.dewa3014@yahoo.com,084440539107,CTY-00010,2024-03-16
CUS-240316004,Ghafar,Utomo,Male,ghafar.utomo3015@icloud.com,089536741646,CTY-00008,2024-03-16
CUS-240316005,Raihan,Dody,Male,raihan.dody3016@icloud.com,085329295519,CTY-00004,2024-03-16
CUS-240317001,Juliana,Novi,Female,juliana.novi3017@yahoo.com,087354428958,CTY-00007,2024-03-17
CUS-240318001,Gayatry,Kusuma,Female,gayatry.kusuma3018@icloud.com,082791882442,CTY-00010,2024-03-18
CUS-240318002,Rahmad,Bayu,Male,rahmad.bayu3019@yahoo.com,081425853324,CTY-00009,2024-03-18
CUS-240319001,Dimas,Robby,Male,dimas.robby3020@hotmail.com,089763790357,CTY-00001,2024-03-19
CUS-240319002,Bintang,Yayat,Male,bintang.yayat3021@gmail.com,088512489121,CTY-00009,2024-03-19
CUS-240319003,Fina,Lina,Female,fina.lina3022@outlook.com,087439123275,CTY-00006,2024-03-19
CUS-240319004,Bima,Eris,Male,bima.eris3023@gmail.com,087761962002,CTY-00007,2024-03-19
CUS-240319005,Aris,Tio,Male,aris.tio3024@hotmail.com,085867670893,CTY-00001,2024-03-19
CUS-240320001,Irma,Anisa,Female,irma.anisa3025@hotmail.com,081083700335,CTY-00001,2024-03-20
CUS-240320002,Huda,Hens,Male,huda.hens3026@yahoo.com,085113381508,CTY-00009,2024-03-20
CUS-240320003,Mahfud,Tio,Male,mahfud.tio3027@hotmail.com,086785748888,CTY-00002,2024-03-20
CUS-240320004,Arsita,Dika,Female,arsita.dika3028@outlook.com,083231804058,CTY-00006,2024-03-20
CUS-240320005,Danang,Yunus,Male,danang.yunus3029@hotmail.com,089236337785,CTY-00001,2024-03-20
CUS-240320006,Trisna,Arya,Male,trisna.arya3030@icloud.com,082632289915,CTY-00002,2024-03-20
CUS-240321001,Bahar,Risman,Male,bahar.risman3031@yahoo.com,087576609997,CTY-00004,2024-03-21
CUS-240322001,Hastuti,Fatimah,Female,hastuti.fatimah3032@icloud.com,085551521775,CTY-00010,2024-03-22
CUS-240322002,Camille,Ramos,Female,camille.ramos3033@gmail.com,084011992993,CTY-00014,2024-03-22
CUS-240323001,Yuda,Aris,Male,yuda.aris3034@gmail.com,087663979792,CTY-00007,2024-03-23
CUS-240323002,Tomy,Gada,Male,tomy.gada3035@yahoo.com,081452399855,CTY-00009,2024-03-23
CUS-240324001,Daria,Lili,Female,daria.lili3036@gmail.com,084275567103,CTY-00010,2024-03-24
CUS-240324002,Cempaka,Linda,Female,cempaka.linda3037@yahoo.com,086565668700,CTY-00007,2024-03-24
CUS-240325001,Zaki,Oki,Male,zaki.oki3038@icloud.com,086020788414,CTY-00003,2024-03-25
CUS-240325002,Dita,Laras,Female,dita.laras3039@icloud.com,082844882344,CTY-00007,2024-03-25
CUS-240325003,Irma,Erika,Female,irma.erika3040@gmail.com,082544399476,CTY-00006,2024-03-25
CUS-240325004,Maulana,Rio,Male,maulana.rio3041@gmail.com,088027341254,CTY-00010,2024-03-25
CUS-240325005,Nia,Mirna,Female,nia.mirna3042@icloud.com,084722280839,CTY-00007,2024-03-25
CUS-240325006,Gaby,Mutiara,Female,gaby.mutiara3043@yahoo.com,086259245273,CTY-00004,2024-03-25
CUS-240326001,Rico,Yadi,Male,rico.yadi3044@outlook.com,088767620808,CTY-00010,2024-03-26
CUS-240326002,Astiti,Liana,Female,astiti.liana3045@gmail.com,088334355196,CTY-00006,2024-03-26
CUS-240326003,Lela,Aslih,Female,lela.aslih3046@icloud.com,085103805536,CTY-00005,2024-03-26
CUS-240326004,Jason,Tan,Male,jason.tan3047@hotmail.com,088805537100,CTY-00011,2024-03-26
CUS-240327001,Anisa,Endah,Female,anisa.endah3048@gmail.com,089999476112,CTY-00004,2024-03-27
CUS-240328001,Surya,Luthfi,Male,surya.luthfi3049@yahoo.com,088733910308,CTY-00010,2024-03-28
CUS-240328002,Tobar,Ramadhan,Male,tobar.ramadhan3050@icloud.com,084770111594,CTY-00007,2024-03-28
CUS-240328003,Desi,Murni,Female,desi.murni3051@icloud.com,081069305279,CTY-00001,2024-03-28
CUS-240330001,Bayu,Wahyu,Male,bayu.wahyu3052@icloud.com,088817584360,CTY-00008,2024-03-30
CUS-240330002,Dandi,Bari,Male,dandi.bari3053@yahoo.com,089994074206,CTY-00009,2024-03-30
CUS-240330003,Elisa,Fifi,Female,elisa.fifi3054@icloud.com,083577511910,CTY-00006,2024-03-30
CUS-240330004,Hery,Wira,Male,hery.wira3055@outlook.com,089751848058,CTY-00009,2024-03-30
CUS-240331001,Lukman,Rahmat,Male,lukman.rahmat3056@icloud.com,084236943118,CTY-00003,2024-03-31
CUS-240331002,Aurelia,Kartika,Female,aurelia.kartika3057@outlook.com,083233707184,CTY-00010,2024-03-31
CUS-240401001,Sulaiman,Yogi,Male,sulaiman.yogi3058@hotmail.com,082369078300,CTY-00006,2024-04-01
CUS-240401002,Meyli,Mutiara,Female,meyli.mutiara3059@yahoo.com,089707190168,CTY-00008,2024-04-01
CUS-240401003,Gilang,Fikri,Male,gilang.fikri3060@outlook.com,083570290510,CTY-00003,2024-04-01
CUS-240401004,Nita,Lidia,Female,nita.lidia3061@outlook.com,084195647979,CTY-00006,2024-04-01
CUS-240402001,Putra,Taufik,Male,putra.taufik3062@outlook.com,084920026063,CTY-00006,2024-04-02
CUS-240402002,Satria,Tio,Male,satria.tio3063@hotmail.com,086564623514,CTY-00005,2024-04-02
CUS-240402003,Firman,Rudy,Male,firman.rudy3064@hotmail.com,088268681770,CTY-00005,2024-04-02
CUS-240402004,Rudy,Ridik,Male,rudy.ridik3065@hotmail.com,081627322510,CTY-00007,2024-04-02
CUS-240402005,Idris,Wibowo,Male,idris.wibowo3066@gmail.com,086774106855,CTY-00009,2024-04-02
CUS-240403001,Nur,Hanafi,Male,nur.hanafi3067@outlook.com,087807380677,CTY-00009,2024-04-03
CUS-240404001,Eni,Aria,Female,eni.aria3068@outlook.com,081404491849,CTY-00001,2024-04-04
CUS-240404002,Darmastuti,Dara,Female,darmastuti.dara3069@icloud.com,084737098363,CTY-00004,2024-04-04
CUS-240404003,Pradipa,Ichsan,Male,pradipa.ichsan3070@hotmail.com,089972014639,CTY-00010,2024-04-04
CUS-240405001,Hanafi,Ibrahim,Male,hanafi.ibrahim3071@hotmail.com,082250797405,CTY-00004,2024-04-05
CUS-240405002,Lili,Dhika,Female,lili.dhika3072@icloud.com,088697277910,CTY-00008,2024-04-05
CUS-240406001,Chesa,Berlian,Female,chesa.berlian3073@outlook.com,086755031236,CTY-00004,2024-04-06
CUS-240406002,Dicky,Cahyo,Male,dicky.cahyo3074@icloud.com,085723637543,CTY-00005,2024-04-06
CUS-240406003,Candra,Hadi,Male,candra.hadi3075@hotmail.com,083381387511,CTY-00008,2024-04-06
CUS-240406004,Rizki,Andre,Male,rizki.andre3076@hotmail.com,088141682994,CTY-00005,2024-04-06
CUS-240407001,Yudha,Wibawa,Male,yudha.wibawa3077@hotmail.com,089091153538,CTY-00010,2024-04-07
CUS-240407002,Juliette,Endah,Female,juliette.endah3078@yahoo.com,088736698389,CTY-00001,2024-04-07
CUS-240407003,Baskara,Dede,Male,baskara.dede3079@gmail.com,088183135307,CTY-00001,2024-04-07
CUS-240407004,Arimbi,Dina,Female,arimbi.dina3080@yahoo.com,081207391906,CTY-00009,2024-04-07
CUS-240407005,Gabriel,Reyes,Male,gabriel.reyes3081@outlook.com,087489830674,CTY-00014,2024-04-07
CUS-240407006,Laras,Elisabeth,Female,laras.elisabeth3082@yahoo.com,089178395483,CTY-00006,2024-04-07
CUS-240407007,Mila,Elina,Female,mila.elina3083@icloud.com,081441909696,CTY-00005,2024-04-07
CUS-240408001,Monika,Evi,Female,monika.evi3084@outlook.com,081649409458,CTY-00009,2024-04-08
CUS-240410001,Kartini,Jenia,Female,kartini.jenia3085@yahoo.com,085203711695,CTY-00002,2024-04-10
CUS-240410002,Danang,Yusuf,Male,danang.yusuf3086@yahoo.com,088011765465,CTY-00009,2024-04-10
CUS-240410003,Junaedi,Rafi,Male,junaedi.rafi3087@yahoo.com,084836491175,CTY-00005,2024-04-10
CUS-240410004,Rifky,Zaki,Male,rifky.zaki3088@yahoo.com,082153002356,CTY-00005,2024-04-10
CUS-240411001,Gibran,Asrul,Male,gibran.asrul3089@hotmail.com,086240141288,CTY-00004,2024-04-11
CUS-240412001,Nadin,Jasmine,Female,nadin.jasmine3090@hotmail.com,084465051926,CTY-00007,2024-04-12
CUS-240412002,Radit,Dody,Male,radit.dody3091@yahoo.com,085990191785,CTY-00001,2024-04-12
CUS-240412003,Bagas,Gatot,Male,bagas.gatot3092@gmail.com,085311217467,CTY-00008,2024-04-12
CUS-240412004,Desi,Lili,Female,desi.lili3093@outlook.com,083938640263,CTY-00009,2024-04-12
CUS-240412005,Tohir,Syarif,Male,tohir.syarif3094@icloud.com,083825808274,CTY-00005,2024-04-12
CUS-240412006,Aria,Hastuti,Female,aria.hastuti3095@hotmail.com,089984198864,CTY-00003,2024-04-12
CUS-240413001,Ginanjar,Zaki,Male,ginanjar.zaki3096@yahoo.com,084748838900,CTY-00004,2024-04-13
CUS-240413002,Haniyah,Basagita,Female,haniyah.basagita3097@yahoo.com,085987770858,CTY-00002,2024-04-13
CUS-240413003,Sujatmiko,Maman,Male,sujatmiko.maman3098@gmail.com,082339937183,CTY-00008,2024-04-13
CUS-240413004,Mita,Ira,Female,mita.ira3099@icloud.com,086866920709,CTY-00010,2024-04-13
CUS-240414001,Tio,Zaky,Male,tio.zaky3100@hotmail.com,087643485261,CTY-00001,2024-04-14
CUS-240414002,Maulana,Raja,Male,maulana.raja3101@outlook.com,085867498551,CTY-00009,2024-04-14
CUS-240414003,Felicia,Dinda,Female,felicia.dinda3102@icloud.com,086125502504,CTY-00001,2024-04-14
CUS-240415001,Basri,Dian,Male,basri.dian3103@hotmail.com,081358500357,CTY-00004,2024-04-15
CUS-240415002,Melani,Atsilah,Female,melani.atsilah3104@icloud.com,086744171721,CTY-00007,2024-04-15
CUS-240415003,Suharto,Bagus,Male,suharto.bagus3105@icloud.com,088113977737,CTY-00009,2024-04-15
CUS-240416001,Wibowo,Bari,Male,wibowo.bari3106@yahoo.com,088862405675,CTY-00006,2024-04-16
CUS-240416002,Hadi,Aditya,Male,hadi.aditya3107@yahoo.com,087445420427,CTY-00002,2024-04-16
CUS-240416003,Kartika,Elina,Female,kartika.elina3108@outlook.com,084006536694,CTY-00006,2024-04-16
CUS-240416004,Daria,Kusuma,Female,daria.kusuma3109@yahoo.com,082650100738,CTY-00006,2024-04-16
CUS-240417001,Ines,Gaby,Female,ines.gaby3110@outlook.com,082184619164,CTY-00010,2024-04-17
CUS-240418001,Rama,Rido,Male,rama.rido3111@outlook.com,081370267208,CTY-00002,2024-04-18
CUS-240418002,Endra,Gede,Male,endra.gede3112@icloud.com,089080513919,CTY-00001,2024-04-18
CUS-240418003,Miftah,Rafi,Male,miftah.rafi3113@hotmail.com,083269466754,CTY-00008,2024-04-18
CUS-240419001,Jessica,Anita,Female,jessica.anita3114@icloud.com,081358718521,CTY-00008,2024-04-19
CUS-240420001,Yayat,Syarif,Male,yayat.syarif3115@hotmail.com,085523872185,CTY-00002,2024-04-20
CUS-240421001,Ita,Danila,Female,ita.danila3116@yahoo.com,082159503528,CTY-00003,2024-04-21
CUS-240421002,Raja,Bagas,Male,raja.bagas3117@gmail.com,089032553994,CTY-00002,2024-04-21
CUS-240421003,Sigit,Aji,Male,sigit.aji3118@hotmail.com,083237753021,CTY-00008,2024-04-21
CUS-240421004,Laksmi,Dinda,Female,laksmi.dinda3119@icloud.com,086550855374,CTY-00010,2024-04-21
CUS-240422001,Raihan,Kiki,Male,raihan.kiki3120@yahoo.com,082897526930,CTY-00008,2024-04-22
CUS-240422002,Annisa,Dina,Female,annisa.dina3121@hotmail.com,086713398772,CTY-00001,2024-04-22
CUS-240422003,Basri,Wahyu,Male,basri.wahyu3122@hotmail.com,089522072674,CTY-00010,2024-04-22
CUS-240422004,Lia,Ines,Female,lia.ines3123@icloud.com,082652714727,CTY-00009,2024-04-22
CUS-240422005,Dini,Juwita,Female,dini.juwita3124@icloud.com,081797586000,CTY-00001,2024-04-22
CUS-240423001,Marlina,Mita,Female,marlina.mita3125@hotmail.com,089935447724,CTY-00003,2024-04-23
CUS-240423002,Novi,Arsita,Female,novi.arsita3126@yahoo.com,089894682166,CTY-00006,2024-04-23
CUS-240424001,Wisnu,Rama,Male,wisnu.rama3127@hotmail.com,087259661777,CTY-00002,2024-04-24
CUS-240424002,Oki,Sujatmiko,Male,oki.sujatmiko3128@hotmail.com,089368793810,CTY-00006,2024-04-24
CUS-240424003,Deni,Irwan,Male,deni.irwan3129@gmail.com,086051481410,CTY-00006,2024-04-24
CUS-240426001,Agus,Setyo,Male,agus.setyo3130@icloud.com,082019109055,CTY-00001,2024-04-26
CUS-240426002,Rangga,Cahyo,Male,rangga.cahyo3131@hotmail.com,088046768331,CTY-00004,2024-04-26
CUS-240426003,Lita,Arisanti,Female,lita.arisanti3132@yahoo.com,088076477036,CTY-00005,2024-04-26
CUS-240426004,Oki,Rio,Male,oki.rio3133@outlook.com,083605336446,CTY-00008,2024-04-26
CUS-240426005,Miko,Taufik,Male,miko.taufik3134@hotmail.com,082860084128,CTY-00008,2024-04-26
CUS-240426006,Ningsih,Laksmi,Female,ningsih.laksmi3135@icloud.com,087808247075,CTY-00001,2024-04-26
CUS-240427001,Helena,Deswita,Female,helena.deswita3136@hotmail.com,089250695254,CTY-00003,2024-04-27
CUS-240427002,Agnes,Mutiara,Female,agnes.mutiara3137@icloud.com,084298996802,CTY-00008,2024-04-27
CUS-240427003,Istri,Indah,Female,istri.indah3138@outlook.com,082952552995,CTY-00007,2024-04-27
CUS-240428001,Irmina,Lativa,Female,irmina.lativa3139@icloud.com,084642200692,CTY-00006,2024-04-28
CUS-240429001,Endah,Diana,Female,endah.diana3140@icloud.com,083619143504,CTY-00003,2024-04-29
CUS-240429002,Danish,Hassan,Male,danish.hassan3141@gmail.com,089542843656,CTY-00013,2024-04-29
CUS-240430001,Farah,Hassan,Female,farah.hassan3142@yahoo.com,084212882948,CTY-00013,2024-04-30
CUS-240501001,Leni,Juliette,Female,leni.juliette3143@gmail.com,087481138973,CTY-00006,2024-05-01
CUS-240501002,Hamzah,Mahfud,Male,hamzah.mahfud3144@outlook.com,085007027819,CTY-00009,2024-05-01
CUS-240502001,Kevin,Tan,Male,kevin.tan3145@yahoo.com,083311551054,CTY-00011,2024-05-02
CUS-240503001,Putra,Gatot,Male,putra.gatot3146@yahoo.com,081829968239,CTY-00003,2024-05-03
CUS-240504001,Daria,Bella,Female,daria.bella3147@outlook.com,084760294112,CTY-00006,2024-05-04
CUS-240504002,Gisela,Nisa,Female,gisela.nisa3148@hotmail.com,081313005700,CTY-00008,2024-05-04
CUS-240504003,Raihan,Kiki,Male,raihan.kiki3149@yahoo.com,089524578120,CTY-00005,2024-05-04
CUS-240504004,Ramadhan,Gibran,Male,ramadhan.gibran3150@yahoo.com,086420437685,CTY-00004,2024-05-04
CUS-240505001,Hafiz,Zaky,Male,hafiz.zaky3151@gmail.com,089442975467,CTY-00002,2024-05-05
CUS-240506001,Satria,Firman,Male,satria.firman3152@icloud.com,083517644447,CTY-00005,2024-05-06
CUS-240506002,Debora,Arini,Female,debora.arini3153@gmail.com,082101410587,CTY-00001,2024-05-06
CUS-240507001,Wei,Tay,Male,wei.tay3154@outlook.com,082462782110,CTY-00011,2024-05-07
CUS-240507002,Basri,Hens,Male,basri.hens3155@yahoo.com,088279377501,CTY-00001,2024-05-07
CUS-240507003,Mellisa,Fitria,Female,mellisa.fitria3156@yahoo.com,089198187665,CTY-00004,2024-05-07
CUS-240509001,Pandu,Imam,Male,pandu.imam3157@yahoo.com,082917149929,CTY-00004,2024-05-09
CUS-240510001,Rido,Zaky,Male,rido.zaky3158@yahoo.com,082279957136,CTY-00003,2024-05-10
CUS-240510002,Deri,Supri,Male,deri.supri3159@outlook.com,082625549424,CTY-00005,2024-05-10
CUS-240510003,Vino,Asrul,Male,vino.asrul3160@hotmail.com,088590045080,CTY-00001,2024-05-10
CUS-240511001,Chika,Jessica,Female,chika.jessica3161@hotmail.com,083617386747,CTY-00006,2024-05-11
CUS-240512001,Hana,Laksmi,Female,hana.laksmi3162@icloud.com,082012998241,CTY-00005,2024-05-12
CUS-240512002,Mario,Mardi,Male,mario.mardi3163@icloud.com,082135356142,CTY-00003,2024-05-12
CUS-240513001,Novi,Eni,Female,novi.eni3164@hotmail.com,086359514053,CTY-00010,2024-05-13
CUS-240513002,Sujatmiko,Hadi,Male,sujatmiko.hadi3165@outlook.com,085290507249,CTY-00004,2024-05-13
CUS-240514001,Bella,Adinda,Female,bella.adinda3166@outlook.com,084337983313,CTY-00005,2024-05-14
CUS-240514002,Robby,Suharto,Male,robby.suharto3167@outlook.com,085811778275,CTY-00007,2024-05-14
CUS-240514003,Amira,Berlian,Female,amira.berlian3168@icloud.com,085767442277,CTY-00002,2024-05-14
CUS-240514004,Lela,Liana,Female,lela.liana3169@icloud.com,087228557547,CTY-00008,2024-05-14
CUS-240514005,Hapsari,Elsa,Female,hapsari.elsa3170@outlook.com,086615258278,CTY-00007,2024-05-14
CUS-240515001,Cantika,Irma,Female,cantika.irma3171@outlook.com,082208966251,CTY-00008,2024-05-15
CUS-240515002,Kukuh,Yuda,Male,kukuh.yuda3172@hotmail.com,084747654541,CTY-00006,2024-05-15
CUS-240516001,Kartika,Gaby,Female,kartika.gaby3173@hotmail.com,083566592040,CTY-00006,2024-05-16
CUS-240517001,Lestari,Aulia,Female,lestari.aulia3174@icloud.com,088478146903,CTY-00001,2024-05-17
CUS-240518001,Imran,Dwi,Male,imran.dwi3175@hotmail.com,087415777129,CTY-00009,2024-05-18
CUS-240518002,Chesa,Hesti,Female,chesa.hesti3176@yahoo.com,085185669301,CTY-00002,2024-05-18
CUS-240519001,Arga,Suharto,Male,arga.suharto3177@outlook.com,088386978248,CTY-00001,2024-05-19
CUS-240519002,Eva,Alya,Female,eva.alya3178@gmail.com,081993053838,CTY-00010,2024-05-19
CUS-240519003,Galang,Robby,Male,galang.robby3179@gmail.com,085046693091,CTY-00002,2024-05-19
CUS-240519004,Ariani,Irma,Female,ariani.irma3180@outlook.com,087903587726,CTY-00006,2024-05-19
CUS-240519005,Elena,Kartini,Female,elena.kartini3181@icloud.com,084686452477,CTY-00002,2024-05-19
CUS-240520001,Indri,Citra,Female,indri.citra3182@icloud.com,087279686473,CTY-00004,2024-05-20
CUS-240520002,Priya,Hassan,Female,priya.hassan3183@hotmail.com,083379683943,CTY-00012,2024-05-20
CUS-240520003,Yosep,Hens,Male,yosep.hens3184@yahoo.com,089487468484,CTY-00001,2024-05-20
CUS-240520004,Bulan,Basagita,Female,bulan.basagita3185@icloud.com,087802421955,CTY-00008,2024-05-20
CUS-240520005,Irma,Niken,Female,irma.niken3186@hotmail.com,089978045413,CTY-00010,2024-05-20
CUS-240521001,Hani,Galuh,Female,hani.galuh3187@icloud.com,086155234113,CTY-00004,2024-05-21
CUS-240521002,Amelia,Haniyah,Female,amelia.haniyah3188@gmail.com,088623706243,CTY-00010,2024-05-21
CUS-240522001,Ardi,Yunus,Male,ardi.yunus3189@hotmail.com,087415078418,CTY-00002,2024-05-22
CUS-240522002,Nadin,Alya,Female,nadin.alya3190@hotmail.com,087296624255,CTY-00009,2024-05-22
CUS-240522003,Bella,Karin,Female,bella.karin3191@gmail.com,082327001351,CTY-00010,2024-05-22
CUS-240522004,Nurul,Bunga,Female,nurul.bunga3192@gmail.com,083193091296,CTY-00007,2024-05-22
CUS-240522005,Hamzah,Pratama,Male,hamzah.pratama3193@outlook.com,089742768371,CTY-00002,2024-05-22
CUS-240523001,Maulana,Arif,Male,maulana.arif3194@gmail.com,082127559468,CTY-00003,2024-05-23
CUS-240523002,Haniyah,Bintang,Female,haniyah.bintang3195@hotmail.com,082359566834,CTY-00004,2024-05-23
CUS-240523003,Yanto,Mulyadi,Male,yanto.mulyadi3196@outlook.com,084068603763,CTY-00002,2024-05-23
CUS-240523004,Elsa,Amira,Female,elsa.amira3197@outlook.com,086215392490,CTY-00007,2024-05-23
CUS-240524001,Nia,Ika,Female,nia.ika3198@icloud.com,082907867114,CTY-00002,2024-05-24
CUS-240524002,Basagita,Kristina,Female,basagita.kristina3199@icloud.com,084250929542,CTY-00007,2024-05-24
CUS-240525001,Ramadhan,Hanafi,Male,ramadhan.hanafi3200@outlook.com,087175785664,CTY-00007,2024-05-25
CUS-240525002,Fajar,Mamat,Male,fajar.mamat3201@hotmail.com,082966855479,CTY-00002,2024-05-25
CUS-240526001,Hastuti,Aurelia,Female,hastuti.aurelia3202@gmail.com,085075259775,CTY-00001,2024-05-26
CUS-240526002,Lita,Nofi,Female,lita.nofi3203@icloud.com,089218862349,CTY-00007,2024-05-26
CUS-240526003,Nabila,Nisa,Female,nabila.nisa3204@yahoo.com,089983832253,CTY-00005,2024-05-26
CUS-240527001,Kania,Kartika,Female,kania.kartika3205@gmail.com,086311245642,CTY-00002,2024-05-27
CUS-240527002,Andrea,Ramos,Female,andrea.ramos3206@outlook.com,088802472257,CTY-00014,2024-05-27
CUS-240528001,Nisa,Dita,Female,nisa.dita3207@yahoo.com,084698172933,CTY-00009,2024-05-28
CUS-240528002,Isna,Dina,Female,isna.dina3208@icloud.com,087837113670,CTY-00005,2024-05-28
CUS-240528003,Debora,Ira,Female,debora.ira3209@icloud.com,081543836674,CTY-00003,2024-05-28
CUS-240531001,Untung,Dody,Male,untung.dody3210@hotmail.com,082946407515,CTY-00003,2024-05-31
CUS-240531002,Endang,Bintang,Female,endang.bintang3211@yahoo.com,083879263282,CTY-00007,2024-05-31
CUS-240601001,Erma,Dayu,Female,erma.dayu3212@icloud.com,087651483283,CTY-00008,2024-06-01
CUS-240601002,Dandi,Sandy,Male,dandi.sandy3213@outlook.com,088094587824,CTY-00009,2024-06-01
CUS-240601003,Eris,Rico,Male,eris.rico3214@yahoo.com,086738987455,CTY-00003,2024-06-01
CUS-240602001,Amanda,Nina,Female,amanda.nina3215@outlook.com,081629084196,CTY-00007,2024-06-02
CUS-240602002,Amanda,Mira,Female,amanda.mira3216@yahoo.com,087927448278,CTY-00005,2024-06-02
CUS-240602003,Rian,Hamzah,Male,rian.hamzah3217@icloud.com,083247894526,CTY-00001,2024-06-02
CUS-240602004,Dicky,Raihan,Male,dicky.raihan3218@yahoo.com,084673501653,CTY-00010,2024-06-02
CUS-240602005,Sabbar,Tohir,Male,sabbar.tohir3219@yahoo.com,084708384621,CTY-00009,2024-06-02
CUS-240602006,Gisela,Astiti,Female,gisela.astiti3220@icloud.com,089779132228,CTY-00010,2024-06-02
CUS-240602007,Laksmana,Bagas,Male,laksmana.bagas3221@outlook.com,084665244112,CTY-00001,2024-06-02
CUS-240603001,Dina,Faiza,Female,dina.faiza3222@outlook.com,083373476232,CTY-00007,2024-06-03
CUS-240603002,Ines,Bernadeth,Female,ines.bernadeth3223@outlook.com,087945042274,CTY-00006,2024-06-03
CUS-240603003,Aji,Rangga,Male,aji.rangga3224@gmail.com,087089477947,CTY-00003,2024-06-03
CUS-240604001,Komalasari,Arimbi,Female,komalasari.arimbi3225@icloud.com,089885535219,CTY-00001,2024-06-04
CUS-240604002,Nila,Gayatry,Female,nila.gayatry3226@yahoo.com,084939271389,CTY-00006,2024-06-04
CUS-240604003,Bulan,Liana,Female,bulan.liana3227@yahoo.com,082180477618,CTY-00003,2024-06-04
CUS-240605001,Hadi,Prabowo,Male,hadi.prabowo3228@gmail.com,086433400219,CTY-00010,2024-06-05
CUS-240605002,Marwan,Syarif,Male,marwan.syarif3229@gmail.com,084501799667,CTY-00005,2024-06-05
CUS-240605003,Mario,Zul,Male,mario.zul3230@yahoo.com,085362245018,CTY-00006,2024-06-05
CUS-240605004,Fitri,Irene,Female,fitri.irene3231@gmail.com,089576673538,CTY-00009,2024-06-05
CUS-240605005,Helena,Eni,Female,helena.eni3232@yahoo.com,087739613582,CTY-00002,2024-06-05
CUS-240606001,Deswita,Ariani,Female,deswita.ariani3233@icloud.com,081657580270,CTY-00002,2024-06-06
CUS-240606002,Liana,Endah,Female,liana.endah3234@outlook.com,081141121396,CTY-00005,2024-06-06
CUS-240607001,Fatin,Subramaniam,Female,fatin.subramaniam3235@yahoo.com,085212063882,CTY-00012,2024-06-07
CUS-240607002,Hendra,Wisnu,Male,hendra.wisnu3236@yahoo.com,086015840356,CTY-00003,2024-06-07
CUS-240607003,Dyah,Desi,Female,dyah.desi3237@icloud.com,087938860662,CTY-00009,2024-06-07
CUS-240608001,Raka,Dian,Male,raka.dian3238@outlook.com,088659314073,CTY-00009,2024-06-08
CUS-240609001,Supri,Gading,Male,supri.gading3239@gmail.com,084897901260,CTY-00007,2024-06-09
CUS-240609002,Habsah,Melia,Female,habsah.melia3240@gmail.com,082445216399,CTY-00008,2024-06-09
CUS-240610001,Ismail,Maulana,Male,ismail.maulana3241@hotmail.com,082797905240,CTY-00001,2024-06-10
CUS-240610002,Aulia,Astiti,Female,aulia.astiti3242@icloud.com,089881602055,CTY-00005,2024-06-10
CUS-240611001,Kadir,Gatot,Male,kadir.gatot3243@hotmail.com,088987941061,CTY-00001,2024-06-11
CUS-240611002,Kartika,Fatimah,Female,kartika.fatimah3244@outlook.com,087239964004,CTY-00005,2024-06-11
CUS-240611003,Mardi,Gatot,Male,mardi.gatot3245@gmail.com,083511366191,CTY-00008,2024-06-11
CUS-240611004,Cempaka,Citra,Female,cempaka.citra3246@hotmail.com,084307121848,CTY-00008,2024-06-11
CUS-240611005,Endah,Nisa,Female,endah.nisa3247@icloud.com,089522573269,CTY-00007,2024-06-11
CUS-240611006,Rifky,Miftah,Male,rifky.miftah3248@hotmail.com,085326076766,CTY-00002,2024-06-11
CUS-240613001,Dani,Erwin,Male,dani.erwin3249@hotmail.com,087445833711,CTY-00007,2024-06-13
CUS-240613002,Nila,Arimbi,Female,nila.arimbi3250@icloud.com,089600341763,CTY-00006,2024-06-13
CUS-240613003,Bella,Novi,Female,bella.novi3251@yahoo.com,084649677996,CTY-00009,2024-06-13
CUS-240613004,Clara,Lia,Female,clara.lia3252@yahoo.com,083628153594,CTY-00007,2024-06-13
CUS-240613005,Dita,Nia,Female,dita.nia3253@yahoo.com,086339705869,CTY-00001,2024-06-13
CUS-240614001,Tomy,Gada,Male,tomy.gada3254@gmail.com,084294199736,CTY-00008,2024-06-14
CUS-240614002,Aurelia,Amira,Female,aurelia.amira3255@gmail.com,087594678703,CTY-00006,2024-06-14
CUS-240614003,Luki,Fauzan,Male,luki.fauzan3256@hotmail.com,089717850983,CTY-00003,2024-06-14
CUS-240614004,Kania,Komalasari,Female,kania.komalasari3257@icloud.com,089516359372,CTY-00006,2024-06-14
CUS-240615001,Elang,Imam,Male,elang.imam3258@icloud.com,085937170334,CTY-00002,2024-06-15
CUS-240616001,Dani,Fadli,Male,dani.fadli3259@icloud.com,088979144981,CTY-00008,2024-06-16
CUS-240616002,Arsita,Evi,Female,arsita.evi3260@gmail.com,086732733862,CTY-00007,2024-06-16
CUS-240617001,Sandy,Irwan,Male,sandy.irwan3261@yahoo.com,084786169783,CTY-00008,2024-06-17
CUS-240617002,Sandy,Agus,Male,sandy.agus3262@gmail.com,089367449292,CTY-00001,2024-06-17
CUS-240617003,Fadilah,Ardhia,Female,fadilah.ardhia3263@hotmail.com,084930044353,CTY-00006,2024-06-17
CUS-240618001,Dilla,Laura,Female,dilla.laura3264@gmail.com,082670544166,CTY-00003,2024-06-18
CUS-240619001,Bagus,Gada,Male,bagus.gada3265@yahoo.com,086063447833,CTY-00007,2024-06-19
CUS-240619002,Juliette,Hanifah,Female,juliette.hanifah3266@icloud.com,086084357155,CTY-00004,2024-06-19
CUS-240620001,Fahmi,Sigit,Male,fahmi.sigit3267@hotmail.com,082082045083,CTY-00007,2024-06-20
CUS-240621001,Bagas,Kusuma,Male,bagas.kusuma3268@yahoo.com,081841118064,CTY-00009,2024-06-21
CUS-240621002,Agus,Ridik,Male,agus.ridik3269@icloud.com,086649047131,CTY-00003,2024-06-21
CUS-240621003,Anisa,Haniyah,Female,anisa.haniyah3270@yahoo.com,084313163312,CTY-00008,2024-06-21
CUS-240621004,Hastuti,Aslih,Female,hastuti.aslih3271@yahoo.com,089296806346,CTY-00006,2024-06-21
CUS-240622001,Untung,Oki,Male,untung.oki3272@hotmail.com,087039902020,CTY-00008,2024-06-22
CUS-240622002,Nadia,Karin,Female,nadia.karin3273@yahoo.com,083184662077,CTY-00001,2024-06-22
CUS-240622003,Eni,Citra,Female,eni.citra3274@hotmail.com,082313001211,CTY-00003,2024-06-22
CUS-240622004,Karin,Helena,Female,karin.helena3275@outlook.com,088512150488,CTY-00003,2024-06-22
CUS-240623001,Setiawan,Ichsan,Male,setiawan.ichsan3276@outlook.com,087770619446,CTY-00009,2024-06-23
CUS-240623002,Nita,Elena,Female,nita.elena3277@hotmail.com,083567391186,CTY-00002,2024-06-23
CUS-240624001,Surya,Anjas,Male,surya.anjas3278@outlook.com,087669956248,CTY-00009,2024-06-24
CUS-240624002,Istri,Fransiska,Female,istri.fransiska3279@gmail.com,086523626156,CTY-00010,2024-06-24
CUS-240624003,Raihan,Mamat,Male,raihan.mamat3280@gmail.com,081271585740,CTY-00005,2024-06-24
CUS-240624004,Imam,Munir,Male,imam.munir3281@yahoo.com,088191603533,CTY-00009,2024-06-24
CUS-240625001,Febri,Hana,Female,febri.hana3282@outlook.com,082029658409,CTY-00009,2024-06-25
CUS-240625002,Aida,Apsari,Female,aida.apsari3283@icloud.com,082716197198,CTY-00005,2024-06-25
CUS-240625003,Linda,Ariani,Female,linda.ariani3284@outlook.com,087653329336,CTY-00005,2024-06-25
CUS-240626001,Cahyo,Wawan,Male,cahyo.wawan3285@outlook.com,086663498128,CTY-00004,2024-06-26
CUS-240626002,Purnomo,Wawan,Male,purnomo.wawan3286@icloud.com,083150443400,CTY-00007,2024-06-26
CUS-240626003,Setiawan,Basri,Male,setiawan.basri3287@hotmail.com,081803641348,CTY-00002,2024-06-26
CUS-240628001,Kusuma,Irma,Female,kusuma.irma3288@icloud.com,086488405518,CTY-00005,2024-06-28
CUS-240629001,Dede,Mamat,Male,dede.mamat3289@icloud.com,089251170074,CTY-00010,2024-06-29
CUS-240629002,Rahmad,Aldo,Male,rahmad.aldo3290@outlook.com,083384108753,CTY-00002,2024-06-29
CUS-240629003,Jelita,Nita,Female,jelita.nita3291@icloud.com,088599820310,CTY-00006,2024-06-29
CUS-240629004,Elang,Jefri,Male,elang.jefri3292@gmail.com,082511128703,CTY-00005,2024-06-29
CUS-240629005,Deswita,Ardhia,Female,deswita.ardhia3293@hotmail.com,086737018915,CTY-00002,2024-06-29
CUS-240630001,Guntur,Baskara,Male,guntur.baskara3294@hotmail.com,085426078468,CTY-00005,2024-06-30
CUS-240703001,Ika,Desi,Female,ika.desi3295@hotmail.com,085639362308,CTY-00003,2024-07-03
CUS-240703002,Erma,Dina,Female,erma.dina3296@gmail.com,086153083054,CTY-00010,2024-07-03
CUS-240703003,Niken,Laksmi,Female,niken.laksmi3297@icloud.com,088904146411,CTY-00002,2024-07-03
CUS-240703004,Dicky,Lukman,Male,dicky.lukman3298@yahoo.com,081490189644,CTY-00007,2024-07-03
CUS-240703005,Juwita,Erna,Female,juwita.erna3299@hotmail.com,089746221130,CTY-00008,2024-07-03
CUS-240705001,Gatot,Tomy,Male,gatot.tomy3300@yahoo.com,083386575145,CTY-00001,2024-07-05
CUS-240707001,Dita,Linda,Female,dita.linda3301@icloud.com,088011730623,CTY-00001,2024-07-07
CUS-240708001,Aria,Anita,Female,aria.anita3302@icloud.com,081976328259,CTY-00006,2024-07-08
CUS-240709001,Budi,Yudha,Male,budi.yudha3303@hotmail.com,088055542022,CTY-00006,2024-07-09
CUS-240710001,Bari,Zaky,Male,bari.zaky3304@hotmail.com,081321711503,CTY-00005,2024-07-10
CUS-240710002,Syafiq,Misbah,Male,syafiq.misbah3305@outlook.com,088730650176,CTY-00004,2024-07-10
CUS-240710003,Astiti,Leni,Female,astiti.leni3306@gmail.com,088883545812,CTY-00003,2024-07-10
CUS-240711001,Fajar,Gede,Male,fajar.gede3307@icloud.com,084460818776,CTY-00002,2024-07-11
CUS-240712001,Monika,Kartika,Female,monika.kartika3308@gmail.com,085741342323,CTY-00001,2024-07-12
CUS-240713001,Elisa,Gita,Female,elisa.gita3309@hotmail.com,089031180016,CTY-00006,2024-07-13
CUS-240713002,Jessica,Tan,Female,jessica.tan3310@outlook.com,089565841252,CTY-00011,2024-07-13
CUS-240714001,Guntur,Rico,Male,guntur.rico3311@outlook.com,089646333980,CTY-00001,2024-07-14
CUS-240714002,Rifky,Raja,Male,rifky.raja3312@icloud.com,084687399489,CTY-00010,2024-07-14
CUS-240714003,Yayat,Lukman,Male,yayat.lukman3313@icloud.com,087678497557,CTY-00010,2024-07-14
CUS-240714004,Maimunah,Arini,Female,maimunah.arini3314@gmail.com,087481624068,CTY-00001,2024-07-14
CUS-240715001,Aldo,Panji,Male,aldo.panji3315@outlook.com,083977227636,CTY-00008,2024-07-15
CUS-240716001,Elvira,Desi,Female,elvira.desi3316@outlook.com,088452960009,CTY-00002,2024-07-16
CUS-240716002,Maya,Nia,Female,maya.nia3317@outlook.com,085338960358,CTY-00003,2024-07-16
CUS-240716003,Amir,Supri,Male,amir.supri3318@gmail.com,089239668958,CTY-00010,2024-07-16
CUS-240716004,Dede,Maman,Male,dede.maman3319@yahoo.com,082844424050,CTY-00002,2024-07-16
CUS-240716005,Maimunah,Aulia,Female,maimunah.aulia3320@yahoo.com,085994382219,CTY-00008,2024-07-16
CUS-240718001,Febri,Anindya,Female,febri.anindya3321@yahoo.com,082152999469,CTY-00008,2024-07-18
CUS-240718002,Xin Yi,Tan,Female,xinyi.tan3322@outlook.com,082844567287,CTY-00011,2024-07-18
CUS-240718003,Aris,Basri,Male,aris.basri3323@hotmail.com,083048480214,CTY-00005,2024-07-18
CUS-240719001,Irma,Dwi,Female,irma.dwi3324@gmail.com,088074999239,CTY-00009,2024-07-19
CUS-240719002,Damanik,Nadia,Female,damanik.nadia3325@icloud.com,083191608053,CTY-00004,2024-07-19
CUS-240719003,Ichsan,Candra,Male,ichsan.candra3326@gmail.com,086992288203,CTY-00007,2024-07-19
CUS-240719004,Vino,Mega,Male,vino.mega3327@icloud.com,085236608680,CTY-00004,2024-07-19
CUS-240720001,Yoga,Joko,Male,yoga.joko3328@icloud.com,082481157816,CTY-00002,2024-07-20
CUS-240720002,Fina,Dilla,Female,fina.dilla3329@yahoo.com,088622743308,CTY-00008,2024-07-20
CUS-240721001,Nofi,Fabian,Female,nofi.fabian3330@hotmail.com,089445325465,CTY-00002,2024-07-21
CUS-240721002,Gisela,Fadhilah,Female,gisela.fadhilah3331@yahoo.com,083923776378,CTY-00007,2024-07-21
CUS-240721003,Wibawa,Erwin,Male,wibawa.erwin3332@yahoo.com,083362901913,CTY-00008,2024-07-21
CUS-240722001,Aura,Nurul,Female,aura.nurul3333@yahoo.com,083844570906,CTY-00009,2024-07-22
CUS-240722002,Febri,Erika,Female,febri.erika3334@outlook.com,088162120106,CTY-00001,2024-07-22
CUS-240722003,Darren,Lee,Male,darren.lee3335@gmail.com,084847916358,CTY-00011,2024-07-22
CUS-240722004,Sugeng,Aldo,Male,sugeng.aldo3336@yahoo.com,087261940251,CTY-00007,2024-07-22
CUS-240725001,Adinda,Farida,Female,adinda.farida3337@hotmail.com,088182701802,CTY-00001,2024-07-25
CUS-240726001,Subhan,Radit,Male,subhan.radit3338@icloud.com,089922512462,CTY-00006,2024-07-26
CUS-240726002,Faiza,Irmagard,Female,faiza.irmagard3339@gmail.com,085566027301,CTY-00005,2024-07-26
CUS-240727001,Habsah,Grace,Female,habsah.grace3340@hotmail.com,085967841695,CTY-00010,2024-07-27
CUS-240727002,Yudi,Elang,Male,yudi.elang3341@icloud.com,086220983803,CTY-00005,2024-07-27
CUS-240728001,Eva,Lita,Female,eva.lita3342@icloud.com,087467405459,CTY-00009,2024-07-28
CUS-240728002,Bahar,Ismail,Male,bahar.ismail3343@gmail.com,085450806939,CTY-00003,2024-07-28
CUS-240728003,Amanda,Meyli,Female,amanda.meyli3344@hotmail.com,085445725248,CTY-00009,2024-07-28
CUS-240729001,Miftah,Fajar,Male,miftah.fajar3345@gmail.com,087080774419,CTY-00007,2024-07-29
CUS-240730001,Gatot,Mega,Male,gatot.mega3346@yahoo.com,084749339133,CTY-00010,2024-07-30
CUS-240731001,Febri,Dhika,Female,febri.dhika3347@gmail.com,082224293591,CTY-00002,2024-07-31
CUS-240801001,Mei Ling,Tan,Female,meiling.tan3348@gmail.com,086066575625,CTY-00012,2024-08-01
CUS-240802001,Elisa,Lela,Female,elisa.lela3349@gmail.com,089415394901,CTY-00003,2024-08-02
CUS-240803001,Lia,Nila,Female,lia.nila3350@outlook.com,084330261437,CTY-00010,2024-08-03
CUS-240803002,Asrul,Deni,Male,asrul.deni3351@icloud.com,084937237294,CTY-00007,2024-08-03
CUS-240803003,Wawan,Maman,Male,wawan.maman3352@outlook.com,081638956200,CTY-00008,2024-08-03
CUS-240803004,Anisa,Melani,Female,anisa.melani3353@outlook.com,088616004970,CTY-00009,2024-08-03
CUS-240803005,Indira,Dyah,Female,indira.dyah3354@outlook.com,084680808396,CTY-00007,2024-08-03
CUS-240804001,Lucia,Berlian,Female,lucia.berlian3355@hotmail.com,086370788653,CTY-00008,2024-08-04
CUS-240804002,Lucia,Endang,Female,lucia.endang3356@icloud.com,085329459747,CTY-00006,2024-08-04
CUS-240805001,Ayu,Habsah,Female,ayu.habsah3357@yahoo.com,085794031081,CTY-00007,2024-08-05
CUS-240805002,Imam,Widodo,Male,imam.widodo3358@gmail.com,082420658056,CTY-00005,2024-08-05
CUS-240806001,Monika,Lativa,Female,monika.lativa3359@hotmail.com,084945073929,CTY-00007,2024-08-06
CUS-240806002,Hafiz,Maulana,Male,hafiz.maulana3360@gmail.com,089271422934,CTY-00007,2024-08-06
CUS-240807001,Dewa,Dian,Male,dewa.dian3361@hotmail.com,083109721554,CTY-00008,2024-08-07
CUS-240808001,Hendra,Subhan,Male,hendra.subhan3362@outlook.com,083584414416,CTY-00003,2024-08-08
CUS-240809001,Untung,Gading,Male,untung.gading3363@outlook.com,082149566771,CTY-00006,2024-08-09
CUS-240809002,Maulana,Gani,Male,maulana.gani3364@icloud.com,084311117705,CTY-00003,2024-08-09
CUS-240810001,Hambali,Mahfud,Male,hambali.mahfud3365@gmail.com,084462835768,CTY-00008,2024-08-10
CUS-240810002,Anjas,Sunandar,Male,anjas.sunandar3366@icloud.com,088294294934,CTY-00006,2024-08-10
CUS-240810003,Isha,Abdullah,Female,isha.abdullah3367@outlook.com,087058795700,CTY-00012,2024-08-10
CUS-240811001,Chika,Eni,Female,chika.eni3368@icloud.com,089563160201,CTY-00008,2024-08-11
CUS-240812001,Setiawan,Kiki,Male,setiawan.kiki3369@gmail.com,088745122320,CTY-00009,2024-08-12
CUS-240812002,Rifky,Misbah,Male,rifky.misbah3370@gmail.com,089854748117,CTY-00002,2024-08-12
CUS-240812003,Fikri,Naufal,Male,fikri.naufal3371@yahoo.com,087522058225,CTY-00007,2024-08-12
CUS-240812004,Eka,Asrul,Male,eka.asrul3372@icloud.com,083590101686,CTY-00001,2024-08-12
CUS-240812005,Tri,Amir,Male,tri.amir3373@hotmail.com,087100798013,CTY-00003,2024-08-12
CUS-240813001,Mega,Samsul,Male,mega.samsul3374@icloud.com,082982894976,CTY-00007,2024-08-13
CUS-240813002,Mutia,Lita,Female,mutia.lita3375@icloud.com,086379777506,CTY-00002,2024-08-13
CUS-240814001,Vino,Dimas,Male,vino.dimas3376@gmail.com,089822971147,CTY-00003,2024-08-14
CUS-240814002,Kartini,Astrid,Female,kartini.astrid3377@gmail.com,088612897970,CTY-00010,2024-08-14
CUS-240816001,Fransiska,Amira,Female,fransiska.amira3378@gmail.com,087347360573,CTY-00001,2024-08-16
CUS-240816002,Gatot,Wijaya,Male,gatot.wijaya3379@hotmail.com,082764493942,CTY-00007,2024-08-16
CUS-240817001,Kania,Cantika,Female,kania.cantika3380@icloud.com,081010370747,CTY-00007,2024-08-17
CUS-240817002,Nila,Lusia,Female,nila.lusia3381@yahoo.com,083676190227,CTY-00008,2024-08-17
CUS-240817003,Felicia,Ayu,Female,felicia.ayu3382@icloud.com,081626290824,CTY-00010,2024-08-17
CUS-240819001,Doni,Bambang,Male,doni.bambang3383@outlook.com,085011406181,CTY-00005,2024-08-19
CUS-240820001,Satya,Kukuh,Male,satya.kukuh3384@yahoo.com,081957272362,CTY-00005,2024-08-20
CUS-240820002,Emilia,Darmastuti,Female,emilia.darmastuti3385@icloud.com,086322122115,CTY-00007,2024-08-20
CUS-240820003,Galih,Utomo,Male,galih.utomo3386@gmail.com,087123608567,CTY-00005,2024-08-20
CUS-240820004,Agung,Fajar,Male,agung.fajar3387@icloud.com,083149088215,CTY-00010,2024-08-20
CUS-240820005,Darmastuti,Citra,Female,darmastuti.citra3388@icloud.com,087106258748,CTY-00003,2024-08-20
CUS-240821001,Raden,Aldo,Male,raden.aldo3389@yahoo.com,082910859654,CTY-00001,2024-08-21
CUS-240822001,Rachel,Goh,Female,rachel.goh3390@hotmail.com,085768038425,CTY-00011,2024-08-22
CUS-240822002,Ira,Hana,Female,ira.hana3391@hotmail.com,081263850651,CTY-00006,2024-08-22
CUS-240823001,Raihan,Asrul,Male,raihan.asrul3392@gmail.com,083160431772,CTY-00009,2024-08-23
CUS-240823002,Lusi,Novita,Female,lusi.novita3393@hotmail.com,085895477492,CTY-00009,2024-08-23
CUS-240823003,Dewa,Darma,Male,dewa.darma3394@outlook.com,082069514820,CTY-00002,2024-08-23
CUS-240824001,Endra,Deri,Male,endra.deri3395@gmail.com,089326636327,CTY-00005,2024-08-24
CUS-240824002,Nofi,Kartika,Female,nofi.kartika3396@outlook.com,086201350285,CTY-00001,2024-08-24
CUS-240824003,Fifi,Lia,Female,fifi.lia3397@yahoo.com,081067380342,CTY-00002,2024-08-24
CUS-240825001,Chesa,Dhika,Female,chesa.dhika3398@icloud.com,085883688518,CTY-00009,2024-08-25
CUS-240826001,Edi,Nurdin,Male,edi.nurdin3399@icloud.com,081019187105,CTY-00010,2024-08-26
CUS-240826002,Yosep,Ramadhan,Male,yosep.ramadhan3400@hotmail.com,089339846435,CTY-00008,2024-08-26
CUS-240826003,Debora,Melinda,Female,debora.melinda3401@yahoo.com,082309282748,CTY-00006,2024-08-26
CUS-240827001,Farah,Dilla,Female,farah.dilla3402@outlook.com,088985998615,CTY-00001,2024-08-27
CUS-240828001,Suharto,Jody,Male,suharto.jody3403@gmail.com,083411868056,CTY-00007,2024-08-28
CUS-240828002,Darma,Yogi,Male,darma.yogi3404@icloud.com,086908259388,CTY-00006,2024-08-28
CUS-240828003,Habsah,Della,Female,habsah.della3405@icloud.com,086865976617,CTY-00002,2024-08-28
CUS-240828004,Siti,Yusof,Female,siti.yusof3406@icloud.com,086045206326,CTY-00013,2024-08-28
CUS-240829001,Dicky,Hanafi,Male,dicky.hanafi3407@icloud.com,089438252179,CTY-00005,2024-08-29
CUS-240829002,Amanda,Kania,Female,amanda.kania3408@yahoo.com,086894007260,CTY-00002,2024-08-29
CUS-240829003,Indra,Idris,Male,indra.idris3409@hotmail.com,087662003072,CTY-00005,2024-08-29
CUS-240830001,Bobi,Yuda,Male,bobi.yuda3410@hotmail.com,081720784282,CTY-00006,2024-08-30
CUS-240830002,Bima,Asrul,Male,bima.asrul3411@hotmail.com,085307304867,CTY-00010,2024-08-30
CUS-240831001,Melani,Arimbi,Female,melani.arimbi3412@gmail.com,088352491528,CTY-00002,2024-08-31
CUS-240831002,Irmina,Citra,Female,irmina.citra3413@yahoo.com,081492489668,CTY-00009,2024-08-31
CUS-240831003,Ilham,Ginanjar,Male,ilham.ginanjar3414@outlook.com,081294326889,CTY-00002,2024-08-31
CUS-240831004,Fauzan,Mamat,Male,fauzan.mamat3415@yahoo.com,087008224758,CTY-00007,2024-08-31
CUS-240901001,Raden,Misbah,Male,raden.misbah3416@outlook.com,083273750683,CTY-00008,2024-09-01
CUS-240901002,Aaron,Lee,Male,aaron.lee3417@yahoo.com,082719130435,CTY-00011,2024-09-01
CUS-240902001,Rido,Anto,Male,rido.anto3418@icloud.com,086741546676,CTY-00001,2024-09-02
CUS-240902002,Bintang,Arie,Male,bintang.arie3419@gmail.com,088884897814,CTY-00005,2024-09-02
CUS-240902003,Hambali,Dimas,Male,hambali.dimas3420@outlook.com,087853694033,CTY-00002,2024-09-02
CUS-240903001,Fadhilah,Klara,Female,fadhilah.klara3421@outlook.com,084562325621,CTY-00010,2024-09-03
CUS-240903002,Agnes,Lucia,Female,agnes.lucia3422@gmail.com,088915538324,CTY-00007,2024-09-03
CUS-240905001,Elena,Eka,Female,elena.eka3423@icloud.com,083165375522,CTY-00006,2024-09-05
CUS-240905002,Pratama,Huda,Male,pratama.huda3424@hotmail.com,081777053038,CTY-00008,2024-09-05
CUS-240905003,Zaki,Tito,Male,zaki.tito3425@hotmail.com,082500946231,CTY-00007,2024-09-05
CUS-240906001,Della,Bella,Female,della.bella3426@icloud.com,083372445612,CTY-00004,2024-09-06
CUS-240907001,Elvira,Laura,Female,elvira.laura3427@outlook.com,082510145022,CTY-00005,2024-09-07
CUS-240907002,Lidia,Lita,Female,lidia.lita3428@yahoo.com,081484770837,CTY-00005,2024-09-07
CUS-240907003,Raden,Hendra,Male,raden.hendra3429@hotmail.com,084856573503,CTY-00003,2024-09-07
CUS-240908001,Dani,Tobar,Male,dani.tobar3430@gmail.com,086836616314,CTY-00002,2024-09-08
CUS-240909001,Subhan,Gede,Male,subhan.gede3431@outlook.com,087838506485,CTY-00009,2024-09-09
CUS-240909002,Budi,Arie,Male,budi.arie3432@gmail.com,087391751845,CTY-00010,2024-09-09
CUS-240909003,Clara,Novi,Female,clara.novi3433@icloud.com,084284959903,CTY-00009,2024-09-09
CUS-240909004,Khairul,Wong,Male,khairul.wong3434@icloud.com,089659761914,CTY-00012,2024-09-09
CUS-240910001,Cantika,Anisa,Female,cantika.anisa3435@hotmail.com,081343554596,CTY-00002,2024-09-10
CUS-240910002,Ayu,Febri,Female,ayu.febri3436@hotmail.com,085636564514,CTY-00009,2024-09-10
CUS-240911001,Dian,Erni,Female,dian.erni3437@hotmail.com,085307118788,CTY-00005,2024-09-11
CUS-240911002,Yuda,Edi,Male,yuda.edi3438@icloud.com,085261557332,CTY-00006,2024-09-11
CUS-240911003,Ermina,Elisa,Female,ermina.elisa3439@icloud.com,085762813353,CTY-00005,2024-09-11
CUS-240912001,Hapsari,Adinda,Female,hapsari.adinda3440@gmail.com,086009912665,CTY-00004,2024-09-12
CUS-240913001,Larasati,Irmagard,Female,larasati.irmagard3441@hotmail.com,081120345228,CTY-00001,2024-09-13
CUS-240913002,Galih,Yudi,Male,galih.yudi3442@yahoo.com,089110107066,CTY-00002,2024-09-13
CUS-240913003,Laura,Dara,Female,laura.dara3443@outlook.com,084973397350,CTY-00008,2024-09-13
CUS-240913004,Faris,Yudha,Male,faris.yudha3444@yahoo.com,088312438670,CTY-00001,2024-09-13
CUS-240915001,Surya,Raka,Male,surya.raka3445@gmail.com,082975091592,CTY-00008,2024-09-15
CUS-240916001,Leni,Belinda,Female,leni.belinda3446@yahoo.com,084610411517,CTY-00004,2024-09-16
CUS-240916002,Nurdin,Bagas,Male,nurdin.bagas3447@hotmail.com,089674179960,CTY-00006,2024-09-16
CUS-240916003,Yanto,Dani,Male,yanto.dani3448@icloud.com,089146015937,CTY-00001,2024-09-16
CUS-240917001,Hastuti,Chesa,Female,hastuti.chesa3449@outlook.com,087675325291,CTY-00008,2024-09-17
CUS-240917002,Sunandar,Sugeng,Male,sunandar.sugeng3450@gmail.com,081235558860,CTY-00006,2024-09-17
CUS-240917003,Hamzah,Dimas,Male,hamzah.dimas3451@yahoo.com,086341862104,CTY-00003,2024-09-17
CUS-240917004,Untung,Elang,Male,untung.elang3452@hotmail.com,089463250572,CTY-00001,2024-09-17
CUS-240918001,Prabowo,Dian,Male,prabowo.dian3453@yahoo.com,082925428585,CTY-00003,2024-09-18
CUS-240918002,Wahyu,Bima,Male,wahyu.bima3454@outlook.com,085290023497,CTY-00005,2024-09-18
CUS-240919001,Cokro,Dedi,Male,cokro.dedi3455@icloud.com,088717766193,CTY-00009,2024-09-19
CUS-240920001,Haniyah,Farida,Female,haniyah.farida3456@outlook.com,087731804268,CTY-00002,2024-09-20
CUS-240920002,Della,Arieska,Female,della.arieska3457@icloud.com,089935324517,CTY-00010,2024-09-20
CUS-240920003,Indah,Dara,Female,indah.dara3458@gmail.com,083971375080,CTY-00008,2024-09-20
CUS-240921001,Irene,Lili,Female,irene.lili3459@outlook.com,085082448461,CTY-00009,2024-09-21
CUS-240921002,Ridik,Utomo,Male,ridik.utomo3460@hotmail.com,088824293407,CTY-00003,2024-09-21
CUS-240921003,Lili,Lucia,Female,lili.lucia3461@hotmail.com,087879618739,CTY-00002,2024-09-21
CUS-240921004,Laura,Gaby,Female,laura.gaby3462@outlook.com,087470701191,CTY-00010,2024-09-21
CUS-240921005,Anuar,Trisna,Male,anuar.trisna3463@yahoo.com,086112239784,CTY-00008,2024-09-21
CUS-240921006,Wahyu,Mulyadi,Male,wahyu.mulyadi3464@hotmail.com,081178718691,CTY-00003,2024-09-21
CUS-240922001,Wisnu,Hery,Male,wisnu.hery3465@gmail.com,085949769911,CTY-00006,2024-09-22
CUS-240922002,Husni,Miftah,Male,husni.miftah3466@hotmail.com,087879721103,CTY-00010,2024-09-22
CUS-240923001,Bari,Amir,Male,bari.amir3467@hotmail.com,081443172396,CTY-00007,2024-09-23
CUS-240923002,Luthfi,Hamzah,Male,luthfi.hamzah3468@gmail.com,088159148005,CTY-00007,2024-09-23
CUS-240924001,Laksmi,Erma,Female,laksmi.erma3469@icloud.com,084574492057,CTY-00009,2024-09-24
CUS-240924002,Hastuti,Mirna,Female,hastuti.mirna3470@hotmail.com,081622898176,CTY-00003,2024-09-24
CUS-240924003,Hadi,Fauzan,Male,hadi.fauzan3471@gmail.com,081227067057,CTY-00010,2024-09-24
CUS-240925001,Rachel,Teo,Female,rachel.teo3472@outlook.com,083915382613,CTY-00011,2024-09-25
CUS-240925002,Rian,Rido,Male,rian.rido3473@icloud.com,087491528644,CTY-00006,2024-09-25
CUS-240925003,Lia,Dika,Female,lia.dika3474@outlook.com,085847672460,CTY-00007,2024-09-25
CUS-240926001,Rahmat,Robby,Male,rahmat.robby3475@icloud.com,089320201536,CTY-00001,2024-09-26
CUS-240926002,Jasmine,Nurul,Female,jasmine.nurul3476@icloud.com,089813567239,CTY-00007,2024-09-26
CUS-240926003,Galuh,Kartika,Female,galuh.kartika3477@yahoo.com,087675465008,CTY-00001,2024-09-26
CUS-240927001,Daria,Gaby,Female,daria.gaby3478@hotmail.com,088506791538,CTY-00004,2024-09-27
CUS-240927002,Rafi,Rido,Male,rafi.rido3479@hotmail.com,081262021597,CTY-00004,2024-09-27
CUS-240929001,Aurelia,Lucia,Female,aurelia.lucia3480@gmail.com,084618084939,CTY-00009,2024-09-29
CUS-240929002,Radit,Tito,Male,radit.tito3481@gmail.com,087525800918,CTY-00010,2024-09-29
CUS-240929003,Cahyo,Aditya,Male,cahyo.aditya3482@outlook.com,087069065627,CTY-00010,2024-09-29
CUS-240929004,Hery,Setyo,Male,hery.setyo3483@outlook.com,086617167528,CTY-00005,2024-09-29
CUS-240930001,Andi,Baskara,Male,andi.baskara3484@outlook.com,087031488651,CTY-00003,2024-09-30
CUS-241001001,Leni,Irmagard,Female,leni.irmagard3485@hotmail.com,086177093071,CTY-00010,2024-10-01
CUS-241001002,Raka,Bagus,Male,raka.bagus3486@gmail.com,084442521737,CTY-00007,2024-10-01
CUS-241003001,Kartika,Nadia,Female,kartika.nadia3487@gmail.com,082271288200,CTY-00004,2024-10-03
CUS-241004001,Erni,Fina,Female,erni.fina3488@outlook.com,082639337517,CTY-00003,2024-10-04
CUS-241004002,Eris,Pradipa,Male,eris.pradipa3489@hotmail.com,089556813020,CTY-00005,2024-10-04
CUS-241004003,Mila,Fina,Female,mila.fina3490@gmail.com,083811496438,CTY-00006,2024-10-04
CUS-241004004,Irwan,Yadi,Male,irwan.yadi3491@icloud.com,081865683878,CTY-00005,2024-10-04
CUS-241005001,Emilia,Chesa,Female,emilia.chesa3492@gmail.com,085378254950,CTY-00008,2024-10-05
CUS-241005002,Irmina,Bintang,Female,irmina.bintang3493@gmail.com,083211333765,CTY-00005,2024-10-05
CUS-241005003,Mahesa,Ridik,Male,mahesa.ridik3494@hotmail.com,083303934335,CTY-00002,2024-10-05
CUS-241005004,Samsul,Didi,Male,samsul.didi3495@outlook.com,082104718751,CTY-00008,2024-10-05
CUS-241006001,Jasmine,Laksmi,Female,jasmine.laksmi3496@hotmail.com,083517780082,CTY-00005,2024-10-06
CUS-241007001,Yudhi,Rio,Male,yudhi.rio3497@icloud.com,083222826554,CTY-00002,2024-10-07
CUS-241007002,Dandi,Junaedi,Male,dandi.junaedi3498@hotmail.com,082601479811,CTY-00009,2024-10-07
CUS-241008001,Irfan,Yosep,Male,irfan.yosep3499@outlook.com,082338873757,CTY-00001,2024-10-08
CUS-241009001,Lia,Juliette,Female,lia.juliette3500@icloud.com,089430890202,CTY-00001,2024-10-09
CUS-241009002,Wahyu,Sujatmiko,Male,wahyu.sujatmiko3501@yahoo.com,087301456284,CTY-00004,2024-10-09
CUS-241009003,Angelo,Reyes,Male,angelo.reyes3502@outlook.com,088639121323,CTY-00014,2024-10-09
CUS-241009004,Isha,Subramaniam,Female,isha.subramaniam3503@hotmail.com,084257448556,CTY-00012,2024-10-09
CUS-241009005,Fransiska,Kartini,Female,fransiska.kartini3504@outlook.com,085899275406,CTY-00007,2024-10-09
CUS-241009006,Deri,Indra,Male,deri.indra3505@yahoo.com,087950988101,CTY-00003,2024-10-09
CUS-241010001,Eva,Citra,Female,eva.citra3506@gmail.com,087720784237,CTY-00010,2024-10-10
CUS-241010002,Mark,Reyes,Male,mark.reyes3507@icloud.com,082827149341,CTY-00014,2024-10-10
CUS-241010003,Setyo,Cokro,Male,setyo.cokro3508@outlook.com,081684187936,CTY-00001,2024-10-10
CUS-241011001,Vino,Widodo,Male,vino.widodo3509@outlook.com,088743556484,CTY-00005,2024-10-11
CUS-241011002,Indira,Kristina,Female,indira.kristina3510@yahoo.com,082044209655,CTY-00001,2024-10-11
CUS-241012001,Aria,Emilia,Female,aria.emilia3511@outlook.com,089681350848,CTY-00009,2024-10-12
CUS-241012002,Sabbar,Zaki,Male,sabbar.zaki3512@gmail.com,082402415553,CTY-00010,2024-10-12
CUS-241012003,Endang,Nadin,Female,endang.nadin3513@gmail.com,084938730886,CTY-00009,2024-10-12
CUS-241014001,Yusuf,Tomy,Male,yusuf.tomy3514@outlook.com,083152383745,CTY-00008,2024-10-14
CUS-241014002,Wira,Hambali,Male,wira.hambali3515@yahoo.com,088096808368,CTY-00007,2024-10-14
CUS-241014003,Jelita,Helena,Female,jelita.helena3516@hotmail.com,083535068441,CTY-00005,2024-10-14
CUS-241016001,Istri,Astrid,Female,istri.astrid3517@icloud.com,086822565695,CTY-00002,2024-10-16
CUS-241017001,Jessica,Nadin,Female,jessica.nadin3518@yahoo.com,088024945537,CTY-00005,2024-10-17
CUS-241017002,Fitri,Ermina,Female,fitri.ermina3519@icloud.com,085211215323,CTY-00009,2024-10-17
CUS-241018001,Raihan,Idris,Male,raihan.idris3520@gmail.com,083246232145,CTY-00010,2024-10-18
CUS-241019001,Ningsih,Julia,Female,ningsih.julia3521@icloud.com,089735721964,CTY-00001,2024-10-19
CUS-241019002,Nofi,Ester,Female,nofi.ester3522@outlook.com,083691493855,CTY-00005,2024-10-19
CUS-241019003,Rafi,Bambang,Male,rafi.bambang3523@outlook.com,085570231322,CTY-00001,2024-10-19
CUS-241019004,Ikhsan,Raihan,Male,ikhsan.raihan3524@hotmail.com,083086071620,CTY-00005,2024-10-19
CUS-241020001,Amirul,Ahmad,Male,amirul.ahmad3525@icloud.com,086530938767,CTY-00013,2024-10-20
CUS-241020002,Bagas,Yudi,Male,bagas.yudi3526@gmail.com,083655770754,CTY-00008,2024-10-20
CUS-241021001,Julia,Erma,Female,julia.erma3527@yahoo.com,089717205579,CTY-00005,2024-10-21
CUS-241021002,Kukuh,Tomy,Male,kukuh.tomy3528@gmail.com,085489980668,CTY-00005,2024-10-21
CUS-241021003,Atsilah,Fatimah,Female,atsilah.fatimah3529@icloud.com,084792520407,CTY-00008,2024-10-21
CUS-241021004,Putra,Luki,Male,putra.luki3530@hotmail.com,084681874346,CTY-00009,2024-10-21
CUS-241022001,Bryan,Goh,Male,bryan.goh3531@gmail.com,084996481137,CTY-00011,2024-10-22
CUS-241023001,Bobi,Raja,Male,bobi.raja3532@yahoo.com,082381498593,CTY-00005,2024-10-23
CUS-241023002,Tio,Galang,Male,tio.galang3533@yahoo.com,089167504445,CTY-00007,2024-10-23
CUS-241023003,Deswita,Habsah,Female,deswita.habsah3534@icloud.com,086692829308,CTY-00008,2024-10-23
CUS-241024001,Nugroho,Pradipa,Male,nugroho.pradipa3535@hotmail.com,087282426337,CTY-00010,2024-10-24
CUS-241025001,Astiti,Ester,Female,astiti.ester3536@outlook.com,085745724078,CTY-00004,2024-10-25
CUS-241026001,Habsah,Lela,Female,habsah.lela3537@yahoo.com,084236403947,CTY-00002,2024-10-26
CUS-241026002,Lela,Isna,Female,lela.isna3538@gmail.com,083015365194,CTY-00007,2024-10-26
CUS-241026003,Kadir,Satya,Male,kadir.satya3539@outlook.com,082582383922,CTY-00004,2024-10-26
CUS-241026004,Yosep,Subhan,Male,yosep.subhan3540@icloud.com,084517313981,CTY-00001,2024-10-26
CUS-241026005,Jasmine,Dewi,Female,jasmine.dewi3541@gmail.com,088013890027,CTY-00004,2024-10-26
CUS-241027001,Sujatmiko,Endra,Male,sujatmiko.endra3542@hotmail.com,088957848868,CTY-00004,2024-10-27
CUS-241027002,Hadi,Fajar,Male,hadi.fajar3543@outlook.com,081024785577,CTY-00002,2024-10-27
CUS-241027003,Marlina,Irmina,Female,marlina.irmina3544@hotmail.com,088145771777,CTY-00005,2024-10-27
CUS-241027004,Fadli,Raka,Male,fadli.raka3545@outlook.com,085949444059,CTY-00003,2024-10-27
CUS-241028001,Fabian,Ardhia,Female,fabian.ardhia3546@icloud.com,082857848319,CTY-00007,2024-10-28
CUS-241028002,Tio,Imam,Male,tio.imam3547@yahoo.com,089415775549,CTY-00001,2024-10-28
CUS-241028003,Rio,Rikky,Male,rio.rikky3548@gmail.com,087798956883,CTY-00008,2024-10-28
CUS-241028004,Ayu,Haniyah,Female,ayu.haniyah3549@yahoo.com,087412170420,CTY-00006,2024-10-28
CUS-241028005,Amir,Dandi,Male,amir.dandi3550@gmail.com,084528028686,CTY-00010,2024-10-28
CUS-241029001,Dedi,Miko,Male,dedi.miko3551@outlook.com,083207625423,CTY-00007,2024-10-29
CUS-241029002,Cinta,Kartini,Female,cinta.kartini3552@icloud.com,087122762260,CTY-00005,2024-10-29
CUS-241101001,Citra,Fatimah,Female,citra.fatimah3553@hotmail.com,088085795534,CTY-00001,2024-11-01
CUS-241102001,Fitria,Ningsih,Female,fitria.ningsih3554@hotmail.com,086086359915,CTY-00007,2024-11-02
CUS-241102002,Nilam,Eva,Female,nilam.eva3555@icloud.com,086503053307,CTY-00002,2024-11-02
CUS-241103001,Juliette,Arimbi,Female,juliette.arimbi3556@hotmail.com,087615143568,CTY-00002,2024-11-03
CUS-241104001,Gatot,Sugeng,Male,gatot.sugeng3557@gmail.com,082836818830,CTY-00010,2024-11-04
CUS-241105001,Rizki,Baskara,Male,rizki.baskara3558@icloud.com,081913768255,CTY-00006,2024-11-05
CUS-241105002,Tohir,Yoga,Male,tohir.yoga3559@icloud.com,085143141900,CTY-00005,2024-11-05
CUS-241105003,Rahmad,Ghafar,Male,rahmad.ghafar3560@gmail.com,084497556460,CTY-00004,2024-11-05
CUS-241106001,Idris,Dwi,Male,idris.dwi3561@yahoo.com,086478254142,CTY-00001,2024-11-06
CUS-241106002,Andi,Raihan,Male,andi.raihan3562@icloud.com,085208185983,CTY-00005,2024-11-06
CUS-241107001,Oki,Raden,Male,oki.raden3563@yahoo.com,083227980210,CTY-00005,2024-11-07
CUS-241107002,Untung,Kadir,Male,untung.kadir3564@yahoo.com,081722587310,CTY-00002,2024-11-07
CUS-241108001,Tohir,Bintang,Male,tohir.bintang3565@hotmail.com,087793276957,CTY-00003,2024-11-08
CUS-241108002,Sunandar,Rizki,Male,sunandar.rizki3566@outlook.com,086531446581,CTY-00008,2024-11-08
CUS-241109001,Nita,Mutiara,Female,nita.mutiara3567@gmail.com,086571516815,CTY-00008,2024-11-09
CUS-241109002,Robby,Oki,Male,robby.oki3568@icloud.com,088533953289,CTY-00009,2024-11-09
CUS-241109003,Amanda,Lee,Female,amanda.lee3569@yahoo.com,084089660031,CTY-00011,2024-11-09
CUS-241110001,Lestari,Citra,Female,lestari.citra3570@icloud.com,085299773685,CTY-00003,2024-11-10
CUS-241110002,Dafiz,Yudhi,Male,dafiz.yudhi3571@hotmail.com,084297561785,CTY-00009,2024-11-10
CUS-241112001,Dinda,Jelita,Female,dinda.jelita3572@icloud.com,085720167203,CTY-00005,2024-11-12
CUS-241113001,Yosep,Didi,Male,yosep.didi3573@hotmail.com,083142180297,CTY-00004,2024-11-13
CUS-241113002,Dody,Gilang,Male,dody.gilang3574@gmail.com,089601832139,CTY-00010,2024-11-13
CUS-241113003,Sigit,Deri,Male,sigit.deri3575@outlook.com,083747633552,CTY-00001,2024-11-13
CUS-241114001,Teguh,Wahyu,Male,teguh.wahyu3576@gmail.com,082615775812,CTY-00008,2024-11-14
CUS-241114002,Arya,Erwin,Male,arya.erwin3577@yahoo.com,088088851238,CTY-00008,2024-11-14
CUS-241114003,Raihan,Irwan,Male,raihan.irwan3578@icloud.com,086954340418,CTY-00001,2024-11-14
CUS-241114004,Eko,Mahfud,Male,eko.mahfud3579@hotmail.com,086995140095,CTY-00007,2024-11-14
CUS-241114005,Budi,Luki,Male,budi.luki3580@yahoo.com,082368382298,CTY-00006,2024-11-14
CUS-241114006,Angel,Mendoza,Female,angel.mendoza3581@gmail.com,082828795799,CTY-00014,2024-11-14
CUS-241115001,Galuh,Mellisa,Female,galuh.mellisa3582@yahoo.com,081199500728,CTY-00002,2024-11-15
CUS-241115002,Dahlia,Melinda,Female,dahlia.melinda3583@hotmail.com,085686454995,CTY-00002,2024-11-15
CUS-241116001,Aji,Edi,Male,aji.edi3584@hotmail.com,089643438604,CTY-00001,2024-11-16
CUS-241116002,Gama,Tohir,Male,gama.tohir3585@icloud.com,083139555011,CTY-00004,2024-11-16
CUS-241116003,Anisa,Kasih,Female,anisa.kasih3586@outlook.com,085247873021,CTY-00003,2024-11-16
CUS-241118001,Aji,Hendri,Male,aji.hendri3587@yahoo.com,088851248270,CTY-00001,2024-11-18
CUS-241118002,Arsita,Nita,Female,arsita.nita3588@gmail.com,081152197918,CTY-00007,2024-11-18
CUS-241119001,Tio,Anjas,Male,tio.anjas3589@yahoo.com,086810310467,CTY-00004,2024-11-19
CUS-241119002,Xin Yi,Ng,Female,xinyi.ng3590@icloud.com,082261076661,CTY-00011,2024-11-19
CUS-241119003,Bari,Asrul,Male,bari.asrul3591@yahoo.com,084173611028,CTY-00004,2024-11-19
CUS-241119004,Asri,Megawati,Female,asri.megawati3592@gmail.com,088997939025,CTY-00001,2024-11-19
CUS-241120001,Mira,Melati,Female,mira.melati3593@icloud.com,085559279030,CTY-00001,2024-11-20
CUS-241120002,Roni,Anto,Male,roni.anto3594@hotmail.com,083970194154,CTY-00006,2024-11-20
CUS-241120003,Rizki,Rian,Male,rizki.rian3595@outlook.com,082630441985,CTY-00001,2024-11-20
CUS-241121001,Jelita,Chesa,Female,jelita.chesa3596@outlook.com,088072451199,CTY-00008,2024-11-21
CUS-241121002,Yogi,Raihan,Male,yogi.raihan3597@yahoo.com,087611286310,CTY-00008,2024-11-21
CUS-241121003,Dian,Chika,Female,dian.chika3598@icloud.com,081025551653,CTY-00007,2024-11-21
CUS-241121004,Subhan,Hambali,Male,subhan.hambali3599@hotmail.com,089540989523,CTY-00008,2024-11-21
CUS-241122001,Julia,Lusia,Female,julia.lusia3600@gmail.com,083685669721,CTY-00005,2024-11-22
CUS-241122002,Agnes,Arimbi,Female,agnes.arimbi3601@outlook.com,083709652778,CTY-00008,2024-11-22
CUS-241123001,Yanto,Wahyu,Male,yanto.wahyu3602@outlook.com,081182973428,CTY-00006,2024-11-23
CUS-241124001,Iwan,Arya,Male,iwan.arya3603@hotmail.com,084171936945,CTY-00002,2024-11-24
CUS-241125001,Arie,Ghafar,Male,arie.ghafar3604@yahoo.com,082149271898,CTY-00009,2024-11-25
CUS-241125002,Luki,Sujatmiko,Male,luki.sujatmiko3605@gmail.com,087083464600,CTY-00005,2024-11-25
CUS-241126001,Rachel,Ong,Female,rachel.ong3606@yahoo.com,089016981254,CTY-00011,2024-11-26
CUS-241127001,Doni,Yanto,Male,doni.yanto3607@gmail.com,089424823519,CTY-00001,2024-11-27
CUS-241128001,Panji,Suharto,Male,panji.suharto3608@yahoo.com,089195013117,CTY-00009,2024-11-28
CUS-241128002,Dandi,Hendra,Male,dandi.hendra3609@yahoo.com,088722520953,CTY-00002,2024-11-28
CUS-241128003,Hambali,Ilham,Male,hambali.ilham3610@gmail.com,087176731245,CTY-00005,2024-11-28
CUS-241129001,Fransiska,Mira,Female,fransiska.mira3611@hotmail.com,082533494445,CTY-00003,2024-11-29
CUS-241130001,Damanik,Ariani,Female,damanik.ariani3612@yahoo.com,089561065619,CTY-00004,2024-11-30
CUS-241130002,Lina,Daria,Female,lina.daria3613@outlook.com,084413517593,CTY-00001,2024-11-30
CUS-241130003,Chesa,Erlina,Female,chesa.erlina3614@yahoo.com,083322226666,CTY-00003,2024-11-30
CUS-241130004,Wira,Arie,Male,wira.arie3615@gmail.com,081480200242,CTY-00007,2024-11-30
CUS-241130005,Rafi,Husni,Male,rafi.husni3616@outlook.com,085758205844,CTY-00010,2024-11-30
CUS-241201001,Ghafar,Satya,Male,ghafar.satya3617@gmail.com,082089726500,CTY-00007,2024-12-01
CUS-241201002,Irene,Eva,Female,irene.eva3618@outlook.com,081175671309,CTY-00001,2024-12-01
CUS-241201003,Aria,Fransiska,Female,aria.fransiska3619@icloud.com,084578122941,CTY-00005,2024-12-01
CUS-241201004,Fahmi,Anuar,Male,fahmi.anuar3620@outlook.com,088615528709,CTY-00007,2024-12-01
CUS-241201005,Laras,Faiza,Female,laras.faiza3621@yahoo.com,081920773858,CTY-00001,2024-12-01
CUS-241201006,Dian,Elena,Female,dian.elena3622@gmail.com,084826630420,CTY-00004,2024-12-01
CUS-241201007,Syarif,Gilang,Male,syarif.gilang3623@outlook.com,082087763751,CTY-00004,2024-12-01
CUS-241202001,Gani,Setyo,Male,gani.setyo3624@yahoo.com,083546705153,CTY-00007,2024-12-02
CUS-241202002,Hamzah,Nugroho,Male,hamzah.nugroho3625@gmail.com,082614876140,CTY-00005,2024-12-02
CUS-241203001,Edi,Supri,Male,edi.supri3626@yahoo.com,085862576549,CTY-00009,2024-12-03
CUS-241204001,Dahlia,Nina,Female,dahlia.nina3627@icloud.com,084360737310,CTY-00010,2024-12-04
CUS-241205001,Desi,Lestari,Female,desi.lestari3628@outlook.com,087977169009,CTY-00001,2024-12-05
CUS-241205002,Untung,Raihan,Male,untung.raihan3629@outlook.com,088301922872,CTY-00010,2024-12-05
CUS-241205003,Hambali,Wijaya,Male,hambali.wijaya3630@outlook.com,081281825341,CTY-00008,2024-12-05
CUS-241206001,Murni,Hani,Female,murni.hani3631@gmail.com,083659092596,CTY-00003,2024-12-06
CUS-241206002,Sabbar,Gada,Male,sabbar.gada3632@yahoo.com,088995876767,CTY-00008,2024-12-06
CUS-241206003,Evi,Arsita,Female,evi.arsita3633@gmail.com,081166647628,CTY-00009,2024-12-06
CUS-241207001,Chika,Dinda,Female,chika.dinda3634@icloud.com,088721102393,CTY-00009,2024-12-07
CUS-241207002,Didi,Samsul,Male,didi.samsul3635@gmail.com,089188669469,CTY-00010,2024-12-07
CUS-241208001,Eris,Hamzah,Male,eris.hamzah3636@yahoo.com,084771629512,CTY-00004,2024-12-08
CUS-241208002,Novita,Arsita,Female,novita.arsita3637@hotmail.com,082786854523,CTY-00001,2024-12-08
CUS-241209001,Aji,Yudi,Male,aji.yudi3638@outlook.com,084982319100,CTY-00009,2024-12-09
CUS-241209002,Hanifah,Hana,Female,hanifah.hana3639@hotmail.com,085798583179,CTY-00005,2024-12-09
CUS-241209003,Luki,Cokro,Male,luki.cokro3640@gmail.com,089072641557,CTY-00002,2024-12-09
CUS-241209004,Laksmana,Fajar,Male,laksmana.fajar3641@yahoo.com,089579015017,CTY-00007,2024-12-09
CUS-241210001,Lita,Komalasari,Female,lita.komalasari3642@gmail.com,086110767989,CTY-00003,2024-12-10
CUS-241210002,Gani,Jefri,Male,gani.jefri3643@gmail.com,087858799789,CTY-00010,2024-12-10
CUS-241211001,Fadhilah,Melani,Female,fadhilah.melani3644@outlook.com,081935084850,CTY-00003,2024-12-11
CUS-241211002,Zul,Dandi,Male,zul.dandi3645@hotmail.com,088684020311,CTY-00003,2024-12-11
CUS-241211003,Linda,Habsah,Female,linda.habsah3646@hotmail.com,085075028608,CTY-00007,2024-12-11
CUS-241211004,Juliette,Azzahra,Female,juliette.azzahra3647@icloud.com,085242929979,CTY-00006,2024-12-11
CUS-241212001,Husni,Elang,Male,husni.elang3648@gmail.com,081252589616,CTY-00007,2024-12-12
CUS-241212002,Fransiska,Hanifah,Female,fransiska.hanifah3649@yahoo.com,086496307141,CTY-00002,2024-12-12
CUS-241213001,Hapsari,Mirna,Female,hapsari.mirna3650@hotmail.com,083201339468,CTY-00003,2024-12-13
CUS-241213002,Elisa,Ita,Female,elisa.ita3651@gmail.com,085162429054,CTY-00010,2024-12-13
CUS-241213003,Fitria,Elina,Female,fitria.elina3652@gmail.com,087514090193,CTY-00010,2024-12-13
CUS-241213004,Samantha,Torres,Female,samantha.torres3653@icloud.com,089232834657,CTY-00014,2024-12-13
CUS-241213005,Eris,Kukuh,Male,eris.kukuh3654@yahoo.com,083522147458,CTY-00001,2024-12-13
CUS-241214001,Ryan,Anto,Male,ryan.anto3655@icloud.com,081560176317,CTY-00004,2024-12-14
CUS-241214002,Laksmana,Ardi,Male,laksmana.ardi3656@outlook.com,083909020967,CTY-00003,2024-12-14
CUS-241214003,Asrul,Angga,Male,asrul.angga3657@icloud.com,086822688197,CTY-00007,2024-12-14
CUS-241215001,Munir,Bobi,Male,munir.bobi3658@icloud.com,089271017423,CTY-00005,2024-12-15
CUS-241215002,Niken,Dita,Female,niken.dita3659@yahoo.com,086523988752,CTY-00008,2024-12-15
CUS-241215003,Alyssa,Flores,Female,alyssa.flores3660@icloud.com,082645151259,CTY-00014,2024-12-15
CUS-241215004,Bintang,Ismail,Male,bintang.ismail3661@yahoo.com,083065142354,CTY-00007,2024-12-15
CUS-241216001,Zaki,Syafiq,Male,zaki.syafiq3662@outlook.com,088407792651,CTY-00001,2024-12-16
CUS-241217001,Dini,Mutiara,Female,dini.mutiara3663@icloud.com,088878670914,CTY-00006,2024-12-17
CUS-241217002,Indri,Isna,Female,indri.isna3664@yahoo.com,089425703967,CTY-00008,2024-12-17
CUS-241217003,Ridik,Mario,Male,ridik.mario3665@yahoo.com,083703058270,CTY-00008,2024-12-17
CUS-241217004,Radit,Gibran,Male,radit.gibran3666@outlook.com,085585568694,CTY-00001,2024-12-17
CUS-241218001,Endra,Fahmi,Male,endra.fahmi3667@yahoo.com,086096437233,CTY-00001,2024-12-18
CUS-241218002,Agus,Yayat,Male,agus.yayat3668@outlook.com,081798440405,CTY-00004,2024-12-18
CUS-241219001,Cokro,Supri,Male,cokro.supri3669@yahoo.com,089786919201,CTY-00008,2024-12-19
CUS-241220001,Baskara,Dandi,Male,baskara.dandi3670@hotmail.com,084742077572,CTY-00009,2024-12-20
CUS-241220002,Fadhilah,Eka,Female,fadhilah.eka3671@icloud.com,087301030604,CTY-00006,2024-12-20
CUS-241220003,Prabowo,Tohir,Male,prabowo.tohir3672@gmail.com,086268230747,CTY-00004,2024-12-20
CUS-241221001,Niken,Helena,Female,niken.helena3673@gmail.com,082397748493,CTY-00010,2024-12-21
CUS-241222001,Slamet,Syarif,Male,slamet.syarif3674@hotmail.com,087866492899,CTY-00010,2024-12-22
CUS-241222002,Ismail,Fadli,Male,ismail.fadli3675@outlook.com,082322595521,CTY-00004,2024-12-22
CUS-241222003,Erwin,Bintang,Male,erwin.bintang3676@icloud.com,089007809781,CTY-00003,2024-12-22
CUS-241222004,Bari,Bara,Male,bari.bara3677@icloud.com,086590498016,CTY-00009,2024-12-22
CUS-241223001,Kiki,Endra,Male,kiki.endra3678@icloud.com,084855658669,CTY-00003,2024-12-23
CUS-241223002,Nadia,Fina,Female,nadia.fina3679@outlook.com,083744505009,CTY-00001,2024-12-23
CUS-241224001,Fabian,Aida,Female,fabian.aida3680@icloud.com,082216311451,CTY-00003,2024-12-24
CUS-241224002,Rian,Damar,Male,rian.damar3681@gmail.com,087906727277,CTY-00006,2024-12-24
CUS-241224003,Nisa,Melia,Female,nisa.melia3682@icloud.com,086888529663,CTY-00003,2024-12-24
CUS-241225001,Endang,Arieska,Female,endang.arieska3683@icloud.com,088710958772,CTY-00002,2024-12-25
CUS-241225002,Cinta,Mutiara,Female,cinta.mutiara3684@yahoo.com,086298610944,CTY-00001,2024-12-25
CUS-241226001,Aji,Pradipa,Male,aji.pradipa3685@outlook.com,085213645151,CTY-00009,2024-12-26
CUS-241227001,Ariani,Lucia,Female,ariani.lucia3686@gmail.com,084496337449,CTY-00008,2024-12-27
CUS-241228001,Bagas,Wira,Male,bagas.wira3687@hotmail.com,084566816203,CTY-00007,2024-12-28
CUS-241229001,Maya,Mila,Female,maya.mila3688@outlook.com,088441224414,CTY-00008,2024-12-29
CUS-241229002,Asrul,Utomo,Male,asrul.utomo3689@icloud.com,089497214490,CTY-00006,2024-12-29
CUS-241229003,Erwin,Rizki,Male,erwin.rizki3690@gmail.com,083896356917,CTY-00001,2024-12-29
CUS-241229004,Astrid,Niken,Female,astrid.niken3691@hotmail.com,089706876042,CTY-00009,2024-12-29
CUS-241229005,Faris,Imam,Male,faris.imam3692@gmail.com,085210991320,CTY-00010,2024-12-29
CUS-241231001,Ikhsan,Endra,Male,ikhsan.endra3693@outlook.com,089430047581,CTY-00007,2024-12-31
CUS-241231002,Hania,Nila,Female,hania.nila3694@outlook.com,086066940306,CTY-00002,2024-12-31
CUS-241231003,Ichsan,Mega,Male,ichsan.mega3695@gmail.com,088670056064,CTY-00004,2024-12-31
CUS-241231004,Felicia,Endah,Female,felicia.endah3696@icloud.com,083061834565,CTY-00009,2024-12-31
CUS-250101001,Oki,Kadir,Male,oki.kadir3697@outlook.com,083570753477,CTY-00002,2025-01-01
CUS-250101002,Marcus,Tan,Male,marcus.tan3698@outlook.com,088269162225,CTY-00011,2025-01-01
CUS-250102001,Mutia,Eva,Female,mutia.eva3699@yahoo.com,085872999510,CTY-00009,2025-01-02
CUS-250102002,Kiki,Bintang,Male,kiki.bintang3700@outlook.com,083421459126,CTY-00010,2025-01-02
CUS-250102003,Dara,Dwi,Female,dara.dwi3701@gmail.com,085471258383,CTY-00002,2025-01-02
CUS-250102004,Yadi,Baskara,Male,yadi.baskara3702@icloud.com,084776499078,CTY-00008,2025-01-02
CUS-250103001,Yadi,Bayu,Male,yadi.bayu3703@outlook.com,083251299331,CTY-00009,2025-01-03
CUS-250103002,Rafi,Huda,Male,rafi.huda3704@icloud.com,087411604942,CTY-00009,2025-01-03
CUS-250103003,Fahmi,Nurdin,Male,fahmi.nurdin3705@outlook.com,089373910843,CTY-00005,2025-01-03
CUS-250104001,Kusuma,Rangga,Male,kusuma.rangga3706@icloud.com,081482318867,CTY-00003,2025-01-04
CUS-250104002,Doni,Fajar,Male,doni.fajar3707@yahoo.com,082063091798,CTY-00007,2025-01-04
CUS-250105001,Dimas,Prasetyo,Male,dimas.prasetyo3708@icloud.com,085998066029,CTY-00007,2025-01-05
CUS-250105002,Surya,Nurdin,Male,surya.nurdin3709@outlook.com,088059080356,CTY-00008,2025-01-05
CUS-250106001,Rahmat,Bahar,Male,rahmat.bahar3710@yahoo.com,084868132129,CTY-00009,2025-01-06
CUS-250106002,Pratama,Syarif,Male,pratama.syarif3711@outlook.com,082445690103,CTY-00002,2025-01-06
CUS-250107001,Rachel,Lee,Female,rachel.lee3712@hotmail.com,085346968134,CTY-00011,2025-01-07
CUS-250107002,Rio,Tohir,Male,rio.tohir3713@hotmail.com,084346197245,CTY-00006,2025-01-07
CUS-250108001,Zaki,Yanto,Male,zaki.yanto3714@hotmail.com,083711290670,CTY-00005,2025-01-08
CUS-250108002,Ningsih,Dyah,Female,ningsih.dyah3715@outlook.com,085605574249,CTY-00006,2025-01-08
CUS-250109001,Laksmi,Eni,Female,laksmi.eni3716@gmail.com,081565010538,CTY-00005,2025-01-09
CUS-250109002,Mardi,Ghafar,Male,mardi.ghafar3717@icloud.com,082347589627,CTY-00007,2025-01-09
CUS-250109003,Arif,Nanda,Male,arif.nanda3718@yahoo.com,083045242988,CTY-00009,2025-01-09
CUS-250109004,Meyli,Habsah,Female,meyli.habsah3719@yahoo.com,087013415096,CTY-00006,2025-01-09
CUS-250110001,Gisela,Eva,Female,gisela.eva3720@outlook.com,082055818612,CTY-00010,2025-01-10
CUS-250110002,Anisa,Irma,Female,anisa.irma3721@gmail.com,081883750661,CTY-00003,2025-01-10
CUS-250111001,Wira,Gani,Male,wira.gani3722@yahoo.com,082628907055,CTY-00002,2025-01-11
CUS-250111002,Laksmana,Asrul,Male,laksmana.asrul3723@icloud.com,084966888980,CTY-00005,2025-01-11
CUS-250111003,Ardi,Arif,Male,ardi.arif3724@hotmail.com,081416565467,CTY-00007,2025-01-11
CUS-250112001,Muhammad,Rico,Male,muhammad.rico3725@hotmail.com,088060666098,CTY-00009,2025-01-12
CUS-250112002,Surya,Rido,Male,surya.rido3726@outlook.com,083204796285,CTY-00009,2025-01-12
CUS-250112003,Anjas,Sigit,Male,anjas.sigit3727@yahoo.com,083431976099,CTY-00002,2025-01-12
CUS-250112004,Leni,Cempaka,Female,leni.cempaka3728@hotmail.com,085644061591,CTY-00004,2025-01-12
CUS-250113001,Cinta,Nila,Female,cinta.nila3729@icloud.com,088760506150,CTY-00004,2025-01-13
CUS-250113002,Rian,Yudi,Male,rian.yudi3730@yahoo.com,081304372814,CTY-00005,2025-01-13
CUS-250113003,Rian,Guntur,Male,rian.guntur3731@hotmail.com,087488354514,CTY-00004,2025-01-13
CUS-250114001,Bintang,Evi,Female,bintang.evi3732@hotmail.com,088114402990,CTY-00010,2025-01-14
CUS-250114002,Belinda,Amira,Female,belinda.amira3733@hotmail.com,089660942165,CTY-00003,2025-01-14
CUS-250114003,Galih,Hery,Male,galih.hery3734@icloud.com,085246676254,CTY-00010,2025-01-14
CUS-250114004,Kania,Lia,Female,kania.lia3735@outlook.com,082565178485,CTY-00010,2025-01-14
CUS-250115001,Ibrahim,Ryan,Male,ibrahim.ryan3736@icloud.com,088865362436,CTY-00009,2025-01-15
CUS-250115002,Baskara,Dedi,Male,baskara.dedi3737@gmail.com,089777103836,CTY-00009,2025-01-15
CUS-250117001,Mellisa,Nita,Female,mellisa.nita3738@yahoo.com,086053348345,CTY-00010,2025-01-17
CUS-250117002,Candra,Angga,Male,candra.angga3739@gmail.com,083143089849,CTY-00001,2025-01-17
CUS-250119001,Deswita,Aida,Female,deswita.aida3740@icloud.com,086904029794,CTY-00001,2025-01-19
CUS-250119002,Hendri,Firman,Male,hendri.firman3741@gmail.com,086439635181,CTY-00002,2025-01-19
CUS-250120001,Laksmi,Fadhilah,Female,laksmi.fadhilah3742@hotmail.com,088545146881,CTY-00001,2025-01-20
CUS-250120002,Cantika,Elsa,Female,cantika.elsa3743@yahoo.com,088345495032,CTY-00007,2025-01-20
CUS-250121001,Elisa,Lela,Female,elisa.lela3744@yahoo.com,087349713536,CTY-00006,2025-01-21
CUS-250121002,Dicky,Hens,Male,dicky.hens3745@icloud.com,089205348480,CTY-00002,2025-01-21
CUS-250121003,Rido,Mulyadi,Male,rido.mulyadi3746@outlook.com,086505960396,CTY-00006,2025-01-21
CUS-250122001,Sabbar,Ichsan,Male,sabbar.ichsan3747@icloud.com,087609003532,CTY-00009,2025-01-22
CUS-250122002,Hastuti,Damanik,Female,hastuti.damanik3748@outlook.com,082525264782,CTY-00001,2025-01-22
CUS-250123001,Bintang,Hania,Female,bintang.hania3749@gmail.com,085362414906,CTY-00006,2025-01-23
CUS-250124001,Galih,Tobar,Male,galih.tobar3750@hotmail.com,084411137503,CTY-00002,2025-01-24
CUS-250124002,Lili,Endah,Female,lili.endah3751@gmail.com,084186200428,CTY-00008,2025-01-24
CUS-250124003,Paolo,Santos,Male,paolo.santos3752@icloud.com,088428804062,CTY-00014,2025-01-24
CUS-250125001,Jessica,Lee,Female,jessica.lee3753@yahoo.com,084180048090,CTY-00011,2025-01-25
CUS-250126001,Kartika,Basagita,Female,kartika.basagita3754@outlook.com,082998697983,CTY-00007,2025-01-26
CUS-250126002,Bella,Dara,Female,bella.dara3755@yahoo.com,083431375744,CTY-00008,2025-01-26
CUS-250126003,Lusia,Juliana,Female,lusia.juliana3756@yahoo.com,081047079101,CTY-00001,2025-01-26
CUS-250127001,Christian,Castillo,Male,christian.castillo3757@icloud.com,088442629244,CTY-00014,2025-01-27
CUS-250127002,Kania,Hana,Female,kania.hana3758@gmail.com,081464721553,CTY-00003,2025-01-27
CUS-250128001,Arimbi,Fransiska,Female,arimbi.fransiska3759@outlook.com,089572509849,CTY-00010,2025-01-28
CUS-250128002,Kasih,Maya,Female,kasih.maya3760@hotmail.com,082793175346,CTY-00006,2025-01-28
CUS-250130001,Farah,Dwi,Female,farah.dwi3761@hotmail.com,083886404176,CTY-00009,2025-01-30
CUS-250131001,Darma,Bobi,Male,darma.bobi3762@outlook.com,085392511529,CTY-00009,2025-01-31
CUS-250131002,Hanifah,Febri,Female,hanifah.febri3763@icloud.com,089563045661,CTY-00010,2025-01-31
CUS-250201001,Lusia,Lela,Female,lusia.lela3764@icloud.com,088970573721,CTY-00006,2025-02-01
CUS-250202001,Bulan,Dahlia,Female,bulan.dahlia3765@icloud.com,086691979524,CTY-00010,2025-02-02
CUS-250202002,Ermina,Hapsari,Female,ermina.hapsari3766@hotmail.com,082015720741,CTY-00001,2025-02-02
CUS-250202003,Endah,Fabian,Female,endah.fabian3767@outlook.com,087841598243,CTY-00007,2025-02-02
CUS-250202004,Firdaus,Raj,Male,firdaus.raj3768@yahoo.com,081620317621,CTY-00012,2025-02-02
CUS-250202005,Dahlia,Dina,Female,dahlia.dina3769@icloud.com,083853768166,CTY-00008,2025-02-02
CUS-250203001,Agnes,Juliette,Female,agnes.juliette3770@outlook.com,082212955723,CTY-00009,2025-02-03
CUS-250203002,Hesti,Lili,Female,hesti.lili3771@yahoo.com,083147578723,CTY-00004,2025-02-03
CUS-250204001,Endra,Rangga,Male,endra.rangga3772@yahoo.com,084823159437,CTY-00002,2025-02-04
CUS-250204002,Putra,Sandy,Male,putra.sandy3773@icloud.com,083838439981,CTY-00008,2025-02-04
CUS-250204003,Irma,Amira,Female,irma.amira3774@yahoo.com,082599686638,CTY-00005,2025-02-04
CUS-250204004,Dewi,Apsari,Female,dewi.apsari3775@yahoo.com,088317207192,CTY-00003,2025-02-04
CUS-250204005,Rachel,Wong,Female,rachel.wong3776@outlook.com,085430462694,CTY-00011,2025-02-04
CUS-250205001,Gaby,Eva,Female,gaby.eva3777@gmail.com,082365848409,CTY-00003,2025-02-05
CUS-250206001,Tobar,Yogi,Male,tobar.yogi3778@hotmail.com,088608652107,CTY-00002,2025-02-06
CUS-250206002,Elsa,Istri,Female,elsa.istri3779@yahoo.com,087041092086,CTY-00004,2025-02-06
CUS-250206003,Huda,Sabbar,Male,huda.sabbar3780@outlook.com,088662142613,CTY-00006,2025-02-06
CUS-250206004,Yadi,Anuar,Male,yadi.anuar3781@outlook.com,087368207142,CTY-00010,2025-02-06
CUS-250206005,Ayu,Endah,Female,ayu.endah3782@yahoo.com,084750624004,CTY-00006,2025-02-06
CUS-250207001,Lukman,Setyo,Male,lukman.setyo3783@outlook.com,083512456248,CTY-00002,2025-02-07
CUS-250207002,Meyli,Gayatry,Female,meyli.gayatry3784@yahoo.com,089913270109,CTY-00004,2025-02-07
CUS-250208001,Irma,Dian,Female,irma.dian3785@icloud.com,089629783569,CTY-00009,2025-02-08
CUS-250208002,Panji,Munir,Male,panji.munir3786@outlook.com,083381528023,CTY-00002,2025-02-08
CUS-250208003,Sarah,Tay,Female,sarah.tay3787@hotmail.com,083627856911,CTY-00011,2025-02-08
CUS-250208004,Fitri,Jasmine,Female,fitri.jasmine3788@icloud.com,087400944379,CTY-00003,2025-02-08
CUS-250209001,Basri,Ardi,Male,basri.ardi3789@yahoo.com,087198496150,CTY-00006,2025-02-09
CUS-250209002,Melinda,Ita,Female,melinda.ita3790@yahoo.com,083338101481,CTY-00010,2025-02-09
CUS-250210001,Nia,Marlina,Female,nia.marlina3791@outlook.com,083539243941,CTY-00007,2025-02-10
CUS-250211001,Setiawan,Dody,Male,setiawan.dody3792@hotmail.com,083279416271,CTY-00005,2025-02-11
CUS-250211002,Amir,Yogi,Male,amir.yogi3793@gmail.com,082134221437,CTY-00004,2025-02-11
CUS-250211003,Danish,Chee,Male,danish.chee3794@gmail.com,087831832810,CTY-00013,2025-02-11
CUS-250211004,Agus,Subhan,Male,agus.subhan3795@hotmail.com,088060612197,CTY-00005,2025-02-11
CUS-250212001,Pradipa,Sunandar,Male,pradipa.sunandar3796@hotmail.com,086458094227,CTY-00010,2025-02-12
CUS-250213001,Anto,Mario,Male,anto.mario3797@hotmail.com,088948506148,CTY-00002,2025-02-13
CUS-250213002,Jelita,Clara,Female,jelita.clara3798@icloud.com,087440285928,CTY-00001,2025-02-13
CUS-250215001,Hanifah,Marta,Female,hanifah.marta3799@gmail.com,083026355573,CTY-00003,2025-02-15
CUS-250215002,Yanto,Syarif,Male,yanto.syarif3800@outlook.com,084081725461,CTY-00005,2025-02-15
CUS-250215003,Lela,Ayu,Female,lela.ayu3801@gmail.com,086599161785,CTY-00004,2025-02-15
CUS-250215004,Helena,Ines,Female,helena.ines3802@yahoo.com,082810345697,CTY-00009,2025-02-15
CUS-250215005,Sigit,Surya,Male,sigit.surya3803@hotmail.com,084718422341,CTY-00005,2025-02-15
CUS-250216001,Hanifah,Mutiara,Female,hanifah.mutiara3804@gmail.com,087088469164,CTY-00002,2025-02-16
CUS-250217001,Bagus,Zul,Male,bagus.zul3805@hotmail.com,082800061874,CTY-00004,2025-02-17
CUS-250218001,Celia,Leni,Female,celia.leni3806@hotmail.com,088255813339,CTY-00005,2025-02-18
CUS-250218002,Wijaya,Cokro,Male,wijaya.cokro3807@icloud.com,086984224975,CTY-00009,2025-02-18
CUS-250218003,Mirna,Apsari,Female,mirna.apsari3808@hotmail.com,088345006955,CTY-00010,2025-02-18
CUS-250219001,Elsa,Ika,Female,elsa.ika3809@gmail.com,088625684814,CTY-00002,2025-02-19
CUS-250219002,Dwi,Yogi,Male,dwi.yogi3810@hotmail.com,081262955988,CTY-00001,2025-02-19
CUS-250220001,Marta,Juliana,Female,marta.juliana3811@icloud.com,081675002147,CTY-00009,2025-02-20
CUS-250221001,Dinda,Mutia,Female,dinda.mutia3812@yahoo.com,086478169892,CTY-00003,2025-02-21
CUS-250223001,Bayu,Gatot,Male,bayu.gatot3813@icloud.com,089632570512,CTY-00010,2025-02-23
CUS-250223002,Aida,Nabila,Female,aida.nabila3814@icloud.com,085807757310,CTY-00009,2025-02-23
CUS-250224001,Chika,Clara,Female,chika.clara3815@outlook.com,084525913592,CTY-00001,2025-02-24
CUS-250224002,Elisabeth,Anindya,Female,elisabeth.anindya3816@gmail.com,087848199812,CTY-00007,2025-02-24
CUS-250224003,Zainal,Tio,Male,zainal.tio3817@icloud.com,082867106390,CTY-00003,2025-02-24
CUS-250225001,Didi,Edi,Male,didi.edi3818@hotmail.com,089397728486,CTY-00008,2025-02-25
CUS-250227001,Lela,Fifi,Female,lela.fifi3819@outlook.com,086504583443,CTY-00005,2025-02-27
CUS-250227002,Indira,Farida,Female,indira.farida3820@icloud.com,088164612444,CTY-00007,2025-02-27
CUS-250228001,Gibran,Subhan,Male,gibran.subhan3821@gmail.com,088468203787,CTY-00003,2025-02-28
CUS-250228002,Kartini,Nia,Female,kartini.nia3822@outlook.com,081587868527,CTY-00009,2025-02-28
CUS-250228003,Lucia,Ita,Female,lucia.ita3823@gmail.com,082712287098,CTY-00010,2025-02-28
CUS-250228004,Untung,Trisna,Male,untung.trisna3824@outlook.com,089127644659,CTY-00005,2025-02-28
CUS-250228005,Muhammad,Agung,Male,muhammad.agung3825@gmail.com,085829168515,CTY-00002,2025-02-28
CUS-250302001,Nia,Kartika,Female,nia.kartika3826@gmail.com,084713695105,CTY-00003,2025-03-02
CUS-250302002,Cempaka,Nina,Female,cempaka.nina3827@icloud.com,087721050489,CTY-00002,2025-03-02
CUS-250302003,Gatot,Fajar,Male,gatot.fajar3828@gmail.com,085598266739,CTY-00005,2025-03-02
CUS-250302004,Dika,Anita,Female,dika.anita3829@outlook.com,083104266578,CTY-00001,2025-03-02
CUS-250303001,Wijaya,Gatot,Male,wijaya.gatot3830@icloud.com,083958512617,CTY-00010,2025-03-03
CUS-250303002,Galih,Zul,Male,galih.zul3831@gmail.com,083545758296,CTY-00008,2025-03-03
CUS-250303003,Miftah,Yosep,Male,miftah.yosep3832@yahoo.com,085812415988,CTY-00009,2025-03-03
CUS-250304001,Mutia,Diana,Female,mutia.diana3833@hotmail.com,085680713139,CTY-00003,2025-03-04
CUS-250304002,Lela,Lidia,Female,lela.lidia3834@outlook.com,086400965255,CTY-00002,2025-03-04
CUS-250305001,Kusuma,Marta,Female,kusuma.marta3835@hotmail.com,083989685857,CTY-00002,2025-03-05
CUS-250305002,Nugroho,Yuda,Male,nugroho.yuda3836@icloud.com,084798521276,CTY-00009,2025-03-05
CUS-250306001,Irma,Mila,Female,irma.mila3837@yahoo.com,087443974790,CTY-00001,2025-03-06
CUS-250307001,Mahesa,Husni,Male,mahesa.husni3838@icloud.com,088183762169,CTY-00007,2025-03-07
CUS-250307002,Larasati,Della,Female,larasati.della3839@hotmail.com,082764008081,CTY-00006,2025-03-07
CUS-250307003,Danang,Husni,Male,danang.husni3840@outlook.com,089543201292,CTY-00009,2025-03-07
CUS-250308001,Fitria,Chesa,Female,fitria.chesa3841@outlook.com,088722743657,CTY-00008,2025-03-08
CUS-250308002,Gede,Angga,Male,gede.angga3842@yahoo.com,085041996224,CTY-00002,2025-03-08
CUS-250308003,Rifi,Dafiz,Male,rifi.dafiz3843@yahoo.com,085105851312,CTY-00003,2025-03-08
CUS-250308004,Azzahra,Clara,Female,azzahra.clara3844@yahoo.com,086977239020,CTY-00001,2025-03-08
CUS-250309001,Nia,Mila,Female,nia.mila3845@icloud.com,085857564529,CTY-00003,2025-03-09
CUS-250310001,Mulyadi,Angga,Male,mulyadi.angga3846@yahoo.com,085272682544,CTY-00007,2025-03-10
CUS-250310002,Marwan,Raka,Male,marwan.raka3847@hotmail.com,081828578484,CTY-00004,2025-03-10
CUS-250310003,Cokro,Zaky,Male,cokro.zaky3848@outlook.com,086964458172,CTY-00002,2025-03-10
CUS-250310004,Arif,Pandu,Male,arif.pandu3849@gmail.com,082918167316,CTY-00003,2025-03-10
CUS-250311001,Hadi,Andi,Male,hadi.andi3850@gmail.com,089594714729,CTY-00008,2025-03-11
CUS-250312001,Lestari,Dian,Female,lestari.dian3851@yahoo.com,081895204486,CTY-00001,2025-03-12
CUS-250312002,Tomy,Guntur,Male,tomy.guntur3852@yahoo.com,082197832290,CTY-00004,2025-03-12
CUS-250313001,Nur,Elang,Male,nur.elang3853@gmail.com,087361135885,CTY-00001,2025-03-13
CUS-250314001,Kadir,Sandy,Male,kadir.sandy3854@icloud.com,088345074381,CTY-00003,2025-03-14
CUS-250314002,Raka,Putra,Male,raka.putra3855@yahoo.com,084327745632,CTY-00005,2025-03-14
CUS-250314003,Mulyadi,Dede,Male,mulyadi.dede3856@hotmail.com,084353319643,CTY-00008,2025-03-14
CUS-250314004,Yogi,Sugeng,Male,yogi.sugeng3857@outlook.com,087831941108,CTY-00005,2025-03-14
CUS-250315001,Ima,Elisa,Female,ima.elisa3858@hotmail.com,087059970802,CTY-00004,2025-03-15
CUS-250316001,Emilia,Ariani,Female,emilia.ariani3859@hotmail.com,087819561639,CTY-00002,2025-03-16
CUS-250316002,Yayat,Nur,Male,yayat.nur3860@yahoo.com,089659634796,CTY-00010,2025-03-16
CUS-250316003,Erlina,Juliana,Female,erlina.juliana3861@icloud.com,089038248421,CTY-00001,2025-03-16
CUS-250316004,Wibawa,Nur,Male,wibawa.nur3862@yahoo.com,084167664407,CTY-00008,2025-03-16
CUS-250317001,Dandi,Basri,Male,dandi.basri3863@hotmail.com,081283264062,CTY-00007,2025-03-17
CUS-250317002,Fikri,Gading,Male,fikri.gading3864@yahoo.com,082281077204,CTY-00007,2025-03-17
CUS-250317003,Prasetyo,Bagus,Male,prasetyo.bagus3865@gmail.com,081622664409,CTY-00010,2025-03-17
CUS-250317004,Firdaus,Chee,Male,firdaus.chee3866@gmail.com,082967913369,CTY-00012,2025-03-17
CUS-250317005,Jenia,Nita,Female,jenia.nita3867@yahoo.com,086496547095,CTY-00006,2025-03-17
CUS-250317006,Robby,Bara,Male,robby.bara3868@icloud.com,088458522488,CTY-00006,2025-03-17
CUS-250317007,Febri,Nia,Female,febri.nia3869@gmail.com,083256308765,CTY-00002,2025-03-17
CUS-250317008,Subhan,Marwan,Male,subhan.marwan3870@hotmail.com,085256435378,CTY-00003,2025-03-17
CUS-250318001,Sigit,Widodo,Male,sigit.widodo3871@outlook.com,083886770864,CTY-00006,2025-03-18
CUS-250318002,Imam,Indra,Male,imam.indra3872@outlook.com,088950682933,CTY-00003,2025-03-18
CUS-250319001,Dian,Erika,Female,dian.erika3873@icloud.com,085433034418,CTY-00007,2025-03-19
CUS-250319002,Satya,Bari,Male,satya.bari3874@yahoo.com,081686485841,CTY-00008,2025-03-19
CUS-250319003,Julia,Fransiska,Female,julia.fransiska3875@hotmail.com,087045888805,CTY-00010,2025-03-19
CUS-250319004,Helena,Dara,Female,helena.dara3876@icloud.com,084142119011,CTY-00006,2025-03-19
CUS-250320001,Nadia,Tan,Female,nadia.tan3877@yahoo.com,081111073990,CTY-00012,2025-03-20
CUS-250321001,Jelita,Hania,Female,jelita.hania3878@gmail.com,084950350385,CTY-00003,2025-03-21
CUS-250321002,Erni,Dewi,Female,erni.dewi3879@outlook.com,083948151149,CTY-00007,2025-03-21
CUS-250321003,Putra,Sandy,Male,putra.sandy3880@hotmail.com,084933326745,CTY-00007,2025-03-21
CUS-250322001,Ira,Lusia,Female,ira.lusia3881@icloud.com,086911809461,CTY-00009,2025-03-22
CUS-250322002,Indri,Dahlia,Female,indri.dahlia3882@icloud.com,089661933821,CTY-00005,2025-03-22
CUS-250322003,Dede,Rico,Male,dede.rico3883@yahoo.com,089083852614,CTY-00003,2025-03-22
CUS-250324001,Mei Ling,Ismail,Female,meiling.ismail3884@icloud.com,088356189574,CTY-00012,2025-03-24
CUS-250324002,Anuar,Nasser,Male,anuar.nasser3885@gmail.com,081458947631,CTY-00003,2025-03-24
CUS-250325001,Ariani,Alya,Female,ariani.alya3886@gmail.com,083619547475,CTY-00005,2025-03-25
CUS-250326001,Tobar,Trisna,Male,tobar.trisna3887@hotmail.com,088475855561,CTY-00010,2025-03-26
CUS-250326002,Mirna,Erika,Female,mirna.erika3888@hotmail.com,081740666652,CTY-00004,2025-03-26
CUS-250326003,Wibawa,Nanda,Male,wibawa.nanda3889@yahoo.com,081142825869,CTY-00009,2025-03-26
CUS-250327001,Risman,Raihan,Male,risman.raihan3890@outlook.com,083570871640,CTY-00009,2025-03-27
CUS-250327002,Rudy,Yadi,Male,rudy.yadi3891@yahoo.com,081637019893,CTY-00009,2025-03-27
CUS-250327003,Nadia,Jenia,Female,nadia.jenia3892@icloud.com,083993122338,CTY-00006,2025-03-27
CUS-250328001,Ginanjar,Andre,Male,ginanjar.andre3893@icloud.com,086765718767,CTY-00006,2025-03-28
CUS-250329001,Maya,Amelia,Female,maya.amelia3894@icloud.com,084769680526,CTY-00002,2025-03-29
CUS-250330001,Anita,Nurul,Female,anita.nurul3895@outlook.com,082546891529,CTY-00010,2025-03-30
CUS-250330002,Pandu,Ridik,Male,pandu.ridik3896@hotmail.com,083584622123,CTY-00003,2025-03-30
CUS-250331001,Debora,Elena,Female,debora.elena3897@icloud.com,084833878527,CTY-00001,2025-03-31
CUS-250331002,Rian,Irfan,Male,rian.irfan3898@hotmail.com,089193433692,CTY-00006,2025-03-31
CUS-250401001,Mellisa,Grace,Female,mellisa.grace3899@outlook.com,089470378547,CTY-00006,2025-04-01
CUS-250401002,Linda,Irene,Female,linda.irene3900@hotmail.com,086683207243,CTY-00006,2025-04-01
CUS-250401003,Gani,Faris,Male,gani.faris3901@hotmail.com,082742070431,CTY-00002,2025-04-01
CUS-250401004,Ika,Dina,Female,ika.dina3902@yahoo.com,089884349025,CTY-00009,2025-04-01
CUS-250402001,Pratama,Wira,Male,pratama.wira3903@yahoo.com,081984266968,CTY-00001,2025-04-02
CUS-250402002,Elisa,Megawati,Female,elisa.megawati3904@hotmail.com,089568863909,CTY-00005,2025-04-02
CUS-250403001,Fitri,Arieska,Female,fitri.arieska3905@gmail.com,082986496511,CTY-00001,2025-04-03
CUS-250403002,Fabian,Jelita,Female,fabian.jelita3906@gmail.com,084698801767,CTY-00001,2025-04-03
CUS-250403003,Raihan,Kiki,Male,raihan.kiki3907@hotmail.com,085748205138,CTY-00005,2025-04-03
CUS-250404001,Dika,Farah,Female,dika.farah3908@hotmail.com,083714054507,CTY-00001,2025-04-04
CUS-250404002,Jody,Fikri,Male,jody.fikri3909@yahoo.com,084953357853,CTY-00008,2025-04-04
CUS-250405001,Larasati,Antonia,Female,larasati.antonia3910@yahoo.com,088561633577,CTY-00004,2025-04-05
CUS-250405002,Mila,Fatimah,Female,mila.fatimah3911@yahoo.com,085776401957,CTY-00008,2025-04-05
CUS-250405003,Basagita,Asmira,Female,basagita.asmira3912@gmail.com,088948775916,CTY-00005,2025-04-05
CUS-250405004,Elsa,Jasmine,Female,elsa.jasmine3913@gmail.com,083987499712,CTY-00001,2025-04-05
CUS-250406001,Samantha,Ramos,Female,samantha.ramos3914@icloud.com,089161595912,CTY-00014,2025-04-06
CUS-250406002,Endah,Dahlia,Female,endah.dahlia3915@gmail.com,088736949856,CTY-00005,2025-04-06
CUS-250406003,Danila,Marlina,Female,danila.marlina3916@icloud.com,083217968583,CTY-00008,2025-04-06
CUS-250407001,Naufal,Raihan,Male,naufal.raihan3917@icloud.com,082546817605,CTY-00004,2025-04-07
CUS-250407002,Komalasari,Felicia,Female,komalasari.felicia3918@hotmail.com,086462032781,CTY-00003,2025-04-07
CUS-250408001,Juliana,Darmastuti,Female,juliana.darmastuti3919@outlook.com,086402478886,CTY-00010,2025-04-08
CUS-250409001,Yosep,Setyo,Male,yosep.setyo3920@gmail.com,088255228166,CTY-00006,2025-04-09
CUS-250409002,Tio,Iwan,Male,tio.iwan3921@icloud.com,088227487600,CTY-00009,2025-04-09
CUS-250409003,Erika,Ika,Female,erika.ika3922@yahoo.com,081195587859,CTY-00003,2025-04-09
CUS-250409004,Raden,Maman,Male,raden.maman3923@yahoo.com,083645587816,CTY-00010,2025-04-09
CUS-250409005,Imran,Budi,Male,imran.budi3924@yahoo.com,087613549877,CTY-00004,2025-04-09
CUS-250410001,Wawan,Amir,Male,wawan.amir3925@icloud.com,084507683130,CTY-00007,2025-04-10
CUS-250411001,Nila,Irmina,Female,nila.irmina3926@hotmail.com,084512324889,CTY-00001,2025-04-11
CUS-250411002,Nur,Husni,Male,nur.husni3927@hotmail.com,085162298789,CTY-00005,2025-04-11
CUS-250411003,Arya,Bahar,Male,arya.bahar3928@yahoo.com,082859518597,CTY-00005,2025-04-11
CUS-250412001,Atsilah,Irma,Female,atsilah.irma3929@outlook.com,088739404752,CTY-00005,2025-04-12
CUS-250412002,Marta,Nurul,Female,marta.nurul3930@gmail.com,087191484046,CTY-00006,2025-04-12
CUS-250412003,Anita,Dwi,Female,anita.dwi3931@outlook.com,081411768610,CTY-00004,2025-04-12
CUS-250412004,Jefri,Ismail,Male,jefri.ismail3932@outlook.com,089227159627,CTY-00002,2025-04-12
CUS-250413001,Hania,Indri,Female,hania.indri3933@yahoo.com,088220783599,CTY-00006,2025-04-13
CUS-250413002,Agus,Damar,Male,agus.damar3934@gmail.com,081331854441,CTY-00003,2025-04-13
CUS-250413003,Adinda,Alya,Female,adinda.alya3935@outlook.com,088809308160,CTY-00002,2025-04-13
CUS-250414001,Samantha,Teo,Female,samantha.teo3936@icloud.com,087245110708,CTY-00011,2025-04-14
CUS-250414002,Sunandar,Indra,Male,sunandar.indra3937@icloud.com,088451721093,CTY-00002,2025-04-14
CUS-250414003,Huda,Dede,Male,huda.dede3938@outlook.com,083529311977,CTY-00008,2025-04-14
CUS-250414004,Felicia,Aurelia,Female,felicia.aurelia3939@gmail.com,082807829404,CTY-00001,2025-04-14
CUS-250415001,Raka,Rahmad,Male,raka.rahmad3940@hotmail.com,087479791315,CTY-00004,2025-04-15
CUS-250416001,Jelita,Desi,Female,jelita.desi3941@yahoo.com,087348056245,CTY-00001,2025-04-16
CUS-250417001,Damanik,Lucia,Female,damanik.lucia3942@icloud.com,086695040161,CTY-00004,2025-04-17
CUS-250418001,Hens,Wawan,Male,hens.wawan3943@gmail.com,089671005917,CTY-00007,2025-04-18
CUS-250419001,Bintang,Arisanti,Female,bintang.arisanti3944@hotmail.com,087177575939,CTY-00002,2025-04-19
CUS-250419002,Luki,Yudhi,Male,luki.yudhi3945@icloud.com,087037128717,CTY-00010,2025-04-19
CUS-250420001,Melati,Bulan,Female,melati.bulan3946@gmail.com,083271497848,CTY-00010,2025-04-20
CUS-250420002,Jenia,Bunga,Female,jenia.bunga3947@icloud.com,083551325161,CTY-00009,2025-04-20
CUS-250420003,Firdaus,Wong,Male,firdaus.wong3948@icloud.com,083499523368,CTY-00013,2025-04-20
CUS-250421001,Mutiara,Gisela,Female,mutiara.gisela3949@gmail.com,088612924479,CTY-00008,2025-04-21
CUS-250421002,Daria,Niken,Female,daria.niken3950@gmail.com,089671074548,CTY-00001,2025-04-21
CUS-250421003,Eka,Hania,Female,eka.hania3951@outlook.com,088388819120,CTY-00005,2025-04-21
CUS-250421004,Wahyu,Munir,Male,wahyu.munir3952@outlook.com,089587379052,CTY-00007,2025-04-21
CUS-250421005,Dita,Dahlia,Female,dita.dahlia3953@hotmail.com,085229697139,CTY-00009,2025-04-21
CUS-250421006,Wijaya,Fadli,Male,wijaya.fadli3954@icloud.com,084399428237,CTY-00002,2025-04-21
CUS-250422001,Mita,Alya,Female,mita.alya3955@yahoo.com,085908058608,CTY-00007,2025-04-22
CUS-250422002,Ariani,Anisa,Female,ariani.anisa3956@outlook.com,087306995668,CTY-00009,2025-04-22
CUS-250422003,Nisa,Isna,Female,nisa.isna3957@hotmail.com,085802723956,CTY-00010,2025-04-22
CUS-250422004,Pradipa,Yudhi,Male,pradipa.yudhi3958@gmail.com,083904639941,CTY-00009,2025-04-22
CUS-250422005,Naufal,Amir,Male,naufal.amir3959@icloud.com,086095590533,CTY-00007,2025-04-22
CUS-250422006,Faris,Yudi,Male,faris.yudi3960@hotmail.com,084850387792,CTY-00001,2025-04-22
CUS-250422007,Mila,Dyah,Female,mila.dyah3961@icloud.com,086945831862,CTY-00008,2025-04-22
CUS-250423001,Elsa,Mutiara,Female,elsa.mutiara3962@gmail.com,087247152510,CTY-00009,2025-04-23
CUS-250423002,Febri,Bunga,Female,febri.bunga3963@hotmail.com,085933463839,CTY-00001,2025-04-23
CUS-250423003,Dian,Tobar,Male,dian.tobar3964@gmail.com,088185939138,CTY-00005,2025-04-23
CUS-250424001,Tomy,Yosep,Male,tomy.yosep3965@icloud.com,081856369453,CTY-00005,2025-04-24
CUS-250424002,Endang,Eka,Female,endang.eka3966@gmail.com,089650510873,CTY-00002,2025-04-24
CUS-250424003,Untung,Rian,Male,untung.rian3967@outlook.com,081821993910,CTY-00010,2025-04-24
CUS-250425001,Yoga,Setyo,Male,yoga.setyo3968@yahoo.com,081123391325,CTY-00009,2025-04-25
CUS-250425002,Jessica,Goh,Female,jessica.goh3969@gmail.com,081667752465,CTY-00011,2025-04-25
CUS-250425003,Wawan,Baskara,Male,wawan.baskara3970@outlook.com,082817225353,CTY-00005,2025-04-25
CUS-250425004,Sandy,Firman,Male,sandy.firman3971@outlook.com,085654717565,CTY-00006,2025-04-25
CUS-250425005,Dahlia,Chika,Female,dahlia.chika3972@yahoo.com,083351853460,CTY-00007,2025-04-25
CUS-250426001,Dyah,Endah,Female,dyah.endah3973@outlook.com,086855596832,CTY-00008,2025-04-26
CUS-250427001,Dilla,Dita,Female,dilla.dita3974@gmail.com,088878973631,CTY-00007,2025-04-27
CUS-250427002,Roni,Ilham,Male,roni.ilham3975@outlook.com,087225855599,CTY-00007,2025-04-27
CUS-250427003,Sujatmiko,Dian,Male,sujatmiko.dian3976@yahoo.com,082992946899,CTY-00008,2025-04-27
CUS-250427004,Yadi,Ridik,Male,yadi.ridik3977@gmail.com,086103975911,CTY-00004,2025-04-27
CUS-250428001,Indah,Aria,Female,indah.aria3978@hotmail.com,089169111173,CTY-00005,2025-04-28
CUS-250429001,Arini,Liana,Female,arini.liana3979@icloud.com,086447817271,CTY-00004,2025-04-29
CUS-250429002,Jenia,Basagita,Female,jenia.basagita3980@hotmail.com,083246000795,CTY-00002,2025-04-29
CUS-250429003,Desi,Mira,Female,desi.mira3981@hotmail.com,086791505901,CTY-00003,2025-04-29
CUS-250429004,Ester,Farah,Female,ester.farah3982@icloud.com,082895557313,CTY-00008,2025-04-29
CUS-250430001,Gisela,Jasmine,Female,gisela.jasmine3983@icloud.com,081278107679,CTY-00010,2025-04-30
CUS-250430002,Gani,Maulana,Male,gani.maulana3984@hotmail.com,082474355547,CTY-00005,2025-04-30
CUS-250430003,Aslih,Fadhilah,Female,aslih.fadhilah3985@gmail.com,081914322875,CTY-00008,2025-04-30
CUS-250430004,Gibran,Sabbar,Male,gibran.sabbar3986@outlook.com,081445154327,CTY-00002,2025-04-30
CUS-250502001,Irene,Kristina,Female,irene.kristina3987@yahoo.com,085655282972,CTY-00009,2025-05-02
CUS-250502002,Arya,Raihan,Male,arya.raihan3988@gmail.com,082522490238,CTY-00001,2025-05-02
CUS-250503001,Raditya,Jody,Male,raditya.jody3989@hotmail.com,082543299649,CTY-00010,2025-05-03
CUS-250504001,Galang,Rian,Male,galang.rian3990@icloud.com,083951444345,CTY-00009,2025-05-04
CUS-250504002,Dani,Raihan,Male,dani.raihan3991@gmail.com,085231535111,CTY-00002,2025-05-04
CUS-250505001,Angga,Hadi,Male,angga.hadi3992@icloud.com,088365712681,CTY-00002,2025-05-05
CUS-250505002,Ginanjar,Setiawan,Male,ginanjar.setiawan3993@yahoo.com,083448569751,CTY-00010,2025-05-05
CUS-250506001,Gita,Asti,Female,gita.asti3994@gmail.com,084085753899,CTY-00004,2025-05-06
CUS-250506002,Chloe,Teo,Female,chloe.teo3995@outlook.com,086274110483,CTY-00011,2025-05-06
CUS-250507001,Yuda,Rahmad,Male,yuda.rahmad3996@yahoo.com,081048571881,CTY-00001,2025-05-07
CUS-250507002,Aria,Lestari,Female,aria.lestari3997@yahoo.com,088311948739,CTY-00008,2025-05-07
CUS-250507003,Felicia,Helena,Female,felicia.helena3998@hotmail.com,085259437952,CTY-00005,2025-05-07
CUS-250508001,Rangga,Candra,Male,rangga.candra3999@outlook.com,086528111921,CTY-00006,2025-05-08
CUS-250508002,Yudhi,Supri,Male,yudhi.supri4000@icloud.com,081491884881,CTY-00005,2025-05-08
CUS-250508003,Nasser,Candra,Male,nasser.candra4001@hotmail.com,082852477635,CTY-00003,2025-05-08
CUS-250509001,Rido,Kukuh,Male,rido.kukuh4002@yahoo.com,082265607646,CTY-00007,2025-05-09
CUS-250509002,Linda,Antonia,Female,linda.antonia4003@gmail.com,088143457461,CTY-00002,2025-05-09
CUS-250511001,Yusuf,Setyo,Male,yusuf.setyo4004@hotmail.com,083167442508,CTY-00009,2025-05-11
CUS-250511002,Anto,Untung,Male,anto.untung4005@gmail.com,082313517396,CTY-00004,2025-05-11
CUS-250511003,Megan,Tay,Female,megan.tay4006@hotmail.com,083700040222,CTY-00011,2025-05-11
CUS-250512001,Anisa,Ardhia,Female,anisa.ardhia4007@yahoo.com,086515495856,CTY-00008,2025-05-12
CUS-250512002,Samantha,Ramos,Female,samantha.ramos4008@icloud.com,082755570161,CTY-00014,2025-05-12
CUS-250512003,Dilla,Astrid,Female,dilla.astrid4009@yahoo.com,086707505637,CTY-00003,2025-05-12
CUS-250513001,Fahmi,Hendra,Male,fahmi.hendra4010@icloud.com,081741513308,CTY-00009,2025-05-13
CUS-250513002,Husni,Damar,Male,husni.damar4011@gmail.com,087999995770,CTY-00001,2025-05-13
CUS-250513003,Raditya,Dimas,Male,raditya.dimas4012@outlook.com,088682600591,CTY-00002,2025-05-13
CUS-250514001,Fadilah,Nadin,Female,fadilah.nadin4013@gmail.com,087382328786,CTY-00003,2025-05-14
CUS-250514002,Hani,Arini,Female,hani.arini4014@hotmail.com,089922308471,CTY-00006,2025-05-14
CUS-250514003,Hafiz,Ahmad,Male,hafiz.ahmad4015@yahoo.com,089169354523,CTY-00012,2025-05-14
CUS-250515001,Fifi,Laura,Female,fifi.laura4016@outlook.com,084597143931,CTY-00004,2025-05-15
CUS-250515002,Dyah,Julia,Female,dyah.julia4017@outlook.com,082397363055,CTY-00009,2025-05-15
CUS-250517001,Irfan,Supri,Male,irfan.supri4018@outlook.com,082371561044,CTY-00009,2025-05-17
CUS-250517002,Rangga,Laksmana,Male,rangga.laksmana4019@yahoo.com,086047219952,CTY-00005,2025-05-17
CUS-250517003,Endang,Farida,Female,endang.farida4020@icloud.com,089922113380,CTY-00010,2025-05-17
CUS-250518001,Darma,Gilang,Male,darma.gilang4021@yahoo.com,084865915547,CTY-00001,2025-05-18
CUS-250518002,Ghafar,Hens,Male,ghafar.hens4022@yahoo.com,086746877251,CTY-00001,2025-05-18
CUS-250518003,Rudy,Rama,Male,rudy.rama4023@icloud.com,086019874050,CTY-00005,2025-05-18
CUS-250519001,Aria,Nina,Female,aria.nina4024@hotmail.com,088416525435,CTY-00006,2025-05-19
CUS-250519002,Maya,Marta,Female,maya.marta4025@yahoo.com,082985703777,CTY-00002,2025-05-19
CUS-250520001,Farah,Danila,Female,farah.danila4026@gmail.com,086057294220,CTY-00009,2025-05-20
CUS-250521001,Arisanti,Amelia,Female,arisanti.amelia4027@hotmail.com,084271296709,CTY-00002,2025-05-21
CUS-250521002,Fatimah,Jasmine,Female,fatimah.jasmine4028@icloud.com,081249854272,CTY-00004,2025-05-21
CUS-250521003,Erlina,Bernadeth,Female,erlina.bernadeth4029@icloud.com,083021476077,CTY-00005,2025-05-21
CUS-250521004,Mutiara,Fina,Female,mutiara.fina4030@yahoo.com,087156496461,CTY-00002,2025-05-21
CUS-250522001,Megawati,Astrid,Female,megawati.astrid4031@yahoo.com,087466658040,CTY-00007,2025-05-22
CUS-250523001,Tobar,Robby,Male,tobar.robby4032@yahoo.com,086780136308,CTY-00009,2025-05-23
CUS-250523002,Melia,Faiza,Female,melia.faiza4033@yahoo.com,084838397930,CTY-00009,2025-05-23
CUS-250523003,Mita,Jasmine,Female,mita.jasmine4034@outlook.com,089267826989,CTY-00004,2025-05-23
CUS-250523004,Radit,Erwin,Male,radit.erwin4035@gmail.com,088521150498,CTY-00006,2025-05-23
CUS-250524001,Wibowo,Miko,Male,wibowo.miko4036@outlook.com,082939911816,CTY-00002,2025-05-24
CUS-250524002,Sarah,Lee,Female,sarah.lee4037@gmail.com,087633572937,CTY-00011,2025-05-24
CUS-250524003,Gibran,Eko,Male,gibran.eko4038@yahoo.com,088046248546,CTY-00009,2025-05-24
CUS-250524004,Damanik,Hastuti,Female,damanik.hastuti4039@gmail.com,088343289196,CTY-00006,2025-05-24
CUS-250525001,Lina,Nina,Female,lina.nina4040@outlook.com,086308389820,CTY-00002,2025-05-25
CUS-250525002,Hambali,Taufik,Male,hambali.taufik4041@icloud.com,088298910629,CTY-00003,2025-05-25
CUS-250525003,Bima,Lukman,Male,bima.lukman4042@gmail.com,081370372676,CTY-00010,2025-05-25
CUS-250526001,Hafiz,Zainal,Male,hafiz.zainal4043@icloud.com,089879321529,CTY-00005,2025-05-26
CUS-250527001,Mellisa,Basagita,Female,mellisa.basagita4044@icloud.com,085014147299,CTY-00007,2025-05-27
CUS-250527002,Nurul,Nadia,Female,nurul.nadia4045@hotmail.com,085493350482,CTY-00004,2025-05-27
CUS-250527003,Yoga,Vino,Male,yoga.vino4046@hotmail.com,089016172827,CTY-00007,2025-05-27
CUS-250527004,Setiawan,Cahyo,Male,setiawan.cahyo4047@outlook.com,089680533569,CTY-00008,2025-05-27
CUS-250528001,Erwin,Gatot,Male,erwin.gatot4048@yahoo.com,088898607241,CTY-00010,2025-05-28
CUS-250529001,Rian,Hendri,Male,rian.hendri4049@gmail.com,088078513902,CTY-00006,2025-05-29
CUS-250530001,Oki,Wibawa,Male,oki.wibawa4050@hotmail.com,083667516388,CTY-00006,2025-05-30
CUS-250531001,Indira,Cantika,Female,indira.cantika4051@outlook.com,083207376308,CTY-00010,2025-05-31
CUS-250531002,Novi,Gita,Female,novi.gita4052@outlook.com,086380933632,CTY-00008,2025-05-31
CUS-250531003,Pradipa,Zainal,Male,pradipa.zainal4053@hotmail.com,087819449712,CTY-00006,2025-05-31
CUS-250601001,Amanda,Marta,Female,amanda.marta4054@icloud.com,081025013867,CTY-00008,2025-06-01
CUS-250601002,Lili,Fabian,Female,lili.fabian4055@hotmail.com,085922017981,CTY-00009,2025-06-01
CUS-250603001,Aditya,Gatot,Male,aditya.gatot4056@gmail.com,085912903600,CTY-00005,2025-06-03
CUS-250604001,Indri,Daria,Female,indri.daria4057@hotmail.com,083263242889,CTY-00006,2025-06-04
CUS-250604002,Nurul,Marta,Female,nurul.marta4058@yahoo.com,089770173851,CTY-00005,2025-06-04
CUS-250604003,Nabila,Arsita,Female,nabila.arsita4059@icloud.com,087976753136,CTY-00001,2025-06-04
CUS-250605001,Kristina,Daria,Female,kristina.daria4060@hotmail.com,085145796676,CTY-00001,2025-06-05
CUS-250605002,Antonia,Monika,Female,antonia.monika4061@yahoo.com,084384626169,CTY-00004,2025-06-05
CUS-250605003,Naufal,Kiki,Male,naufal.kiki4062@gmail.com,086163848832,CTY-00010,2025-06-05
CUS-250605004,Budi,Hendri,Male,budi.hendri4063@outlook.com,083349624349,CTY-00001,2025-06-05
CUS-250607001,Agnes,Nina,Female,agnes.nina4064@yahoo.com,082975602272,CTY-00006,2025-06-07
CUS-250607002,Damar,Nur,Male,damar.nur4065@yahoo.com,087676018464,CTY-00008,2025-06-07
CUS-250607003,Rifky,Hendri,Male,rifky.hendri4066@outlook.com,081349570735,CTY-00005,2025-06-07
CUS-250607004,Junaedi,Firman,Male,junaedi.firman4067@yahoo.com,082889246232,CTY-00003,2025-06-07
CUS-250607005,Daria,Nia,Female,daria.nia4068@hotmail.com,082689864890,CTY-00007,2025-06-07
CUS-250608001,Elisabeth,Irene,Female,elisabeth.irene4069@outlook.com,086579322064,CTY-00010,2025-06-08
CUS-250609001,Dandi,Rahmad,Male,dandi.rahmad4070@yahoo.com,082519727093,CTY-00004,2025-06-09
CUS-250609002,Chika,Farida,Female,chika.farida4071@icloud.com,086616390077,CTY-00005,2025-06-09
CUS-250609003,Mellisa,Asri,Female,mellisa.asri4072@hotmail.com,086585576991,CTY-00004,2025-06-09
CUS-250609004,Aria,Dwi,Female,aria.dwi4073@icloud.com,088297885804,CTY-00005,2025-06-09
CUS-250610001,Clara,Indah,Female,clara.indah4074@yahoo.com,087778956829,CTY-00001,2025-06-10
CUS-250611001,Erika,Endang,Female,erika.endang4075@gmail.com,089492166579,CTY-00009,2025-06-11
CUS-250611002,Marlina,Febi,Female,marlina.febi4076@outlook.com,085637997882,CTY-00004,2025-06-11
CUS-250611003,Irma,Mila,Female,irma.mila4077@hotmail.com,084848177320,CTY-00006,2025-06-11
CUS-250611004,Aulia,Arini,Female,aulia.arini4078@yahoo.com,082935170148,CTY-00001,2025-06-11
CUS-250612001,Hui Ling,Goh,Female,huiling.goh4079@outlook.com,082383398670,CTY-00011,2025-06-12
CUS-250613001,Irwan,Mardi,Male,irwan.mardi4080@yahoo.com,087898432583,CTY-00008,2025-06-13
CUS-250613002,Nia,Lidia,Female,nia.lidia4081@hotmail.com,081202291113,CTY-00006,2025-06-13
CUS-250613003,Apsari,Lucia,Female,apsari.lucia4082@yahoo.com,087791437495,CTY-00007,2025-06-13
CUS-250613004,Murni,Juliette,Female,murni.juliette4083@outlook.com,083220515055,CTY-00006,2025-06-13
CUS-250613005,Basri,Mardi,Male,basri.mardi4084@hotmail.com,082200382134,CTY-00010,2025-06-13
CUS-250614001,Basri,Yogi,Male,basri.yogi4085@icloud.com,088845093713,CTY-00006,2025-06-14
CUS-250614002,Akbar,Dicky,Male,akbar.dicky4086@outlook.com,089255167842,CTY-00007,2025-06-14
CUS-250615001,Edi,Ghafar,Male,edi.ghafar4087@hotmail.com,088074621304,CTY-00008,2025-06-15
CUS-250615002,Miko,Zainal,Male,miko.zainal4088@icloud.com,081194289863,CTY-00004,2025-06-15
CUS-250616001,Anisa,Arini,Female,anisa.arini4089@icloud.com,088989604535,CTY-00007,2025-06-16
CUS-250616002,Jefri,Slamet,Male,jefri.slamet4090@gmail.com,082900827557,CTY-00008,2025-06-16
CUS-250616003,Rama,Wahyu,Male,rama.wahyu4091@gmail.com,088773018165,CTY-00010,2025-06-16
CUS-250617001,Robby,Hens,Male,robby.hens4092@gmail.com,089703040918,CTY-00010,2025-06-17
CUS-250617002,Rio,Rudy,Male,rio.rudy4093@icloud.com,088487782570,CTY-00004,2025-06-17
CUS-250617003,Misbah,Jody,Male,misbah.jody4094@yahoo.com,081453620392,CTY-00004,2025-06-17
CUS-250617004,Satya,Tobar,Male,satya.tobar4095@gmail.com,085373931836,CTY-00006,2025-06-17
CUS-250618001,Dara,Aura,Female,dara.aura4096@yahoo.com,081337595782,CTY-00003,2025-06-18
CUS-250619001,Gede,Anjas,Male,gede.anjas4097@yahoo.com,087711758817,CTY-00007,2025-06-19
CUS-250619002,Elina,Hanifah,Female,elina.hanifah4098@yahoo.com,084746147904,CTY-00008,2025-06-19
CUS-250619003,Nur,Mega,Male,nur.mega4099@yahoo.com,088180315406,CTY-00001,2025-06-19
CUS-250620001,Rikky,Teguh,Male,rikky.teguh4100@yahoo.com,084098021841,CTY-00001,2025-06-20
CUS-250620002,Lina,Dyah,Female,lina.dyah4101@outlook.com,088357733924,CTY-00002,2025-06-20
CUS-250620003,Budi,Candra,Male,budi.candra4102@hotmail.com,083195568459,CTY-00006,2025-06-20
CUS-250621001,Liana,Melani,Female,liana.melani4103@icloud.com,084813435794,CTY-00004,2025-06-21
CUS-250621002,Suresh,Ahmad,Male,suresh.ahmad4104@gmail.com,089196805734,CTY-00012,2025-06-21
CUS-250622001,Alyssa,Flores,Female,alyssa.flores4105@hotmail.com,081790478390,CTY-00014,2025-06-22
CUS-250622002,Hendra,Tohir,Male,hendra.tohir4106@yahoo.com,086146991127,CTY-00003,2025-06-22
CUS-250622003,Evi,Melia,Female,evi.melia4107@gmail.com,088825184747,CTY-00005,2025-06-22
CUS-250623001,Agnes,Arimbi,Female,agnes.arimbi4108@gmail.com,089186627250,CTY-00004,2025-06-23
CUS-250624001,Gada,Bintang,Male,gada.bintang4109@yahoo.com,087443456933,CTY-00003,2025-06-24
CUS-250624002,Ayu,Ita,Female,ayu.ita4110@yahoo.com,082702050465,CTY-00001,2025-06-24
CUS-250624003,Farah,Abdullah,Female,farah.abdullah4111@gmail.com,087215072781,CTY-00013,2025-06-24
CUS-250625001,Karin,Melani,Female,karin.melani4112@icloud.com,085402862370,CTY-00001,2025-06-25
CUS-250625002,Arsita,Julia,Female,arsita.julia4113@yahoo.com,082710865587,CTY-00009,2025-06-25
CUS-250626001,Arieska,Kristina,Female,arieska.kristina4114@outlook.com,084680997270,CTY-00006,2025-06-26
CUS-250627001,Mario,Bagus,Male,mario.bagus4115@icloud.com,086609227941,CTY-00009,2025-06-27
CUS-250627002,Risman,Bagas,Male,risman.bagas4116@hotmail.com,084066718401,CTY-00001,2025-06-27
CUS-250627003,Nabila,Erika,Female,nabila.erika4117@gmail.com,089981280000,CTY-00001,2025-06-27
CUS-250628001,Anisa,Fina,Female,anisa.fina4118@gmail.com,085075798029,CTY-00007,2025-06-28
CUS-250628002,Lia,Megawati,Female,lia.megawati4119@hotmail.com,085647083851,CTY-00004,2025-06-28
CUS-250629001,Ines,Astrid,Female,ines.astrid4120@yahoo.com,084587593174,CTY-00006,2025-06-29
CUS-250630001,Aaron,Lee,Male,aaron.lee4121@yahoo.com,084568687781,CTY-00011,2025-06-30
CUS-250630002,Kristina,Indah,Female,kristina.indah4122@hotmail.com,086625771538,CTY-00001,2025-06-30
CUS-250630003,Gibran,Yudha,Male,gibran.yudha4123@gmail.com,086358693742,CTY-00005,2025-06-30
CUS-250701001,Ika,Chika,Female,ika.chika4124@outlook.com,089293909462,CTY-00003,2025-07-01
CUS-250701002,Dedi,Samsul,Male,dedi.samsul4125@hotmail.com,081062296478,CTY-00003,2025-07-01
CUS-250703001,Hanafi,Misbah,Male,hanafi.misbah4126@gmail.com,085088931437,CTY-00005,2025-07-03
CUS-250703002,Rangga,Lukman,Male,rangga.lukman4127@hotmail.com,082494928109,CTY-00009,2025-07-03
CUS-250704001,Purnomo,Aris,Male,purnomo.aris4128@yahoo.com,088501397817,CTY-00004,2025-07-04
CUS-250704002,Misbah,Fadli,Male,misbah.fadli4129@icloud.com,088387501993,CTY-00010,2025-07-04
CUS-250704003,Marwan,Prabowo,Male,marwan.prabowo4130@hotmail.com,084322301085,CTY-00001,2025-07-04
CUS-250704004,Faiza,Kristina,Female,faiza.kristina4131@gmail.com,089528675333,CTY-00007,2025-07-04
CUS-250704005,Belinda,Dara,Female,belinda.dara4132@yahoo.com,089295749015,CTY-00009,2025-07-04
CUS-250705001,Mahesa,Agus,Male,mahesa.agus4133@gmail.com,086950376198,CTY-00006,2025-07-05
CUS-250705002,Bernadeth,Arini,Female,bernadeth.arini4134@yahoo.com,087904504212,CTY-00010,2025-07-05
CUS-250705003,Maya,Lusi,Female,maya.lusi4135@gmail.com,084750196248,CTY-00002,2025-07-05
CUS-250705004,Mulyadi,Oki,Male,mulyadi.oki4136@yahoo.com,086142908872,CTY-00009,2025-07-05
CUS-250706001,Erma,Novi,Female,erma.novi4137@gmail.com,086508890102,CTY-00008,2025-07-06
CUS-250707001,Vino,Hambali,Male,vino.hambali4138@hotmail.com,084415088634,CTY-00004,2025-07-07
CUS-250707002,Elsa,Karin,Female,elsa.karin4139@icloud.com,085122258784,CTY-00009,2025-07-07
CUS-250707003,Wisnu,Dede,Male,wisnu.dede4140@yahoo.com,086693377858,CTY-00005,2025-07-07
CUS-250707004,Mario,Taufik,Male,mario.taufik4141@outlook.com,087925048263,CTY-00001,2025-07-07
CUS-250708001,Suresh,Lee,Male,suresh.lee4142@icloud.com,081817822198,CTY-00013,2025-07-08
CUS-250708002,Irma,Astrid,Female,irma.astrid4143@yahoo.com,089928229949,CTY-00006,2025-07-08
CUS-250708003,Raja,Yosep,Male,raja.yosep4144@hotmail.com,087489243709,CTY-00001,2025-07-08
CUS-250709001,Dede,Tri,Male,dede.tri4145@outlook.com,081365741728,CTY-00006,2025-07-09
CUS-250710001,Mahfud,Endra,Male,mahfud.endra4146@gmail.com,081774025378,CTY-00009,2025-07-10
CUS-250710002,Agung,Asrul,Male,agung.asrul4147@yahoo.com,081400886150,CTY-00001,2025-07-10
CUS-250710003,Jelita,Dini,Female,jelita.dini4148@icloud.com,083248728372,CTY-00003,2025-07-10
CUS-250710004,Darmastuti,Murni,Female,darmastuti.murni4149@icloud.com,084111561418,CTY-00004,2025-07-10
CUS-250710005,Hesti,Mutiara,Female,hesti.mutiara4150@gmail.com,087376742475,CTY-00010,2025-07-10
CUS-250710006,Indira,Lucia,Female,indira.lucia4151@gmail.com,081897439820,CTY-00009,2025-07-10
CUS-250710007,Tio,Mamat,Male,tio.mamat4152@gmail.com,089877303341,CTY-00007,2025-07-10
CUS-250711001,Wibowo,Cahyo,Male,wibowo.cahyo4153@icloud.com,088504932623,CTY-00010,2025-07-11
CUS-250711002,Eka,Nilam,Female,eka.nilam4154@gmail.com,089484903269,CTY-00006,2025-07-11
CUS-250711003,Nabila,Arieska,Female,nabila.arieska4155@gmail.com,084324850982,CTY-00010,2025-07-11
CUS-250712001,Nasser,Nurdin,Male,nasser.nurdin4156@hotmail.com,083142663175,CTY-00005,2025-07-12
CUS-250712002,Jessica,Melani,Female,jessica.melani4157@hotmail.com,089840925166,CTY-00003,2025-07-12
CUS-250713001,Komalasari,Elsa,Female,komalasari.elsa4158@icloud.com,087059489270,CTY-00008,2025-07-13
CUS-250713002,Bagus,Supri,Male,bagus.supri4159@hotmail.com,082614119191,CTY-00003,2025-07-13
CUS-250713003,Agung,Ismail,Male,agung.ismail4160@gmail.com,081552042317,CTY-00009,2025-07-13
CUS-250714001,Arif,Eka,Male,arif.eka4161@outlook.com,085797745570,CTY-00007,2025-07-14
CUS-250714002,Irfan,Hendra,Male,irfan.hendra4162@hotmail.com,085919594084,CTY-00006,2025-07-14
CUS-250714003,Lestari,Farida,Female,lestari.farida4163@yahoo.com,083414147705,CTY-00008,2025-07-14
CUS-250717001,Dini,Felicia,Female,dini.felicia4164@yahoo.com,081453172589,CTY-00009,2025-07-17
CUS-250717002,Niken,Felicia,Female,niken.felicia4165@yahoo.com,084299292487,CTY-00001,2025-07-17
CUS-250717003,Fatimah,Megawati,Female,fatimah.megawati4166@gmail.com,082292277395,CTY-00003,2025-07-17
CUS-250717004,Tito,Mega,Male,tito.mega4167@yahoo.com,089775244151,CTY-00002,2025-07-17
CUS-250717005,Laksmana,Galang,Male,laksmana.galang4168@hotmail.com,082379186577,CTY-00008,2025-07-17
CUS-250717006,Bella,Jenia,Female,bella.jenia4169@hotmail.com,083309179979,CTY-00010,2025-07-17
CUS-250718001,Bernadeth,Anita,Female,bernadeth.anita4170@yahoo.com,081940232447,CTY-00002,2025-07-18
CUS-250719001,Tobar,Arya,Male,tobar.arya4171@outlook.com,082174303267,CTY-00009,2025-07-19
CUS-250719002,Elisabeth,Elina,Female,elisabeth.elina4172@icloud.com,081389478164,CTY-00002,2025-07-19
CUS-250720001,Aslih,Istri,Female,aslih.istri4173@yahoo.com,083464260106,CTY-00004,2025-07-20
CUS-250721001,Raden,Satya,Male,raden.satya4174@gmail.com,085373716557,CTY-00008,2025-07-21
CUS-250722001,Ismail,Rian,Male,ismail.rian4175@gmail.com,085782780093,CTY-00002,2025-07-22
CUS-250723001,Arsita,Lita,Female,arsita.lita4176@yahoo.com,082030748609,CTY-00002,2025-07-23
CUS-250723002,Larasati,Lativa,Female,larasati.lativa4177@icloud.com,083523927151,CTY-00008,2025-07-23
CUS-250723003,Laura,Febi,Female,laura.febi4178@gmail.com,089379196426,CTY-00003,2025-07-23
CUS-250724001,Farah,Ahmad,Female,farah.ahmad4179@icloud.com,089955519632,CTY-00013,2025-07-24
CUS-250724002,Dayu,Marlina,Female,dayu.marlina4180@gmail.com,083373797867,CTY-00006,2025-07-24
CUS-250725001,Haniyah,Chika,Female,haniyah.chika4181@hotmail.com,088717977163,CTY-00002,2025-07-25
CUS-250725002,Yudhi,Raka,Male,yudhi.raka4182@gmail.com,086517138092,CTY-00005,2025-07-25
CUS-250726001,Basri,Zaki,Male,basri.zaki4183@outlook.com,084316904943,CTY-00006,2025-07-26
CUS-250726002,Cantika,Lestari,Female,cantika.lestari4184@gmail.com,083142287040,CTY-00003,2025-07-26
CUS-250727001,Bagas,Fikri,Male,bagas.fikri4185@yahoo.com,085956191102,CTY-00005,2025-07-27
CUS-250727002,Anita,Indah,Female,anita.indah4186@gmail.com,083133519891,CTY-00005,2025-07-27
CUS-250727003,Isna,Dina,Female,isna.dina4187@outlook.com,086716410723,CTY-00009,2025-07-27
CUS-250727004,Anjas,Deni,Male,anjas.deni4188@icloud.com,088793410388,CTY-00006,2025-07-27
CUS-250728001,Arga,Subhan,Male,arga.subhan4189@icloud.com,089852371411,CTY-00002,2025-07-28
CUS-250730001,Agus,Naufal,Male,agus.naufal4190@icloud.com,085981183796,CTY-00009,2025-07-30
CUS-250730002,Elang,Idris,Male,elang.idris4191@outlook.com,083178582381,CTY-00004,2025-07-30
CUS-250730003,Farah,Laksmi,Female,farah.laksmi4192@gmail.com,089219239184,CTY-00006,2025-07-30
CUS-250731001,Dian,Fatimah,Female,dian.fatimah4193@gmail.com,087626959085,CTY-00009,2025-07-31
CUS-250731002,Eka,Klara,Female,eka.klara4194@yahoo.com,082392157975,CTY-00003,2025-07-31
CUS-250731003,Maya,Lidia,Female,maya.lidia4195@gmail.com,087807894666,CTY-00010,2025-07-31
CUS-250801001,Ardhia,Alya,Female,ardhia.alya4196@icloud.com,081745651450,CTY-00002,2025-08-01
CUS-250801002,Aura,Jasmine,Female,aura.jasmine4197@icloud.com,081344976763,CTY-00001,2025-08-01
CUS-250801003,Bobi,Rizki,Male,bobi.rizki4198@yahoo.com,088204851145,CTY-00001,2025-08-01
CUS-250801004,Indra,Yunus,Male,indra.yunus4199@gmail.com,087739647828,CTY-00002,2025-08-01
CUS-250801005,Indah,Aulia,Female,indah.aulia4200@hotmail.com,086921245461,CTY-00009,2025-08-01
CUS-250801006,Dafiz,Wibawa,Male,dafiz.wibawa4201@hotmail.com,089324735312,CTY-00003,2025-08-01
CUS-250802001,Robby,Yanto,Male,robby.yanto4202@hotmail.com,086427223338,CTY-00001,2025-08-02
CUS-250802002,Hapsari,Mirna,Female,hapsari.mirna4203@outlook.com,085495995636,CTY-00002,2025-08-02
CUS-250802003,Chesa,Nina,Female,chesa.nina4204@yahoo.com,086143329787,CTY-00007,2025-08-02
CUS-250803001,Adinda,Aura,Female,adinda.aura4205@outlook.com,087001089076,CTY-00007,2025-08-03
CUS-250803002,Nabila,Farah,Female,nabila.farah4206@outlook.com,083085972236,CTY-00003,2025-08-03
CUS-250803003,Indira,Galuh,Female,indira.galuh4207@gmail.com,081994130520,CTY-00009,2025-08-03
CUS-250803004,Setyo,Agung,Male,setyo.agung4208@yahoo.com,082433574703,CTY-00009,2025-08-03
CUS-250804001,Jenia,Hania,Female,jenia.hania4209@gmail.com,083103383591,CTY-00001,2025-08-04
CUS-250804002,Asrul,Rizki,Male,asrul.rizki4210@icloud.com,087498480008,CTY-00004,2025-08-04
CUS-250804003,Rio,Imran,Male,rio.imran4211@outlook.com,083203350659,CTY-00008,2025-08-04
CUS-250805001,Mutia,Anindya,Female,mutia.anindya4212@gmail.com,088878429805,CTY-00006,2025-08-05
CUS-250806001,Lia,Dayu,Female,lia.dayu4213@yahoo.com,082811421526,CTY-00001,2025-08-06
CUS-250806002,Gibran,Arif,Male,gibran.arif4214@outlook.com,086688321521,CTY-00007,2025-08-06
CUS-250806003,Dody,Sandy,Male,dody.sandy4215@icloud.com,088915463134,CTY-00001,2025-08-06
CUS-250807001,Melinda,Erna,Female,melinda.erna4216@icloud.com,086144456003,CTY-00001,2025-08-07
CUS-250807002,Galang,Trisna,Male,galang.trisna4217@gmail.com,082341767225,CTY-00007,2025-08-07
CUS-250808001,Deni,Bagas,Male,deni.bagas4218@gmail.com,081713107910,CTY-00006,2025-08-08
CUS-250808002,Wisnu,Arga,Male,wisnu.arga4219@outlook.com,089372975755,CTY-00007,2025-08-08
CUS-250808003,Ayu,Hapsari,Female,ayu.hapsari4220@hotmail.com,089071237088,CTY-00005,2025-08-08
CUS-250809001,Satya,Yayat,Male,satya.yayat4221@icloud.com,084077515439,CTY-00005,2025-08-09
CUS-250810001,Dinda,Kartini,Female,dinda.kartini4222@outlook.com,085776575205,CTY-00009,2025-08-10
CUS-250810002,Rido,Kiki,Male,rido.kiki4223@yahoo.com,089642254835,CTY-00010,2025-08-10
CUS-250811001,Asri,Hastuti,Female,asri.hastuti4224@hotmail.com,086014501165,CTY-00003,2025-08-11
CUS-250811002,Erma,Amanda,Female,erma.amanda4225@outlook.com,081943058813,CTY-00002,2025-08-11
CUS-250812001,Debora,Kartika,Female,debora.kartika4226@yahoo.com,082242244762,CTY-00009,2025-08-12
CUS-250812002,Yusuf,Rifa'i,Male,yusuf.rifa'i4227@yahoo.com,082640525527,CTY-00003,2025-08-12
CUS-250812003,Rian,Guntur,Male,rian.guntur4228@hotmail.com,082131757888,CTY-00006,2025-08-12
CUS-250812004,Ima,Anita,Female,ima.anita4229@outlook.com,088542881885,CTY-00006,2025-08-12
CUS-250812005,Eva,Klara,Female,eva.klara4230@icloud.com,087544089599,CTY-00002,2025-08-12
CUS-250813001,Elvira,Gisela,Female,elvira.gisela4231@hotmail.com,083014371075,CTY-00002,2025-08-13
CUS-250814001,Lia,Kusuma,Female,lia.kusuma4232@gmail.com,088125500814,CTY-00009,2025-08-14
CUS-250814002,Kasih,Indah,Female,kasih.indah4233@outlook.com,084406848557,CTY-00003,2025-08-14
CUS-250814003,Laura,Ermina,Female,laura.ermina4234@outlook.com,082484591288,CTY-00002,2025-08-14
CUS-250815001,Laras,Dilla,Female,laras.dilla4235@outlook.com,084699447736,CTY-00004,2025-08-15
CUS-250816001,Zaki,Rama,Male,zaki.rama4236@outlook.com,086741324537,CTY-00007,2025-08-16
CUS-250816002,Gisela,Marta,Female,gisela.marta4237@hotmail.com,082977799511,CTY-00010,2025-08-16
CUS-250818001,Laksmana,Hadi,Male,laksmana.hadi4238@gmail.com,088492761902,CTY-00007,2025-08-18
CUS-250818002,Hani,Kristina,Female,hani.kristina4239@outlook.com,081841202317,CTY-00010,2025-08-18
CUS-250819001,Gatot,Nugroho,Male,gatot.nugroho4240@outlook.com,088209063120,CTY-00004,2025-08-19
CUS-250819002,Raihan,Tobar,Male,raihan.tobar4241@gmail.com,086347322336,CTY-00010,2025-08-19
CUS-250819003,Agus,Yudhi,Male,agus.yudhi4242@gmail.com,085801685797,CTY-00001,2025-08-19
CUS-250819004,Bunga,Anita,Female,bunga.anita4243@outlook.com,089730669379,CTY-00001,2025-08-19
CUS-250820001,Ayu,Jelita,Female,ayu.jelita4244@yahoo.com,081517762167,CTY-00003,2025-08-20
CUS-250820002,Roni,Maulana,Male,roni.maulana4245@gmail.com,082123478905,CTY-00003,2025-08-20
CUS-250820003,Raihan,Aldo,Male,raihan.aldo4246@outlook.com,085167493931,CTY-00008,2025-08-20
CUS-250820004,Mutiara,Gaby,Female,mutiara.gaby4247@icloud.com,084656301976,CTY-00009,2025-08-20
CUS-250820005,Dody,Syafiq,Male,dody.syafiq4248@gmail.com,086149308880,CTY-00007,2025-08-20
CUS-250821001,Juwita,Marta,Female,juwita.marta4249@hotmail.com,086485904538,CTY-00007,2025-08-21
CUS-250821002,Prabowo,Akbar,Male,prabowo.akbar4250@icloud.com,086736646884,CTY-00007,2025-08-21
CUS-250821003,Nanda,Dimas,Male,nanda.dimas4251@gmail.com,081244021377,CTY-00006,2025-08-21
CUS-250822001,Imam,Bagus,Male,imam.bagus4252@gmail.com,086039969847,CTY-00003,2025-08-22
CUS-250822002,Eva,Helena,Female,eva.helena4253@yahoo.com,082128359171,CTY-00003,2025-08-22
CUS-250823001,Debora,Celia,Female,debora.celia4254@gmail.com,081907192821,CTY-00004,2025-08-23
CUS-250823002,Kania,Erlina,Female,kania.erlina4255@yahoo.com,087588278986,CTY-00003,2025-08-23
CUS-250823003,Arif,Rio,Male,arif.rio4256@hotmail.com,089781851504,CTY-00002,2025-08-23
CUS-250824001,Gayatry,Marta,Female,gayatry.marta4257@outlook.com,086312934515,CTY-00008,2025-08-24
CUS-250824002,Ardi,Arya,Male,ardi.arya4258@yahoo.com,088564179263,CTY-00009,2025-08-24
CUS-250825001,Sulaiman,Radit,Male,sulaiman.radit4259@gmail.com,084301978840,CTY-00007,2025-08-25
CUS-250825002,Monika,Mita,Female,monika.mita4260@outlook.com,084272924531,CTY-00004,2025-08-25
CUS-250825003,Lusia,Nita,Female,lusia.nita4261@gmail.com,087984851676,CTY-00007,2025-08-25
CUS-250826001,Hania,Lusi,Female,hania.lusi4262@icloud.com,088388223975,CTY-00010,2025-08-26
CUS-250826002,Rian,Arga,Male,rian.arga4263@outlook.com,086056076561,CTY-00007,2025-08-26
CUS-250827001,Irmagard,Juliana,Female,irmagard.juliana4264@gmail.com,085982414611,CTY-00008,2025-08-27
CUS-250827002,Wei Lun,Ahmad,Male,weilun.ahmad4265@outlook.com,081800873584,CTY-00013,2025-08-27
CUS-250828001,Endra,Rian,Male,endra.rian4266@outlook.com,083678244826,CTY-00007,2025-08-28
CUS-250829001,Guntur,Hamzah,Male,guntur.hamzah4267@icloud.com,088434292544,CTY-00001,2025-08-29
CUS-250829002,Lili,Marlina,Female,lili.marlina4268@yahoo.com,081206847235,CTY-00001,2025-08-29
CUS-250830001,Elisa,Irma,Female,elisa.irma4269@hotmail.com,085201856985,CTY-00005,2025-08-30
CUS-250830002,Lita,Ines,Female,lita.ines4270@yahoo.com,089708557768,CTY-00007,2025-08-30
CUS-250831001,Diana,Indri,Female,diana.indri4271@gmail.com,085334778569,CTY-00005,2025-08-31
CUS-250901001,Lita,Mita,Female,lita.mita4272@hotmail.com,084248107955,CTY-00001,2025-09-01
CUS-250902001,Rikky,Wijaya,Male,rikky.wijaya4273@icloud.com,088101650745,CTY-00004,2025-09-02
CUS-250902002,Dedi,Fauzan,Male,dedi.fauzan4274@hotmail.com,087637557214,CTY-00006,2025-09-02
CUS-250902003,Kukuh,Teguh,Male,kukuh.teguh4275@yahoo.com,082283969617,CTY-00010,2025-09-02
CUS-250903001,Azzahra,Ayu,Female,azzahra.ayu4276@outlook.com,088693843281,CTY-00002,2025-09-03
CUS-250903002,Mario,Zaky,Male,mario.zaky4277@yahoo.com,085709477871,CTY-00008,2025-09-03
CUS-250905001,Rido,Oki,Male,rido.oki4278@yahoo.com,082438986125,CTY-00006,2025-09-05
CUS-250905002,Cokro,Pratama,Male,cokro.pratama4279@gmail.com,081278625522,CTY-00008,2025-09-05
CUS-250905003,Raden,Hery,Male,raden.hery4280@gmail.com,086344593125,CTY-00007,2025-09-05
CUS-250906001,Grace,Chua,Female,grace.chua4281@yahoo.com,086761145723,CTY-00011,2025-09-06
CUS-250906002,Hamzah,Sujatmiko,Male,hamzah.sujatmiko4282@icloud.com,081679321532,CTY-00005,2025-09-06
CUS-250907001,Linda,Fadilah,Female,linda.fadilah4283@outlook.com,086275454267,CTY-00002,2025-09-07
CUS-250907002,Bulan,Evi,Female,bulan.evi4284@gmail.com,084486159259,CTY-00005,2025-09-07
CUS-250908001,Nilam,Galuh,Female,nilam.galuh4285@outlook.com,088002776480,CTY-00004,2025-09-08
CUS-250908002,Nasser,Rangga,Male,nasser.rangga4286@gmail.com,086674567376,CTY-00009,2025-09-08
CUS-250909001,Pandu,Ghafar,Male,pandu.ghafar4287@outlook.com,088192588947,CTY-00008,2025-09-09
CUS-250911001,Jody,Teguh,Male,jody.teguh4288@icloud.com,082966710622,CTY-00004,2025-09-11
CUS-250911002,Raden,Misbah,Male,raden.misbah4289@outlook.com,089227384264,CTY-00009,2025-09-11
CUS-250912001,Yogi,Nurdin,Male,yogi.nurdin4290@icloud.com,082444731774,CTY-00004,2025-09-12
CUS-250912002,Hapsari,Felicia,Female,hapsari.felicia4291@outlook.com,082727553781,CTY-00007,2025-09-12
CUS-250913001,Agung,Rahmad,Male,agung.rahmad4292@hotmail.com,088478675775,CTY-00007,2025-09-13
CUS-250913002,Irfan,Nur,Male,irfan.nur4293@icloud.com,082685122744,CTY-00001,2025-09-13
CUS-250914001,Deni,Didi,Male,deni.didi4294@icloud.com,089521295212,CTY-00008,2025-09-14
CUS-250914002,Marwan,Risman,Male,marwan.risman4295@yahoo.com,085235298970,CTY-00006,2025-09-14
CUS-250914003,Mega,Budi,Male,mega.budi4296@hotmail.com,085973767575,CTY-00007,2025-09-14
CUS-250914004,Erni,Melani,Female,erni.melani4297@yahoo.com,087382667231,CTY-00004,2025-09-14
CUS-250916001,Ramadhan,Bara,Male,ramadhan.bara4298@outlook.com,084887783867,CTY-00005,2025-09-16
CUS-250919001,Indra,Kukuh,Male,indra.kukuh4299@hotmail.com,085655241652,CTY-00004,2025-09-19
CUS-250919002,Fabian,Della,Female,fabian.della4300@gmail.com,089666048974,CTY-00006,2025-09-19
CUS-250919003,Novi,Haniyah,Female,novi.haniyah4301@hotmail.com,086990943087,CTY-00005,2025-09-19
CUS-250920001,Rido,Rian,Male,rido.rian4302@hotmail.com,085141696828,CTY-00007,2025-09-20
CUS-250921001,Bunga,Arini,Female,bunga.arini4303@gmail.com,084372535411,CTY-00008,2025-09-21
CUS-250922001,Aslih,Ayu,Female,aslih.ayu4304@hotmail.com,086371645507,CTY-00007,2025-09-22
CUS-250922002,Eris,Mahesa,Male,eris.mahesa4305@hotmail.com,083900228685,CTY-00009,2025-09-22
CUS-250922003,Anita,Darmastuti,Female,anita.darmastuti4306@yahoo.com,088631812475,CTY-00002,2025-09-22
CUS-250923001,Candra,Firman,Male,candra.firman4307@outlook.com,086955422069,CTY-00008,2025-09-23
CUS-250923002,Juwita,Asmira,Female,juwita.asmira4308@yahoo.com,088425075120,CTY-00007,2025-09-23
CUS-250923003,Gatot,Imam,Male,gatot.imam4309@outlook.com,081562243445,CTY-00003,2025-09-23
CUS-250924001,Eko,Arga,Male,eko.arga4310@outlook.com,087746246509,CTY-00009,2025-09-24
CUS-250924002,Asmira,Dwi,Female,asmira.dwi4311@yahoo.com,081204435767,CTY-00002,2025-09-24
CUS-250924003,Pradipa,Nasser,Male,pradipa.nasser4312@hotmail.com,087554386646,CTY-00006,2025-09-24
CUS-250924004,Ima,Dian,Female,ima.dian4313@hotmail.com,089119275824,CTY-00001,2025-09-24
CUS-250926001,Aslih,Laras,Female,aslih.laras4314@yahoo.com,084270634523,CTY-00003,2025-09-26
CUS-250926002,Juliana,Cinta,Female,juliana.cinta4315@outlook.com,089023245682,CTY-00005,2025-09-26
CUS-250927001,Kiki,Tohir,Male,kiki.tohir4316@gmail.com,083503058928,CTY-00005,2025-09-27
CUS-250927002,Maimunah,Istri,Female,maimunah.istri4317@yahoo.com,083776125610,CTY-00006,2025-09-27
CUS-250928001,Raditya,Ikhsan,Male,raditya.ikhsan4318@gmail.com,085180723986,CTY-00006,2025-09-28
CUS-250928002,Roni,Wisnu,Male,roni.wisnu4319@gmail.com,083191875447,CTY-00004,2025-09-28
CUS-250928003,Dini,Novita,Female,dini.novita4320@outlook.com,084318297064,CTY-00010,2025-09-28
CUS-250928004,Ariani,Danila,Female,ariani.danila4321@yahoo.com,089108400356,CTY-00003,2025-09-28
CUS-250928005,Alya,Clara,Female,alya.clara4322@icloud.com,085838429120,CTY-00010,2025-09-28
CUS-250929001,Oktavian,Tohir,Male,oktavian.tohir4323@gmail.com,086062600838,CTY-00004,2025-09-29
CUS-250929002,Kusuma,Diana,Female,kusuma.diana4324@icloud.com,085927357278,CTY-00005,2025-09-29
CUS-250929003,Kiki,Oki,Male,kiki.oki4325@hotmail.com,085513592591,CTY-00004,2025-09-29
CUS-250930001,Candra,Sandy,Male,candra.sandy4326@gmail.com,085960018510,CTY-00002,2025-09-30
CUS-251001001,Nurul,Galuh,Female,nurul.galuh4327@hotmail.com,081409087579,CTY-00002,2025-10-01
CUS-251001002,Citra,Nadin,Female,citra.nadin4328@hotmail.com,086737240828,CTY-00006,2025-10-01
CUS-251002001,Irma,Mira,Female,irma.mira4329@outlook.com,088123731815,CTY-00003,2025-10-02
CUS-251002002,Jasmine,Azzahra,Female,jasmine.azzahra4330@icloud.com,085696125222,CTY-00005,2025-10-02
CUS-251003001,Nabila,Galuh,Female,nabila.galuh4331@icloud.com,081452763488,CTY-00007,2025-10-03
CUS-251003002,Ines,Melani,Female,ines.melani4332@icloud.com,086520330118,CTY-00004,2025-10-03
CUS-251004001,Arga,Baskara,Male,arga.baskara4333@yahoo.com,082701800363,CTY-00001,2025-10-04
CUS-251004002,Dian,Chika,Female,dian.chika4334@gmail.com,088824904757,CTY-00008,2025-10-04
CUS-251005001,Karin,Basagita,Female,karin.basagita4335@yahoo.com,089676117057,CTY-00010,2025-10-05
CUS-251006001,Gaby,Asri,Female,gaby.asri4336@yahoo.com,085393460352,CTY-00002,2025-10-06
CUS-251006002,Syafiq,Tomy,Male,syafiq.tomy4337@gmail.com,086527777106,CTY-00010,2025-10-06
CUS-251006003,Aditya,Irfan,Male,aditya.irfan4338@yahoo.com,089991303771,CTY-00005,2025-10-06
CUS-251006004,Andre,Slamet,Male,andre.slamet4339@yahoo.com,083507052148,CTY-00002,2025-10-06
CUS-251007001,Elisa,Hania,Female,elisa.hania4340@yahoo.com,087087604756,CTY-00001,2025-10-07
CUS-251007002,Muhammad,Huda,Male,muhammad.huda4341@hotmail.com,089591105287,CTY-00007,2025-10-07
CUS-251007003,Niken,Arisanti,Female,niken.arisanti4342@yahoo.com,081621853600,CTY-00008,2025-10-07
CUS-251007004,Kasih,Belinda,Female,kasih.belinda4343@hotmail.com,087364388691,CTY-00008,2025-10-07
CUS-251008001,Dina,Juliana,Female,dina.juliana4344@outlook.com,084259105712,CTY-00005,2025-10-08
CUS-251008002,Marta,Melia,Female,marta.melia4345@hotmail.com,083895444459,CTY-00007,2025-10-08
CUS-251008003,Hery,Sunandar,Male,hery.sunandar4346@outlook.com,084132736569,CTY-00010,2025-10-08
CUS-251009001,Asti,Lativa,Female,asti.lativa4347@icloud.com,087941248570,CTY-00005,2025-10-09
CUS-251009002,Panji,Maman,Male,panji.maman4348@outlook.com,087629414492,CTY-00001,2025-10-09
CUS-251009003,Raditya,Luki,Male,raditya.luki4349@gmail.com,089511661525,CTY-00008,2025-10-09
CUS-251009004,Erni,Elina,Female,erni.elina4350@icloud.com,085361244353,CTY-00005,2025-10-09
CUS-251009005,Eris,Darma,Male,eris.darma4351@hotmail.com,084270902038,CTY-00005,2025-10-09
CUS-251010001,Rian,Irwan,Male,rian.irwan4352@icloud.com,088578371034,CTY-00008,2025-10-10
CUS-251011001,Mirna,Aida,Female,mirna.aida4353@hotmail.com,086374458801,CTY-00010,2025-10-11
CUS-251011002,Wira,Ryan,Male,wira.ryan4354@hotmail.com,084722867124,CTY-00007,2025-10-11
CUS-251012001,Habsah,Citra,Female,habsah.citra4355@outlook.com,088361263799,CTY-00009,2025-10-12
CUS-251013001,Maimunah,Fatimah,Female,maimunah.fatimah4356@hotmail.com,087827771670,CTY-00010,2025-10-13
CUS-251013002,Yunus,Luthfi,Male,yunus.luthfi4357@gmail.com,087483031858,CTY-00002,2025-10-13
CUS-251013003,Ita,Erna,Female,ita.erna4358@icloud.com,087368189314,CTY-00002,2025-10-13
CUS-251013004,Ardhia,Dara,Female,ardhia.dara4359@hotmail.com,086311273269,CTY-00007,2025-10-13
CUS-251014001,Dini,Kania,Female,dini.kania4360@icloud.com,081840756318,CTY-00004,2025-10-14
CUS-251015001,Grace,Chua,Female,grace.chua4361@hotmail.com,081765876556,CTY-00011,2025-10-15
CUS-251015002,Mardi,Bintang,Male,mardi.bintang4362@hotmail.com,083800897892,CTY-00002,2025-10-15
CUS-251015003,Nadia,Erlina,Female,nadia.erlina4363@yahoo.com,082789184682,CTY-00010,2025-10-15
CUS-251015004,Dody,Mario,Male,dody.mario4364@yahoo.com,086918091095,CTY-00004,2025-10-15
CUS-251016001,Elena,Danila,Female,elena.danila4365@icloud.com,082383288477,CTY-00009,2025-10-16
CUS-251016002,Nabila,Eva,Female,nabila.eva4366@yahoo.com,089440515795,CTY-00005,2025-10-16
CUS-251017001,Rizki,Mario,Male,rizki.mario4367@icloud.com,081584254761,CTY-00006,2025-10-17
CUS-251017002,Yoga,Yudha,Male,yoga.yudha4368@yahoo.com,087929933758,CTY-00005,2025-10-17
CUS-251017003,Juwita,Ira,Female,juwita.ira4369@hotmail.com,087457769646,CTY-00001,2025-10-17
CUS-251017004,Danish,Ismail,Male,danish.ismail4370@icloud.com,082789180756,CTY-00012,2025-10-17
CUS-251018001,Klara,Lestari,Female,klara.lestari4371@outlook.com,086858773148,CTY-00009,2025-10-18
CUS-251018002,Debora,Dini,Female,debora.dini4372@hotmail.com,089995214245,CTY-00002,2025-10-18
CUS-251019001,Eni,Lusi,Female,eni.lusi4373@icloud.com,081363050117,CTY-00002,2025-10-19
CUS-251019002,Mutiara,Asmira,Female,mutiara.asmira4374@hotmail.com,087340157498,CTY-00009,2025-10-19
CUS-251020001,Wijaya,Nur,Male,wijaya.nur4375@yahoo.com,089850457038,CTY-00006,2025-10-20
CUS-251021001,Citra,Chika,Female,citra.chika4376@hotmail.com,086208396703,CTY-00006,2025-10-21
CUS-251021002,Mutia,Celia,Female,mutia.celia4377@hotmail.com,089580248529,CTY-00003,2025-10-21
CUS-251022001,Yosep,Yoga,Male,yosep.yoga4378@hotmail.com,088716035331,CTY-00003,2025-10-22
CUS-251022002,Hanifah,Damanik,Female,hanifah.damanik4379@yahoo.com,085244924702,CTY-00002,2025-10-22
CUS-251022003,Angga,Andre,Male,angga.andre4380@hotmail.com,083072461576,CTY-00010,2025-10-22
CUS-251022004,Febi,Felicia,Female,febi.felicia4381@gmail.com,082599708081,CTY-00010,2025-10-22
CUS-251023001,Kartini,Istri,Female,kartini.istri4382@outlook.com,085139307767,CTY-00006,2025-10-23
CUS-251023002,Rama,Rian,Male,rama.rian4383@outlook.com,088463468475,CTY-00004,2025-10-23
CUS-251023003,Asri,Deswita,Female,asri.deswita4384@icloud.com,087732448430,CTY-00002,2025-10-23
CUS-251024001,Lativa,Fransiska,Female,lativa.fransiska4385@hotmail.com,085741193569,CTY-00004,2025-10-24
CUS-251024002,Fitri,Ermina,Female,fitri.ermina4386@gmail.com,082885021583,CTY-00001,2025-10-24
CUS-251025001,Yudha,Munir,Male,yudha.munir4387@gmail.com,086687697542,CTY-00007,2025-10-25
CUS-251025002,Nurul,Dara,Female,nurul.dara4388@icloud.com,087604869382,CTY-00009,2025-10-25
CUS-251025003,Gatot,Rizki,Male,gatot.rizki4389@hotmail.com,088017847478,CTY-00006,2025-10-25
CUS-251026001,Ika,Damanik,Female,ika.damanik4390@icloud.com,088688568045,CTY-00004,2025-10-26
CUS-251027001,Raka,Mulyadi,Male,raka.mulyadi4391@yahoo.com,083071499617,CTY-00007,2025-10-27
CUS-251027002,Zainal,Nur,Male,zainal.nur4392@hotmail.com,082474180433,CTY-00004,2025-10-27
CUS-251027003,Elsa,Fadhilah,Female,elsa.fadhilah4393@outlook.com,089450711070,CTY-00004,2025-10-27
CUS-251028001,Bobi,Ibrahim,Male,bobi.ibrahim4394@gmail.com,084457926482,CTY-00003,2025-10-28
CUS-251028002,Laras,Dina,Female,laras.dina4395@hotmail.com,084188279461,CTY-00010,2025-10-28
CUS-251029001,Bagus,Rico,Male,bagus.rico4396@icloud.com,086682234519,CTY-00008,2025-10-29
CUS-251029002,Melani,Nadin,Female,melani.nadin4397@gmail.com,085641790922,CTY-00008,2025-10-29
CUS-251031001,Robby,Doni,Male,robby.doni4398@gmail.com,089990161448,CTY-00006,2025-10-31
CUS-251031002,Christian,Reyes,Male,christian.reyes4399@gmail.com,087133904365,CTY-00014,2025-10-31
CUS-251101001,Daria,Ines,Female,daria.ines4400@hotmail.com,085695502003,CTY-00002,2025-11-01
CUS-251102001,Fifi,Mirna,Female,fifi.mirna4401@icloud.com,088932404356,CTY-00006,2025-11-02
CUS-251102002,Tohir,Bima,Male,tohir.bima4402@icloud.com,088655936341,CTY-00008,2025-11-02
CUS-251102003,Ira,Arieska,Female,ira.arieska4403@outlook.com,087791749240,CTY-00007,2025-11-02
CUS-251103001,Dewa,Subhan,Male,dewa.subhan4404@icloud.com,085123977629,CTY-00003,2025-11-03
CUS-251103002,Raditya,Nanda,Male,raditya.nanda4405@outlook.com,082553397754,CTY-00006,2025-11-03
CUS-251104001,Aulia,Eva,Female,aulia.eva4406@outlook.com,085264856075,CTY-00008,2025-11-04
CUS-251104002,Purnomo,Rafi,Male,purnomo.rafi4407@outlook.com,082957895589,CTY-00002,2025-11-04
CUS-251104003,Komalasari,Bulan,Female,komalasari.bulan4408@hotmail.com,085390031685,CTY-00003,2025-11-04
CUS-251104004,Cempaka,Fitria,Female,cempaka.fitria4409@gmail.com,085912759401,CTY-00004,2025-11-04
CUS-251105001,Elvira,Eva,Female,elvira.eva4410@icloud.com,084825122086,CTY-00003,2025-11-05
CUS-251105002,Sujatmiko,Laksmana,Male,sujatmiko.laksmana4411@gmail.com,086564917938,CTY-00007,2025-11-05
CUS-251105003,Budi,Rama,Male,budi.rama4412@icloud.com,087492749345,CTY-00005,2025-11-05
CUS-251105004,Agnes,Azzahra,Female,agnes.azzahra4413@hotmail.com,082189791790,CTY-00009,2025-11-05
CUS-251106001,Dika,Aria,Female,dika.aria4414@yahoo.com,086264123044,CTY-00002,2025-11-06
CUS-251106002,Niken,Marlina,Female,niken.marlina4415@yahoo.com,084857196964,CTY-00005,2025-11-06
CUS-251107001,Dhika,Nisa,Female,dhika.nisa4416@outlook.com,087102635045,CTY-00009,2025-11-07
CUS-251107002,Andi,Bagus,Male,andi.bagus4417@hotmail.com,088506855093,CTY-00008,2025-11-07
CUS-251107003,Naufal,Hens,Male,naufal.hens4418@icloud.com,086805814215,CTY-00007,2025-11-07
CUS-251107004,Yusuf,Gede,Male,yusuf.gede4419@icloud.com,086051469554,CTY-00002,2025-11-07
CUS-251107005,Oki,Taufik,Male,oki.taufik4420@hotmail.com,081670638775,CTY-00005,2025-11-07
CUS-251108001,Baskara,Arie,Male,baskara.arie4421@yahoo.com,085140635334,CTY-00002,2025-11-08
CUS-251108002,Nanda,Husni,Male,nanda.husni4422@hotmail.com,084065030376,CTY-00006,2025-11-08
CUS-251108003,Asri,Jelita,Female,asri.jelita4423@hotmail.com,087057334457,CTY-00006,2025-11-08
CUS-251108004,Debora,Elisabeth,Female,debora.elisabeth4424@yahoo.com,088032263872,CTY-00006,2025-11-08
CUS-251108005,Dedi,Luthfi,Male,dedi.luthfi4425@icloud.com,083362751960,CTY-00009,2025-11-08
CUS-251108006,Daria,Aurelia,Female,daria.aurelia4426@yahoo.com,083582971614,CTY-00005,2025-11-08
CUS-251109001,Apsari,Mita,Female,apsari.mita4427@gmail.com,088230095387,CTY-00010,2025-11-09
CUS-251109002,Basagita,Amira,Female,basagita.amira4428@hotmail.com,086138758202,CTY-00004,2025-11-09
CUS-251110001,Elena,Lia,Female,elena.lia4429@yahoo.com,088743463446,CTY-00006,2025-11-10
CUS-251110002,Maman,Hendra,Male,maman.hendra4430@yahoo.com,086830764352,CTY-00010,2025-11-10
CUS-251110003,Surya,Fikri,Male,surya.fikri4431@gmail.com,081538619166,CTY-00003,2025-11-10
CUS-251111001,Taufik,Asrul,Male,taufik.asrul4432@outlook.com,082201623649,CTY-00009,2025-11-11
CUS-251112001,Miftah,Setiawan,Male,miftah.setiawan4433@outlook.com,089991339658,CTY-00004,2025-11-12
CUS-251112002,Guntur,Anjas,Male,guntur.anjas4434@icloud.com,086866224447,CTY-00005,2025-11-12
CUS-251112003,Bagas,Sulaiman,Male,bagas.sulaiman4435@hotmail.com,084159715401,CTY-00004,2025-11-12
CUS-251113001,Hafiz,Andre,Male,hafiz.andre4436@gmail.com,083915250257,CTY-00009,2025-11-13
CUS-251114001,Basagita,Deswita,Female,basagita.deswita4437@hotmail.com,084858659160,CTY-00009,2025-11-14
CUS-251114002,Nadia,Dara,Female,nadia.dara4438@gmail.com,085661397839,CTY-00007,2025-11-14
CUS-251114003,Untung,Dewa,Male,untung.dewa4439@icloud.com,085082782561,CTY-00009,2025-11-14
CUS-251115001,Dika,Mutia,Female,dika.mutia4440@hotmail.com,082909846295,CTY-00002,2025-11-15
CUS-251115002,Megan,Chua,Female,megan.chua4441@hotmail.com,087429260238,CTY-00011,2025-11-15
CUS-251115003,Ika,Irmina,Female,ika.irmina4442@yahoo.com,088710486211,CTY-00008,2025-11-15
CUS-251115004,Arga,Hanafi,Male,arga.hanafi4443@icloud.com,085488170312,CTY-00002,2025-11-15
CUS-251116001,Lita,Ningsih,Female,lita.ningsih4444@gmail.com,087415654628,CTY-00002,2025-11-16
CUS-251116002,Baskara,Arga,Male,baskara.arga4445@hotmail.com,087815413328,CTY-00002,2025-11-16
CUS-251117001,Taufik,Setyo,Male,taufik.setyo4446@outlook.com,088288061655,CTY-00010,2025-11-17
CUS-251118001,Hesti,Arieska,Female,hesti.arieska4447@icloud.com,089090025713,CTY-00002,2025-11-18
CUS-251118002,Julia,Evi,Female,julia.evi4448@hotmail.com,089598901751,CTY-00010,2025-11-18
CUS-251118003,Ariani,Lidia,Female,ariani.lidia4449@yahoo.com,081511889948,CTY-00006,2025-11-18
CUS-251118004,Bagas,Prabowo,Male,bagas.prabowo4450@yahoo.com,082106709755,CTY-00002,2025-11-18
CUS-251119001,Dina,Julia,Female,dina.julia4451@hotmail.com,088250323867,CTY-00002,2025-11-19
CUS-251119002,Basri,Dwi,Male,basri.dwi4452@outlook.com,086916272085,CTY-00009,2025-11-19
CUS-251120001,Juliana,Kristina,Female,juliana.kristina4453@outlook.com,088236919800,CTY-00004,2025-11-20
CUS-251120002,Nurdin,Asrul,Male,nurdin.asrul4454@icloud.com,082809821922,CTY-00003,2025-11-20
CUS-251121001,Raihan,Tito,Male,raihan.tito4455@yahoo.com,085012535759,CTY-00007,2025-11-21
CUS-251121002,Andi,Didi,Male,andi.didi4456@outlook.com,087408891187,CTY-00002,2025-11-21
CUS-251122001,Untung,Nasser,Male,untung.nasser4457@icloud.com,087602249632,CTY-00002,2025-11-22
CUS-251122002,Marwan,Damar,Male,marwan.damar4458@hotmail.com,088077132348,CTY-00006,2025-11-22
CUS-251123001,Dinda,Ariani,Female,dinda.ariani4459@icloud.com,086839582313,CTY-00005,2025-11-23
CUS-251124001,Ariani,Lia,Female,ariani.lia4460@hotmail.com,088797647928,CTY-00005,2025-11-24
CUS-251125001,Syarif,Gading,Male,syarif.gading4461@outlook.com,085282168407,CTY-00001,2025-11-25
CUS-251125002,Gisela,Bella,Female,gisela.bella4462@icloud.com,086352688663,CTY-00009,2025-11-25
CUS-251125003,Nita,Anita,Female,nita.anita4463@icloud.com,083944031947,CTY-00003,2025-11-25
CUS-251125004,Alya,Gayatry,Female,alya.gayatry4464@hotmail.com,085199607378,CTY-00001,2025-11-25
CUS-251127001,Firman,Rio,Male,firman.rio4465@outlook.com,088605969654,CTY-00003,2025-11-27
CUS-251127002,Sujatmiko,Basri,Male,sujatmiko.basri4466@outlook.com,084515648717,CTY-00002,2025-11-27
CUS-251128001,Purnomo,Kiki,Male,purnomo.kiki4467@gmail.com,088365723808,CTY-00002,2025-11-28
CUS-251128002,Debora,Lestari,Female,debora.lestari4468@icloud.com,083024648932,CTY-00010,2025-11-28
CUS-251128003,Irfan,Rifky,Male,irfan.rifky4469@hotmail.com,088016865353,CTY-00007,2025-11-28
CUS-251128004,Gading,Sulaiman,Male,gading.sulaiman4470@outlook.com,088916088448,CTY-00009,2025-11-28
CUS-251130001,Larasati,Elsa,Female,larasati.elsa4471@hotmail.com,084188244931,CTY-00007,2025-11-30
CUS-251201001,Aria,Dayu,Female,aria.dayu4472@yahoo.com,084386967998,CTY-00006,2025-12-01
CUS-251201002,Baskara,Mamat,Male,baskara.mamat4473@gmail.com,085696691613,CTY-00005,2025-12-01
CUS-251201003,Mardi,Irfan,Male,mardi.irfan4474@gmail.com,087183289015,CTY-00002,2025-12-01
CUS-251201004,Hambali,Anuar,Male,hambali.anuar4475@outlook.com,084176438862,CTY-00007,2025-12-01
CUS-251201005,Rifa'i,Dandi,Male,rifa'i.dandi4476@hotmail.com,084475531438,CTY-00001,2025-12-01
CUS-251202001,Roni,Pratama,Male,roni.pratama4477@icloud.com,087878862133,CTY-00001,2025-12-02
CUS-251202002,Kiki,Arya,Male,kiki.arya4478@hotmail.com,083574612800,CTY-00003,2025-12-02
CUS-251202003,Eva,Ayu,Female,eva.ayu4479@gmail.com,088198841967,CTY-00006,2025-12-02
CUS-251202004,Gayatry,Deswita,Female,gayatry.deswita4480@gmail.com,088979805397,CTY-00006,2025-12-02
CUS-251203001,Galang,Imran,Male,galang.imran4481@gmail.com,082076169088,CTY-00008,2025-12-03
CUS-251203002,Fauzan,Gilang,Male,fauzan.gilang4482@outlook.com,083387160956,CTY-00006,2025-12-03
CUS-251203003,Arie,Yusuf,Male,arie.yusuf4483@outlook.com,085265505614,CTY-00008,2025-12-03
CUS-251203004,Febri,Amira,Female,febri.amira4484@yahoo.com,086016042466,CTY-00005,2025-12-03
CUS-251203005,Dika,Cinta,Female,dika.cinta4485@icloud.com,089467748966,CTY-00003,2025-12-03
CUS-251203006,Melia,Arimbi,Female,melia.arimbi4486@yahoo.com,082797256261,CTY-00002,2025-12-03
CUS-251203007,Anisa,Chika,Female,anisa.chika4487@outlook.com,086704427634,CTY-00010,2025-12-03
CUS-251204001,Mira,Fitri,Female,mira.fitri4488@yahoo.com,082550279214,CTY-00002,2025-12-04
CUS-251204002,Syafiq,Dafiz,Male,syafiq.dafiz4489@yahoo.com,086705701746,CTY-00006,2025-12-04
CUS-251204003,Luki,Syarif,Male,luki.syarif4490@outlook.com,082016671420,CTY-00006,2025-12-04
CUS-251204004,Ghafar,Luthfi,Male,ghafar.luthfi4491@hotmail.com,087089729539,CTY-00003,2025-12-04
CUS-251206001,Danang,Panji,Male,danang.panji4492@yahoo.com,083177128981,CTY-00005,2025-12-06
CUS-251206002,Aulia,Cantika,Female,aulia.cantika4493@gmail.com,082536513852,CTY-00001,2025-12-06
CUS-251206003,Tobar,Fauzan,Male,tobar.fauzan4494@icloud.com,083865492502,CTY-00005,2025-12-06
CUS-251207001,Bella,Melani,Female,bella.melani4495@outlook.com,089039793869,CTY-00005,2025-12-07
CUS-251207002,Luthfi,Dimas,Male,luthfi.dimas4496@gmail.com,087909522470,CTY-00006,2025-12-07
CUS-251208001,Helena,Nita,Female,helena.nita4497@hotmail.com,086010109847,CTY-00005,2025-12-08
CUS-251208002,Hanifah,Irmina,Female,hanifah.irmina4498@gmail.com,088769653746,CTY-00002,2025-12-08
CUS-251208003,Murni,Isna,Female,murni.isna4499@hotmail.com,085785835918,CTY-00005,2025-12-08
CUS-251208004,Tri,Wijaya,Male,tri.wijaya4500@gmail.com,089577995895,CTY-00009,2025-12-08
CUS-251208005,Dewa,Arya,Male,dewa.arya4501@icloud.com,082472330858,CTY-00001,2025-12-08
CUS-251209001,Wibawa,Rifa'i,Male,wibawa.rifa'i4502@yahoo.com,087128954916,CTY-00008,2025-12-09
CUS-251209002,Irfan,Arie,Male,irfan.arie4503@icloud.com,087009521451,CTY-00008,2025-12-09
CUS-251209003,Gita,Dwi,Female,gita.dwi4504@gmail.com,083626305159,CTY-00010,2025-12-09
CUS-251209004,Rafi,Oktavian,Male,rafi.oktavian4505@icloud.com,083053741360,CTY-00006,2025-12-09
CUS-251209005,Marwan,Gilang,Male,marwan.gilang4506@hotmail.com,081485988429,CTY-00006,2025-12-09
CUS-251210001,Eka,Dara,Female,eka.dara4507@icloud.com,081736759635,CTY-00005,2025-12-10
CUS-251210002,Bari,Gama,Male,bari.gama4508@yahoo.com,083990864383,CTY-00002,2025-12-10
CUS-251210003,Putra,Ibrahim,Male,putra.ibrahim4509@outlook.com,086944464151,CTY-00008,2025-12-10
CUS-251211001,Ryan,Syafiq,Male,ryan.syafiq4510@outlook.com,088063520408,CTY-00010,2025-12-11
CUS-251211002,Wira,Bima,Male,wira.bima4511@icloud.com,087183023772,CTY-00009,2025-12-11
CUS-251211003,Melia,Desi,Female,melia.desi4512@yahoo.com,088376929754,CTY-00005,2025-12-11
CUS-251211004,Amira,Berlian,Female,amira.berlian4513@icloud.com,087899463404,CTY-00002,2025-12-11
CUS-251212001,Farah,Ariani,Female,farah.ariani4514@yahoo.com,084877330588,CTY-00008,2025-12-12
CUS-251213001,Nadia,Fitri,Female,nadia.fitri4515@yahoo.com,084198526668,CTY-00005,2025-12-13
CUS-251213002,Ryan,Sujatmiko,Male,ryan.sujatmiko4516@hotmail.com,088752327131,CTY-00002,2025-12-13
CUS-251213003,Ira,Nilam,Female,ira.nilam4517@icloud.com,086609240161,CTY-00001,2025-12-13
CUS-251214001,Hens,Sigit,Male,hens.sigit4518@icloud.com,089719621746,CTY-00008,2025-12-14
CUS-251214002,Fadli,Rifky,Male,fadli.rifky4519@yahoo.com,088925288834,CTY-00001,2025-12-14
CUS-251214003,Dyah,Arini,Female,dyah.arini4520@outlook.com,084969206981,CTY-00001,2025-12-14
CUS-251214004,Irmagard,Nina,Female,irmagard.nina4521@gmail.com,084777332020,CTY-00010,2025-12-14
CUS-251214005,Andre,Indra,Male,andre.indra4522@hotmail.com,087908481280,CTY-00005,2025-12-14
CUS-251214006,Alyssa,Reyes,Female,alyssa.reyes4523@icloud.com,086034433449,CTY-00014,2025-12-14
CUS-251215001,Bulan,Erlina,Female,bulan.erlina4524@icloud.com,084532089142,CTY-00001,2025-12-15
CUS-251216001,Dini,Melia,Female,dini.melia4525@outlook.com,089110089886,CTY-00007,2025-12-16
CUS-251216002,Aria,Marlina,Female,aria.marlina4526@icloud.com,081820040127,CTY-00004,2025-12-16
CUS-251216003,Gama,Aris,Male,gama.aris4527@yahoo.com,086285770754,CTY-00001,2025-12-16
CUS-251216004,Meyli,Melia,Female,meyli.melia4528@outlook.com,085754334710,CTY-00008,2025-12-16
CUS-251217001,Nita,Elsa,Female,nita.elsa4529@outlook.com,084644407609,CTY-00006,2025-12-17
CUS-251218001,Rudy,Rifky,Male,rudy.rifky4530@yahoo.com,081625040279,CTY-00004,2025-12-18
CUS-251218002,Hania,Lestari,Female,hania.lestari4531@icloud.com,082541810883,CTY-00003,2025-12-18
CUS-251219001,Imran,Prabowo,Male,imran.prabowo4532@hotmail.com,081332081748,CTY-00002,2025-12-19
CUS-251220001,Grace,Hanifah,Female,grace.hanifah4533@outlook.com,086658422886,CTY-00008,2025-12-20
CUS-251220002,Farah,Aurelia,Female,farah.aurelia4534@gmail.com,082958583760,CTY-00003,2025-12-20
CUS-251221001,Kukuh,Hanafi,Male,kukuh.hanafi4535@outlook.com,083930845603,CTY-00005,2025-12-21
CUS-251222001,Satya,Aldo,Male,satya.aldo4536@yahoo.com,087670610063,CTY-00006,2025-12-22
CUS-251222002,Celia,Indri,Female,celia.indri4537@gmail.com,084907848845,CTY-00009,2025-12-22
CUS-251222003,Dian,Lili,Female,dian.lili4538@hotmail.com,088963099179,CTY-00007,2025-12-22
CUS-251223001,Edi,Supri,Male,edi.supri4539@gmail.com,082959194293,CTY-00010,2025-12-23
CUS-251224001,Huda,Hens,Male,huda.hens4540@icloud.com,082187834705,CTY-00008,2025-12-24
CUS-251224002,Idris,Bahar,Male,idris.bahar4541@gmail.com,086119908385,CTY-00004,2025-12-24
CUS-251224003,Rico,Guntur,Male,rico.guntur4542@icloud.com,086970294024,CTY-00005,2025-12-24
CUS-251226001,Nofi,Astrid,Female,nofi.astrid4543@gmail.com,088610901176,CTY-00002,2025-12-26
CUS-251226002,Zul,Ahmad,Male,zul.ahmad4544@hotmail.com,085079618377,CTY-00013,2025-12-26
CUS-251226003,Rahmad,Hambali,Male,rahmad.hambali4545@yahoo.com,083234070853,CTY-00008,2025-12-26
CUS-251227001,Della,Erni,Female,della.erni4546@yahoo.com,089525822823,CTY-00003,2025-12-27
CUS-251227002,Endra,Ginanjar,Male,endra.ginanjar4547@gmail.com,088065653921,CTY-00002,2025-12-27
CUS-251227003,Cantika,Erma,Female,cantika.erma4548@icloud.com,082357976664,CTY-00005,2025-12-27
CUS-251228001,Elisabeth,Marta,Female,elisabeth.marta4549@gmail.com,086664690150,CTY-00001,2025-12-28
CUS-251228002,Aris,Ichsan,Male,aris.ichsan4550@outlook.com,089489089436,CTY-00008,2025-12-28
CUS-251228003,Arini,Lili,Female,arini.lili4551@gmail.com,089078877837,CTY-00004,2025-12-28
CUS-251228004,Agus,Surya,Male,agus.surya4552@outlook.com,086962795488,CTY-00007,2025-12-28
CUS-251228005,Linda,Arini,Female,linda.arini4553@icloud.com,081994538603,CTY-00008,2025-12-28
CUS-251229001,Bambang,Danang,Male,bambang.danang4554@yahoo.com,087900310849,CTY-00003,2025-12-29
CUS-251229002,Darren,Lee,Male,darren.lee4555@outlook.com,088945935869,CTY-00011,2025-12-29
CUS-251229003,Miko,Aris,Male,miko.aris4556@outlook.com,082058402906,CTY-00008,2025-12-29
CUS-251230001,Zul,Lee,Male,zul.lee4557@gmail.com,083184439387,CTY-00013,2025-12-30
CUS-251230002,Agnes,Isna,Female,agnes.isna4558@gmail.com,088337641380,CTY-00009,2025-12-30
CUS-251231001,Atsilah,Fifi,Female,atsilah.fifi4559@icloud.com,082886821883,CTY-00007,2025-12-31
CUS-260101001,Deswita,Istri,Female,deswita.istri4560@hotmail.com,084776755647,CTY-00008,2026-01-01
CUS-260101002,Ira,Lita,Female,ira.lita4561@yahoo.com,082382843939,CTY-00006,2026-01-01
CUS-260101003,Junaedi,Rahmad,Male,junaedi.rahmad4562@icloud.com,084613758116,CTY-00009,2026-01-01
CUS-260101004,Elina,Mutiara,Female,elina.mutiara4563@yahoo.com,087793531082,CTY-00004,2026-01-01
CUS-260101005,Sulaiman,Rizki,Male,sulaiman.rizki4564@hotmail.com,088065233025,CTY-00010,2026-01-01
CUS-260103001,Irene,Mila,Female,irene.mila4565@outlook.com,082034513089,CTY-00010,2026-01-03
CUS-260103002,Wibawa,Agus,Male,wibawa.agus4566@outlook.com,081424994438,CTY-00007,2026-01-03
CUS-260103003,Amirul,Ahmad,Male,amirul.ahmad4567@icloud.com,086438184732,CTY-00012,2026-01-03
CUS-260104001,Aulia,Isna,Female,aulia.isna4568@yahoo.com,085892733832,CTY-00002,2026-01-04
CUS-260104002,Candra,Deri,Male,candra.deri4569@gmail.com,082120967514,CTY-00009,2026-01-04
CUS-260105001,Sulaiman,Andre,Male,sulaiman.andre4570@outlook.com,087827159573,CTY-00005,2026-01-05
CUS-260105002,Dwi,Mahfud,Male,dwi.mahfud4571@hotmail.com,089067994187,CTY-00007,2026-01-05
CUS-260105003,Yuda,Raihan,Male,yuda.raihan4572@yahoo.com,087044683394,CTY-00005,2026-01-05
CUS-260105004,Rifky,Wibowo,Male,rifky.wibowo4573@gmail.com,087844479247,CTY-00008,2026-01-05
CUS-260105005,Bima,Baskara,Male,bima.baskara4574@hotmail.com,081448710434,CTY-00006,2026-01-05
CUS-260106001,Dayu,Gisela,Female,dayu.gisela4575@gmail.com,082766797499,CTY-00004,2026-01-06
CUS-260106002,Marwan,Yayat,Male,marwan.yayat4576@hotmail.com,087666938784,CTY-00009,2026-01-06
CUS-260106003,Jefri,Nur,Male,jefri.nur4577@icloud.com,083092107266,CTY-00003,2026-01-06
CUS-260107001,Nisa,Kartini,Female,nisa.kartini4578@hotmail.com,087169983009,CTY-00001,2026-01-07
CUS-260107002,Huda,Junaedi,Male,huda.junaedi4579@hotmail.com,088921357227,CTY-00004,2026-01-07
CUS-260107003,Kartini,Lita,Female,kartini.lita4580@outlook.com,081641097798,CTY-00010,2026-01-07
CUS-260107004,Yuda,Rifi,Male,yuda.rifi4581@icloud.com,089328726969,CTY-00010,2026-01-07
CUS-260108001,Angel,Torres,Female,angel.torres4582@gmail.com,089333878723,CTY-00014,2026-01-08
CUS-260108002,Lusi,Jasmine,Female,lusi.jasmine4583@gmail.com,089013486662,CTY-00001,2026-01-08
CUS-260109001,Farida,Dilla,Female,farida.dilla4584@yahoo.com,084585288562,CTY-00007,2026-01-09
CUS-260110001,Eka,Novi,Female,eka.novi4585@hotmail.com,082108579169,CTY-00007,2026-01-10
CUS-260110002,Deri,Danang,Male,deri.danang4586@gmail.com,082906101639,CTY-00001,2026-01-10
CUS-260110003,Jessica,Larasati,Female,jessica.larasati4587@icloud.com,084298470846,CTY-00007,2026-01-10
CUS-260111001,Ningsih,Linda,Female,ningsih.linda4588@hotmail.com,082182384131,CTY-00006,2026-01-11
CUS-260111002,Monika,Hastuti,Female,monika.hastuti4589@gmail.com,085980872063,CTY-00007,2026-01-11
CUS-260112001,Indah,Damanik,Female,indah.damanik4590@outlook.com,085821805991,CTY-00004,2026-01-12
CUS-260112002,Irfan,Cahyo,Male,irfan.cahyo4591@icloud.com,089035371208,CTY-00004,2026-01-12
CUS-260112003,Imam,Rama,Male,imam.rama4592@gmail.com,081675210405,CTY-00009,2026-01-12
CUS-260112004,Citra,Nadin,Female,citra.nadin4593@outlook.com,084373820625,CTY-00001,2026-01-12
CUS-260112005,Tohir,Basri,Male,tohir.basri4594@icloud.com,083781138195,CTY-00007,2026-01-12
CUS-260113001,Maman,Fikri,Male,maman.fikri4595@icloud.com,084490023873,CTY-00004,2026-01-13
CUS-260113002,Sabbar,Slamet,Male,sabbar.slamet4596@hotmail.com,087453452390,CTY-00001,2026-01-13
CUS-260113003,Meyli,Karin,Female,meyli.karin4597@icloud.com,084181688150,CTY-00005,2026-01-13
CUS-260115001,Firman,Utomo,Male,firman.utomo4598@gmail.com,085687961926,CTY-00007,2026-01-15
CUS-260115002,Dewi,Hana,Female,dewi.hana4599@outlook.com,087795875278,CTY-00002,2026-01-15
CUS-260116001,Kasih,Lela,Female,kasih.lela4600@outlook.com,083460134554,CTY-00006,2026-01-16
CUS-260116002,Eva,Faiza,Female,eva.faiza4601@hotmail.com,088970469164,CTY-00007,2026-01-16
CUS-260116003,Prasetyo,Irwan,Male,prasetyo.irwan4602@hotmail.com,081459488711,CTY-00006,2026-01-16
CUS-260116004,Roni,Budi,Male,roni.budi4603@hotmail.com,086973698545,CTY-00001,2026-01-16
CUS-260116005,Ines,Mutiara,Female,ines.mutiara4604@yahoo.com,083828110403,CTY-00001,2026-01-16
CUS-260116006,Amanda,Gita,Female,amanda.gita4605@icloud.com,083862816689,CTY-00001,2026-01-16
CUS-260117001,Sandy,Putra,Male,sandy.putra4606@icloud.com,084014021013,CTY-00003,2026-01-17
CUS-260117002,Aris,Wira,Male,aris.wira4607@hotmail.com,088960161306,CTY-00009,2026-01-17
CUS-260117003,Wibawa,Eka,Male,wibawa.eka4608@hotmail.com,082064704111,CTY-00001,2026-01-17
CUS-260117004,Meyli,Nilam,Female,meyli.nilam4609@hotmail.com,081408156669,CTY-00003,2026-01-17
CUS-260117005,Nina,Belinda,Female,nina.belinda4610@outlook.com,088575674241,CTY-00007,2026-01-17
CUS-260118001,Agung,Gama,Male,agung.gama4611@yahoo.com,088678078965,CTY-00008,2026-01-18
CUS-260118002,Dilla,Ningsih,Female,dilla.ningsih4612@yahoo.com,081885650328,CTY-00001,2026-01-18
CUS-260118003,Huda,Widodo,Male,huda.widodo4613@icloud.com,083251362524,CTY-00008,2026-01-18
CUS-260119001,Ningsih,Hesti,Female,ningsih.hesti4614@icloud.com,085333154313,CTY-00009,2026-01-19
CUS-260119002,Hania,Gayatry,Female,hania.gayatry4615@hotmail.com,087869270202,CTY-00009,2026-01-19
CUS-260120001,Mega,Gilang,Male,mega.gilang4616@yahoo.com,085161485386,CTY-00010,2026-01-20
CUS-260120002,Dewi,Asri,Female,dewi.asri4617@gmail.com,085553603016,CTY-00002,2026-01-20
CUS-260121001,Eni,Lili,Female,eni.lili4618@yahoo.com,089352111454,CTY-00001,2026-01-21
CUS-260122001,Karin,Aulia,Female,karin.aulia4619@gmail.com,089750462519,CTY-00007,2026-01-22
CUS-260122002,Prasetyo,Anuar,Male,prasetyo.anuar4620@outlook.com,085181848845,CTY-00003,2026-01-22
CUS-260122003,Erna,Ira,Female,erna.ira4621@outlook.com,082131685020,CTY-00001,2026-01-22
CUS-260123001,Julia,Aria,Female,julia.aria4622@hotmail.com,084723203018,CTY-00008,2026-01-23
CUS-260123002,Meyli,Erma,Female,meyli.erma4623@hotmail.com,083996146845,CTY-00003,2026-01-23
CUS-260123003,Ridik,Galang,Male,ridik.galang4624@outlook.com,082923837392,CTY-00003,2026-01-23
CUS-260123004,Linda,Antonia,Female,linda.antonia4625@yahoo.com,081387709293,CTY-00001,2026-01-23
CUS-260123005,Wibowo,Aditya,Male,wibowo.aditya4626@icloud.com,083807574692,CTY-00003,2026-01-23
CUS-260123006,Nurul,Ismail,Female,nurul.ismail4627@yahoo.com,087192915337,CTY-00012,2026-01-23
CUS-260124001,Jessica,Amira,Female,jessica.amira4628@icloud.com,086699043155,CTY-00008,2026-01-24
CUS-260124002,Amelia,Mila,Female,amelia.mila4629@hotmail.com,089081812098,CTY-00004,2026-01-24
CUS-260125001,Utomo,Elang,Male,utomo.elang4630@gmail.com,087638287956,CTY-00010,2026-01-25
CUS-260125002,Arini,Ines,Female,arini.ines4631@outlook.com,084575586237,CTY-00004,2026-01-25
CUS-260125003,Nia,Fina,Female,nia.fina4632@outlook.com,087049655976,CTY-00006,2026-01-25
CUS-260125004,Isna,Larasati,Female,isna.larasati4633@gmail.com,083126224907,CTY-00009,2026-01-25
CUS-260125005,Damar,Suharto,Male,damar.suharto4634@gmail.com,083598220975,CTY-00003,2026-01-25
CUS-260126001,Rico,Subhan,Male,rico.subhan4635@gmail.com,084488059833,CTY-00005,2026-01-26
CUS-260126002,Arie,Galang,Male,arie.galang4636@icloud.com,086462373559,CTY-00003,2026-01-26
CUS-260126003,Danang,Arie,Male,danang.arie4637@hotmail.com,088239206410,CTY-00010,2026-01-26
CUS-260126004,Aldo,Huda,Male,aldo.huda4638@hotmail.com,089155364462,CTY-00002,2026-01-26
CUS-260126005,Idris,Elang,Male,idris.elang4639@yahoo.com,083743949752,CTY-00004,2026-01-26
CUS-260126006,Surya,Tomy,Male,surya.tomy4640@hotmail.com,082621530098,CTY-00006,2026-01-26
CUS-260127001,Hana,Marlina,Female,hana.marlina4641@gmail.com,087633605608,CTY-00005,2026-01-27
CUS-260127002,Astrid,Desi,Female,astrid.desi4642@hotmail.com,081144898262,CTY-00010,2026-01-27
CUS-260128001,Kristina,Febi,Female,kristina.febi4643@outlook.com,082144162023,CTY-00010,2026-01-28
CUS-260128002,Rido,Mardi,Male,rido.mardi4644@yahoo.com,087456086680,CTY-00006,2026-01-28
CUS-260129001,Lusi,Karin,Female,lusi.karin4645@icloud.com,082575241857,CTY-00008,2026-01-29
CUS-260130001,Hana,Elina,Female,hana.elina4646@outlook.com,083044733998,CTY-00001,2026-01-30
CUS-260130002,Dede,Dandi,Male,dede.dandi4647@hotmail.com,087156353458,CTY-00002,2026-01-30
CUS-260130003,Haniyah,Hanifah,Female,haniyah.hanifah4648@icloud.com,084202723148,CTY-00001,2026-01-30
CUS-260131001,Istri,Melia,Female,istri.melia4649@icloud.com,081191506745,CTY-00006,2026-01-31
CUS-260131002,Darma,Satya,Male,darma.satya4650@yahoo.com,087013291618,CTY-00001,2026-01-31
CUS-260131003,Bagus,Indra,Male,bagus.indra4651@gmail.com,086195222470,CTY-00007,2026-01-31
CUS-260201001,Kadir,Dandi,Male,kadir.dandi4652@outlook.com,088118085893,CTY-00004,2026-02-01
CUS-260201002,Chika,Arisanti,Female,chika.arisanti4653@outlook.com,081963175557,CTY-00004,2026-02-01
CUS-260202001,Imam,Rian,Male,imam.rian4654@gmail.com,086287071700,CTY-00001,2026-02-02
CUS-260202002,Arsita,Kania,Female,arsita.kania4655@yahoo.com,088313146922,CTY-00003,2026-02-02
CUS-260203001,Ermina,Elina,Female,ermina.elina4656@icloud.com,087813379722,CTY-00007,2026-02-03
CUS-260204001,Agung,Rifa'i,Male,agung.rifa'i4657@gmail.com,089510340855,CTY-00005,2026-02-04
CUS-260205001,Novita,Kusuma,Female,novita.kusuma4658@gmail.com,081774016234,CTY-00007,2026-02-05
CUS-260205002,Setiawan,Eko,Male,setiawan.eko4659@icloud.com,081503708870,CTY-00010,2026-02-05
CUS-260206001,Jody,Dede,Male,jody.dede4660@outlook.com,083664525978,CTY-00002,2026-02-06
CUS-260206002,Ariani,Kania,Female,ariani.kania4661@hotmail.com,087242825864,CTY-00010,2026-02-06
CUS-260207001,Bulan,Nina,Female,bulan.nina4662@yahoo.com,083831947600,CTY-00008,2026-02-07
CUS-260207002,Agung,Rifa'i,Male,agung.rifa'i4663@hotmail.com,081004349265,CTY-00007,2026-02-07
CUS-260209001,Gani,Misbah,Male,gani.misbah4664@icloud.com,081643581838,CTY-00003,2026-02-09
CUS-260209002,Basri,Yanto,Male,basri.yanto4665@icloud.com,086464450014,CTY-00005,2026-02-09
CUS-260210001,Melati,Eni,Female,melati.eni4666@gmail.com,085035484714,CTY-00010,2026-02-10
CUS-260210002,Aurelia,Komalasari,Female,aurelia.komalasari4667@hotmail.com,089966087312,CTY-00006,2026-02-10
CUS-260210003,Klara,Haniyah,Female,klara.haniyah4668@hotmail.com,084505018207,CTY-00002,2026-02-10
CUS-260210004,Dedi,Bambang,Male,dedi.bambang4669@icloud.com,081903440609,CTY-00005,2026-02-10
CUS-260210005,Bea,Ramos,Female,bea.ramos4670@hotmail.com,085867943089,CTY-00014,2026-02-10
CUS-260211001,Zainal,Slamet,Male,zainal.slamet4671@outlook.com,086854200359,CTY-00010,2026-02-11
CUS-260212001,Ermina,Dayu,Female,ermina.dayu4672@gmail.com,086385653085,CTY-00008,2026-02-12
CUS-260213001,Basri,Raihan,Male,basri.raihan4673@yahoo.com,083362567643,CTY-00004,2026-02-13
CUS-260213002,Robby,Supri,Male,robby.supri4674@yahoo.com,087120192996,CTY-00001,2026-02-13
CUS-260213003,Amirul,Chee,Male,amirul.chee4675@gmail.com,085579387057,CTY-00012,2026-02-13
CUS-260213004,Rifa'i,Idris,Male,rifa'i.idris4676@outlook.com,085985332430,CTY-00010,2026-02-13
CUS-260213005,Kania,Erni,Female,kania.erni4677@gmail.com,083482914971,CTY-00002,2026-02-13
CUS-260214001,Cantika,Lidia,Female,cantika.lidia4678@hotmail.com,084913738278,CTY-00007,2026-02-14
CUS-260214002,Murni,Nina,Female,murni.nina4679@gmail.com,087110815647,CTY-00009,2026-02-14
CUS-260215001,Dody,Fajar,Male,dody.fajar4680@gmail.com,084413407940,CTY-00010,2026-02-15
CUS-260215002,Gede,Gading,Male,gede.gading4681@gmail.com,085896783045,CTY-00004,2026-02-15
CUS-260216001,Mira,Irma,Female,mira.irma4682@yahoo.com,083520735551,CTY-00004,2026-02-16
CUS-260216002,Erlina,Adinda,Female,erlina.adinda4683@yahoo.com,089799922799,CTY-00009,2026-02-16
CUS-260216003,Bulan,Mita,Female,bulan.mita4684@yahoo.com,089559801628,CTY-00009,2026-02-16
CUS-260216004,Indri,Febi,Female,indri.febi4685@outlook.com,081389935729,CTY-00006,2026-02-16
CUS-260217001,Elisa,Larasati,Female,elisa.larasati4686@outlook.com,088062587913,CTY-00003,2026-02-17
CUS-260217002,Rifa'i,Dicky,Male,rifa'i.dicky4687@outlook.com,086280324968,CTY-00009,2026-02-17
CUS-260217003,Ilham,Joko,Male,ilham.joko4688@gmail.com,084322259231,CTY-00010,2026-02-17
CUS-260218001,Idris,Darma,Male,idris.darma4689@icloud.com,088063726504,CTY-00001,2026-02-18
CUS-260218002,Hendri,Prasetyo,Male,hendri.prasetyo4690@yahoo.com,081665243877,CTY-00001,2026-02-18
CUS-260218003,Yanto,Danang,Male,yanto.danang4691@gmail.com,081184960944,CTY-00003,2026-02-18
CUS-260219001,Mardi,Maman,Male,mardi.maman4692@gmail.com,087810764696,CTY-00005,2026-02-19
CUS-260219002,Apsari,Asmira,Female,apsari.asmira4693@gmail.com,081253725388,CTY-00007,2026-02-19
CUS-260219003,Rifa'i,Miftah,Male,rifa'i.miftah4694@gmail.com,083492498610,CTY-00001,2026-02-19
CUS-260220001,Fina,Nina,Female,fina.nina4695@hotmail.com,088432209731,CTY-00005,2026-02-20
CUS-260220002,Fikri,Anto,Male,fikri.anto4696@icloud.com,085862467472,CTY-00004,2026-02-20
CUS-260220003,Untung,Kusuma,Male,untung.kusuma4697@hotmail.com,088212945387,CTY-00004,2026-02-20
CUS-260220004,Zainal,Fikri,Male,zainal.fikri4698@hotmail.com,082533757361,CTY-00006,2026-02-20
CUS-260220005,Nina,Dina,Female,nina.dina4699@gmail.com,088314622273,CTY-00009,2026-02-20
CUS-260221001,Danila,Nilam,Female,danila.nilam4700@hotmail.com,084754576838,CTY-00006,2026-02-21
CUS-260221002,Joko,Fikri,Male,joko.fikri4701@gmail.com,089906665343,CTY-00004,2026-02-21
CUS-260222001,Wei,Lee,Male,wei.lee4702@yahoo.com,088029061127,CTY-00011,2026-02-22
CUS-260222002,Apsari,Irma,Female,apsari.irma4703@outlook.com,084102044000,CTY-00006,2026-02-22
CUS-260223001,Eva,Apsari,Female,eva.apsari4704@hotmail.com,085471265933,CTY-00005,2026-02-23
CUS-260224001,Ichsan,Sugeng,Male,ichsan.sugeng4705@yahoo.com,088927153514,CTY-00004,2026-02-24
CUS-260224002,Dewi,Antonia,Female,dewi.antonia4706@gmail.com,089233922547,CTY-00001,2026-02-24
CUS-260225001,Baskara,Surya,Male,baskara.surya4707@hotmail.com,086340915300,CTY-00004,2026-02-25
CUS-260225002,Khairul,Abdullah,Male,khairul.abdullah4708@hotmail.com,088048920280,CTY-00012,2026-02-25
CUS-260226001,Danila,Niken,Female,danila.niken4709@outlook.com,082803000548,CTY-00002,2026-02-26
CUS-260226002,Ikhsan,Naufal,Male,ikhsan.naufal4710@outlook.com,088529216443,CTY-00008,2026-02-26
CUS-260226003,Rian,Satya,Male,rian.satya4711@yahoo.com,083341940425,CTY-00007,2026-02-26
CUS-260227001,Anto,Bintang,Male,anto.bintang4712@gmail.com,088136761162,CTY-00004,2026-02-27
CUS-260228001,Fina,Novita,Female,fina.novita4713@outlook.com,089129463917,CTY-00008,2026-02-28
CUS-260301001,Hens,Bagas,Male,hens.bagas4714@outlook.com,082297666092,CTY-00003,2026-03-01
CUS-260301002,Megan,Ng,Female,megan.ng4715@hotmail.com,086881481431,CTY-00011,2026-03-01
CUS-260301003,Elina,Endah,Female,elina.endah4716@gmail.com,086742530233,CTY-00007,2026-03-01
CUS-260302001,Yadi,Dandi,Male,yadi.dandi4717@yahoo.com,086863177289,CTY-00006,2026-03-02
CUS-260302002,Irene,Mita,Female,irene.mita4718@outlook.com,087781302817,CTY-00006,2026-03-02
CUS-260303001,Fransiska,Indri,Female,fransiska.indri4719@icloud.com,081060803887,CTY-00003,2026-03-03
CUS-260303002,Farah,Aida,Female,farah.aida4720@yahoo.com,083209346310,CTY-00004,2026-03-03
CUS-260304001,Endah,Antonia,Female,endah.antonia4721@gmail.com,085802523077,CTY-00004,2026-03-04
CUS-260304002,Dita,Liana,Female,dita.liana4722@hotmail.com,088172467052,CTY-00009,2026-03-04
CUS-260305001,Nasser,Mulyadi,Male,nasser.mulyadi4723@icloud.com,083306509861,CTY-00009,2026-03-05
CUS-260305002,Helena,Amanda,Female,helena.amanda4724@hotmail.com,082997438438,CTY-00002,2026-03-05
CUS-260305003,Murni,Lestari,Female,murni.lestari4725@icloud.com,085128835898,CTY-00001,2026-03-05
CUS-260306001,Fransiska,Melinda,Female,fransiska.melinda4726@yahoo.com,088232605937,CTY-00009,2026-03-06
CUS-260306002,Fajar,Imran,Male,fajar.imran4727@yahoo.com,083264663892,CTY-00005,2026-03-06
CUS-260307001,Anjas,Dwi,Male,anjas.dwi4728@icloud.com,081542319807,CTY-00008,2026-03-07
CUS-260307002,Daria,Aurelia,Female,daria.aurelia4729@icloud.com,085851330807,CTY-00006,2026-03-07
CUS-260307003,Eni,Dahlia,Female,eni.dahlia4730@outlook.com,086194239616,CTY-00003,2026-03-07
CUS-260308001,Dilla,Mutia,Female,dilla.mutia4731@yahoo.com,081791311205,CTY-00010,2026-03-08
CUS-260309001,Mutia,Meyli,Female,mutia.meyli4732@icloud.com,085735598576,CTY-00010,2026-03-09
CUS-260309002,Fabian,Larasati,Female,fabian.larasati4733@hotmail.com,085886405323,CTY-00010,2026-03-09
CUS-260310001,Fadhilah,Klara,Female,fadhilah.klara4734@outlook.com,082804240244,CTY-00010,2026-03-10
CUS-260310002,Yusuf,Bara,Male,yusuf.bara4735@hotmail.com,087642606823,CTY-00009,2026-03-10
CUS-260310003,Zainal,Sandy,Male,zainal.sandy4736@yahoo.com,084843387091,CTY-00005,2026-03-10
CUS-260310004,Arya,Kusuma,Male,arya.kusuma4737@icloud.com,084028258629,CTY-00002,2026-03-10
CUS-260310005,Indra,Amir,Male,indra.amir4738@outlook.com,084970571544,CTY-00005,2026-03-10
CUS-260310006,Haniyah,Lili,Female,haniyah.lili4739@yahoo.com,081940939411,CTY-00002,2026-03-10
CUS-260311001,Setiawan,Sujatmiko,Male,setiawan.sujatmiko4740@hotmail.com,087164058723,CTY-00008,2026-03-11
CUS-260311002,Mega,Baskara,Male,mega.baskara4741@gmail.com,087378012367,CTY-00009,2026-03-11
CUS-260312001,Rifa'i,Dewa,Male,rifa'i.dewa4742@outlook.com,088604744289,CTY-00009,2026-03-12
CUS-260312002,Budi,Wawan,Male,budi.wawan4743@hotmail.com,089233820031,CTY-00003,2026-03-12
CUS-260312003,Misbah,Ilham,Male,misbah.ilham4744@outlook.com,084254281583,CTY-00002,2026-03-12
CUS-260312004,Belinda,Irmagard,Female,belinda.irmagard4745@yahoo.com,085282436670,CTY-00002,2026-03-12
CUS-260313001,Robby,Edi,Male,robby.edi4746@gmail.com,086836063294,CTY-00007,2026-03-13
CUS-260314001,Jefri,Nurdin,Male,jefri.nurdin4747@gmail.com,087884972068,CTY-00006,2026-03-14
CUS-260314002,Nia,Astiti,Female,nia.astiti4748@icloud.com,085238954839,CTY-00003,2026-03-14
CUS-260315001,Taufik,Wisnu,Male,taufik.wisnu4749@outlook.com,084130803450,CTY-00010,2026-03-15
CUS-260315002,Mario,Ghafar,Male,mario.ghafar4750@outlook.com,088410004294,CTY-00009,2026-03-15
CUS-260315003,Leni,Helena,Female,leni.helena4751@hotmail.com,081401771114,CTY-00010,2026-03-15
CUS-260316001,Dede,Eris,Male,dede.eris4752@outlook.com,087370240024,CTY-00008,2026-03-16
CUS-260316002,Wibowo,Wahyu,Male,wibowo.wahyu4753@icloud.com,084797696513,CTY-00001,2026-03-16
CUS-260316003,Gatot,Pradipa,Male,gatot.pradipa4754@hotmail.com,089922381700,CTY-00008,2026-03-16
CUS-260318001,Hui Ling,Goh,Female,huiling.goh4755@icloud.com,086512191035,CTY-00011,2026-03-18
CUS-260318002,Laksmi,Lativa,Female,laksmi.lativa4756@yahoo.com,087892434425,CTY-00001,2026-03-18
CUS-260319001,Bara,Maman,Male,bara.maman4757@yahoo.com,085778655078,CTY-00006,2026-03-19
CUS-260319002,Trisna,Tobar,Male,trisna.tobar4758@hotmail.com,088268821354,CTY-00004,2026-03-19
CUS-260320001,Kania,Asri,Female,kania.asri4759@yahoo.com,086830066532,CTY-00002,2026-03-20
CUS-260320002,Ayu,Annisa,Female,ayu.annisa4760@outlook.com,081329120023,CTY-00009,2026-03-20
CUS-260321001,Kukuh,Oki,Male,kukuh.oki4761@gmail.com,089604445061,CTY-00009,2026-03-21
CUS-260321002,Fitria,Julia,Female,fitria.julia4762@outlook.com,084854201580,CTY-00010,2026-03-21
CUS-260321003,Hana,Linda,Female,hana.linda4763@hotmail.com,085118282300,CTY-00002,2026-03-21
CUS-260322001,Diana,Lela,Female,diana.lela4764@outlook.com,081548385759,CTY-00004,2026-03-22
CUS-260322002,Melinda,Basagita,Female,melinda.basagita4765@hotmail.com,084786479051,CTY-00004,2026-03-22
CUS-260323001,Elisabeth,Hapsari,Female,elisabeth.hapsari4766@hotmail.com,083806197705,CTY-00005,2026-03-23
CUS-260323002,Nur,Bara,Male,nur.bara4767@gmail.com,081384619286,CTY-00009,2026-03-23
CUS-260323003,Oki,Roni,Male,oki.roni4768@icloud.com,085324900584,CTY-00007,2026-03-23
CUS-260324001,Anisa,Hassan,Female,anisa.hassan4769@icloud.com,083326017835,CTY-00012,2026-03-24
CUS-260325001,Bara,Gading,Male,bara.gading4770@icloud.com,085925147015,CTY-00005,2026-03-25
CUS-260325002,Basri,Ghafar,Male,basri.ghafar4771@gmail.com,086025393502,CTY-00010,2026-03-25
CUS-260325003,Rifa'i,Rangga,Male,rifa'i.rangga4772@icloud.com,087945314324,CTY-00001,2026-03-25
CUS-260326001,Arisanti,Dwi,Female,arisanti.dwi4773@icloud.com,082131462581,CTY-00005,2026-03-26
CUS-260326002,Irfan,Utomo,Male,irfan.utomo4774@gmail.com,085810646535,CTY-00001,2026-03-26
CUS-260327001,Fatimah,Mita,Female,fatimah.mita4775@hotmail.com,088828688153,CTY-00008,2026-03-27
CUS-260327002,Dwi,Gede,Male,dwi.gede4776@outlook.com,087504821472,CTY-00005,2026-03-27
CUS-260327003,Ningsih,Aulia,Female,ningsih.aulia4777@outlook.com,083017705773,CTY-00007,2026-03-27
CUS-260327004,Nita,Anita,Female,nita.anita4778@yahoo.com,086290520864,CTY-00010,2026-03-27
CUS-260327005,Mahfud,Bagas,Male,mahfud.bagas4779@outlook.com,086635094146,CTY-00002,2026-03-27
CUS-260327006,Ridik,Aji,Male,ridik.aji4780@icloud.com,089924407924,CTY-00008,2026-03-27
CUS-260328001,Felicia,Lela,Female,felicia.lela4781@yahoo.com,083961132076,CTY-00004,2026-03-28
CUS-260328002,Aida,Adinda,Female,aida.adinda4782@yahoo.com,085148540555,CTY-00007,2026-03-28
CUS-260328003,Indira,Larasati,Female,indira.larasati4783@hotmail.com,088327152882,CTY-00002,2026-03-28
CUS-260328004,Dani,Syarif,Male,dani.syarif4784@icloud.com,085423422764,CTY-00009,2026-03-28
CUS-260329001,Panji,Sabbar,Male,panji.sabbar4785@hotmail.com,081648096616,CTY-00004,2026-03-29
CUS-260329002,Ita,Grace,Female,ita.grace4786@icloud.com,082975460568,CTY-00001,2026-03-29
CUS-260329003,Raden,Ramadhan,Male,raden.ramadhan4787@gmail.com,082285337044,CTY-00008,2026-03-29
CUS-260329004,Yudha,Kusuma,Male,yudha.kusuma4788@yahoo.com,084840460771,CTY-00007,2026-03-29
CUS-260329005,Erika,Mutiara,Female,erika.mutiara4789@hotmail.com,081450914900,CTY-00004,2026-03-29
CUS-260330001,Ismail,Ilham,Male,ismail.ilham4790@outlook.com,085415464657,CTY-00005,2026-03-30
CUS-260330002,Fitria,Jasmine,Female,fitria.jasmine4791@outlook.com,081403847152,CTY-00005,2026-03-30
CUS-260330003,Ryan,Nur,Male,ryan.nur4792@gmail.com,088805686982,CTY-00006,2026-03-30
CUS-260330004,Elina,Irmina,Female,elina.irmina4793@gmail.com,088060024286,CTY-00006,2026-03-30
CUS-260330005,Rian,Untung,Male,rian.untung4794@hotmail.com,088656806483,CTY-00005,2026-03-30
CUS-260330006,Ghafar,Bari,Male,ghafar.bari4795@icloud.com,087405546574,CTY-00009,2026-03-30
CUS-260331001,Farah,Subramaniam,Female,farah.subramaniam4796@yahoo.com,082145338702,CTY-00012,2026-03-31
CUS-260331002,Sulaiman,Rio,Male,sulaiman.rio4797@icloud.com,081455873751,CTY-00008,2026-03-31
CUS-260402001,Laksmana,Edi,Male,laksmana.edi4798@gmail.com,086374051455,CTY-00004,2026-04-02
CUS-260402002,Arisanti,Ika,Female,arisanti.ika4799@hotmail.com,089914428124,CTY-00006,2026-04-02
CUS-260403001,Megawati,Mila,Female,megawati.mila4800@hotmail.com,085900778975,CTY-00006,2026-04-03
CUS-260403002,Niken,Elina,Female,niken.elina4801@yahoo.com,084702483380,CTY-00004,2026-04-03
CUS-260403003,Celia,Aslih,Female,celia.aslih4802@hotmail.com,085115714136,CTY-00008,2026-04-03
CUS-260404001,Amelia,Fitri,Female,amelia.fitri4803@outlook.com,085775718709,CTY-00003,2026-04-04
CUS-260404002,Wibawa,Kukuh,Male,wibawa.kukuh4804@outlook.com,087808338627,CTY-00009,2026-04-04
CUS-260404003,Dani,Setyo,Male,dani.setyo4805@outlook.com,083977315280,CTY-00004,2026-04-04
CUS-260404004,Ikhsan,Laksmana,Male,ikhsan.laksmana4806@outlook.com,086947837701,CTY-00006,2026-04-04
CUS-260405001,Subhan,Idris,Male,subhan.idris4807@gmail.com,083146999785,CTY-00003,2026-04-05
CUS-260406001,Lukman,Misbah,Male,lukman.misbah4808@icloud.com,082739933650,CTY-00010,2026-04-06
CUS-260407001,Lela,Mita,Female,lela.mita4809@yahoo.com,084535852325,CTY-00001,2026-04-07
CUS-260407002,Maman,Dewa,Male,maman.dewa4810@outlook.com,086067344241,CTY-00009,2026-04-07
CUS-260407003,Fransiska,Irene,Female,fransiska.irene4811@hotmail.com,081247301516,CTY-00010,2026-04-07
CUS-260408001,Dandi,Nugroho,Male,dandi.nugroho4812@yahoo.com,089424635315,CTY-00001,2026-04-08
CUS-260409001,Firdaus,Lee,Male,firdaus.lee4813@hotmail.com,082648910705,CTY-00012,2026-04-09
CUS-260409002,Gisela,Haniyah,Female,gisela.haniyah4814@gmail.com,083364805188,CTY-00008,2026-04-09
CUS-260411001,Eris,Naufal,Male,eris.naufal4815@hotmail.com,085136368396,CTY-00006,2026-04-11
CUS-260412001,Mila,Mira,Female,mila.mira4816@icloud.com,088690869927,CTY-00008,2026-04-12
CUS-260412002,Arini,Nadia,Female,arini.nadia4817@icloud.com,088821142080,CTY-00003,2026-04-12
CUS-260413001,Prasetyo,Ilham,Male,prasetyo.ilham4818@outlook.com,082646460222,CTY-00001,2026-04-13
CUS-260413002,Asmira,Cempaka,Female,asmira.cempaka4819@outlook.com,081988113788,CTY-00006,2026-04-13
CUS-260413003,Hanifah,Asmira,Female,hanifah.asmira4820@gmail.com,088052339781,CTY-00003,2026-04-13
CUS-260413004,Hambali,Kusuma,Male,hambali.kusuma4821@yahoo.com,088966447829,CTY-00010,2026-04-13
CUS-260413005,Isha,Ahmad,Female,isha.ahmad4822@hotmail.com,088358814011,CTY-00013,2026-04-13
CUS-260413006,Robby,Rian,Male,robby.rian4823@icloud.com,089735733725,CTY-00005,2026-04-13
CUS-260413007,Arif,Raden,Male,arif.raden4824@yahoo.com,081278877614,CTY-00005,2026-04-13
CUS-260414001,Mamat,Dimas,Male,mamat.dimas4825@hotmail.com,082608614485,CTY-00003,2026-04-14
CUS-260414002,Liana,Fina,Female,liana.fina4826@icloud.com,084137940130,CTY-00002,2026-04-14
CUS-260414003,Nadin,Dwi,Female,nadin.dwi4827@outlook.com,086971803143,CTY-00001,2026-04-14
CUS-260415001,Irma,Fifi,Female,irma.fifi4828@outlook.com,084191653229,CTY-00003,2026-04-15
CUS-260415002,Purnomo,Baskara,Male,purnomo.baskara4829@yahoo.com,085463419708,CTY-00006,2026-04-15
CUS-260415003,Wijaya,Dedi,Male,wijaya.dedi4830@icloud.com,087170084845,CTY-00007,2026-04-15
CUS-260416001,Firman,Baskara,Male,firman.baskara4831@hotmail.com,084319092046,CTY-00010,2026-04-16
CUS-260416002,Kadir,Tobar,Male,kadir.tobar4832@outlook.com,089288007656,CTY-00009,2026-04-16
CUS-260417001,Belinda,Indri,Female,belinda.indri4833@yahoo.com,084458310927,CTY-00002,2026-04-17
CUS-260417002,Murni,Dina,Female,murni.dina4834@icloud.com,087893559928,CTY-00001,2026-04-17
CUS-260417003,Risman,Mamat,Male,risman.mamat4835@hotmail.com,084258383246,CTY-00010,2026-04-17
CUS-260418001,Satya,Vino,Male,satya.vino4836@outlook.com,089687951831,CTY-00009,2026-04-18
CUS-260418002,Yuda,Teguh,Male,yuda.teguh4837@icloud.com,082419892111,CTY-00004,2026-04-18
CUS-260419001,Cokro,Rafi,Male,cokro.rafi4838@hotmail.com,086829259388,CTY-00002,2026-04-19
CUS-260419002,Ghafar,Prabowo,Male,ghafar.prabowo4839@yahoo.com,087084398545,CTY-00003,2026-04-19
CUS-260420001,Febi,Aurelia,Female,febi.aurelia4840@outlook.com,086797088054,CTY-00008,2026-04-20
CUS-260422001,Mardi,Doni,Male,mardi.doni4841@icloud.com,085195483770,CTY-00007,2026-04-22
CUS-260422002,Satya,Rifi,Male,satya.rifi4842@icloud.com,089106724514,CTY-00006,2026-04-22
CUS-260422003,Apsari,Citra,Female,apsari.citra4843@gmail.com,087395882710,CTY-00008,2026-04-22
CUS-260422004,Wawan,Hafiz,Male,wawan.hafiz4844@yahoo.com,085671344166,CTY-00002,2026-04-22
CUS-260423001,Robby,Irfan,Male,robby.irfan4845@hotmail.com,088307531591,CTY-00006,2026-04-23
CUS-260423002,Mamat,Sigit,Male,mamat.sigit4846@gmail.com,081993101882,CTY-00009,2026-04-23
CUS-260424001,Irene,Citra,Female,irene.citra4847@yahoo.com,084460037452,CTY-00003,2026-04-24
CUS-260424002,Mulyadi,Yoga,Male,mulyadi.yoga4848@outlook.com,088830435921,CTY-00001,2026-04-24
CUS-260425001,Fatimah,Maimunah,Female,fatimah.maimunah4849@gmail.com,086395916555,CTY-00006,2026-04-25
CUS-260425002,Klara,Indri,Female,klara.indri4850@icloud.com,085826504905,CTY-00004,2026-04-25
CUS-260425003,Melani,Eni,Female,melani.eni4851@outlook.com,084875103723,CTY-00002,2026-04-25
CUS-260426001,Dandi,Aris,Male,dandi.aris4852@outlook.com,082726446243,CTY-00001,2026-04-26
CUS-260426002,Oktavian,Yosep,Male,oktavian.yosep4853@icloud.com,086449453216,CTY-00007,2026-04-26
CUS-260426003,Dody,Sujatmiko,Male,dody.sujatmiko4854@gmail.com,087265504785,CTY-00006,2026-04-26
CUS-260427001,Fitri,Citra,Female,fitri.citra4855@icloud.com,082219887445,CTY-00002,2026-04-27
CUS-260427002,Belinda,Helena,Female,belinda.helena4856@yahoo.com,081117620378,CTY-00008,2026-04-27
CUS-260428001,Mira,Hapsari,Female,mira.hapsari4857@yahoo.com,083143880162,CTY-00005,2026-04-28
CUS-260428002,Cahyo,Hendri,Male,cahyo.hendri4858@icloud.com,087412906148,CTY-00003,2026-04-28
CUS-260428003,Monika,Aura,Female,monika.aura4859@hotmail.com,084863807028,CTY-00001,2026-04-28
CUS-260428004,Jasmine,Ita,Female,jasmine.ita4860@yahoo.com,081759728350,CTY-00003,2026-04-28
CUS-260429001,Della,Clara,Female,della.clara4861@icloud.com,082447070438,CTY-00002,2026-04-29
CUS-260429002,Arif,Ikhsan,Male,arif.ikhsan4862@outlook.com,085680699806,CTY-00007,2026-04-29
CUS-260429003,Khairul,Tan,Male,khairul.tan4863@icloud.com,085364933185,CTY-00013,2026-04-29
CUS-260430001,Laksmana,Dandi,Male,laksmana.dandi4864@yahoo.com,086074820280,CTY-00003,2026-04-30
CUS-260430002,Dini,Aida,Female,dini.aida4865@icloud.com,085047227135,CTY-00004,2026-04-30
CUS-260501001,Ethan,Lee,Male,ethan.lee4866@hotmail.com,087818617349,CTY-00011,2026-05-01
CUS-260501002,Mila,Fitria,Female,mila.fitria4867@outlook.com,086403496981,CTY-00007,2026-05-01
CUS-260501003,Astrid,Mutia,Female,astrid.mutia4868@yahoo.com,089849568594,CTY-00005,2026-05-01
CUS-260501004,Hani,Ira,Female,hani.ira4869@outlook.com,082426667946,CTY-00001,2026-05-01
CUS-260501005,Adinda,Anita,Female,adinda.anita4870@icloud.com,085988543394,CTY-00007,2026-05-01
CUS-260502001,Melani,Cinta,Female,melani.cinta4871@gmail.com,085125573865,CTY-00002,2026-05-02
CUS-260502002,Gede,Wisnu,Male,gede.wisnu4872@yahoo.com,085066541721,CTY-00003,2026-05-02
CUS-260502003,Tobar,Fajar,Male,tobar.fajar4873@hotmail.com,083888570328,CTY-00007,2026-05-02
CUS-260502004,Lela,Annisa,Female,lela.annisa4874@yahoo.com,082996052574,CTY-00002,2026-05-02
CUS-260502005,Arya,Bari,Male,arya.bari4875@outlook.com,088908876873,CTY-00006,2026-05-02
CUS-260502006,Bari,Rian,Male,bari.rian4876@yahoo.com,083298023707,CTY-00004,2026-05-02
CUS-260502007,Anjas,Miftah,Male,anjas.miftah4877@outlook.com,083943517872,CTY-00005,2026-05-02
CUS-260502008,Irene,Dayu,Female,irene.dayu4878@hotmail.com,087517624890,CTY-00010,2026-05-02
CUS-260502009,Niken,Nisa,Female,niken.nisa4879@yahoo.com,088765383095,CTY-00007,2026-05-02
CUS-260503001,Gatot,Panji,Male,gatot.panji4880@gmail.com,087936108489,CTY-00010,2026-05-03
CUS-260503002,Raditya,Anuar,Male,raditya.anuar4881@icloud.com,085499751687,CTY-00003,2026-05-03
CUS-260503003,Ardhia,Ester,Female,ardhia.ester4882@outlook.com,089595974380,CTY-00003,2026-05-03
CUS-260504001,Taufik,Bagas,Male,taufik.bagas4883@outlook.com,082167052503,CTY-00009,2026-05-04
CUS-260504002,Dimas,Fahmi,Male,dimas.fahmi4884@outlook.com,084812591662,CTY-00003,2026-05-04
CUS-260504003,Julia,Aslih,Female,julia.aslih4885@yahoo.com,081571607962,CTY-00010,2026-05-04
CUS-260504004,Yusuf,Sigit,Male,yusuf.sigit4886@gmail.com,088483335890,CTY-00006,2026-05-04
CUS-260504005,Liana,Julia,Female,liana.julia4887@outlook.com,084940949752,CTY-00002,2026-05-04
CUS-260505001,Amirul,Ahmad,Male,amirul.ahmad4888@outlook.com,081401862353,CTY-00012,2026-05-05
CUS-260505002,Raka,Aditya,Male,raka.aditya4889@outlook.com,085877224269,CTY-00002,2026-05-05
CUS-260506001,Rian,Bagus,Male,rian.bagus4890@yahoo.com,087689894652,CTY-00009,2026-05-06
CUS-260506002,Edi,Dian,Male,edi.dian4891@icloud.com,083736101800,CTY-00010,2026-05-06
CUS-260506003,Lidia,Asmira,Female,lidia.asmira4892@icloud.com,086066973114,CTY-00002,2026-05-06
CUS-260506004,Pratama,Dimas,Male,pratama.dimas4893@outlook.com,089460422323,CTY-00008,2026-05-06
CUS-260507001,Nia,Nilam,Female,nia.nilam4894@yahoo.com,084612657503,CTY-00005,2026-05-07
CUS-260507002,Maya,Mira,Female,maya.mira4895@yahoo.com,089166387290,CTY-00001,2026-05-07
CUS-260507003,Lidia,Elisabeth,Female,lidia.elisabeth4896@hotmail.com,085444974705,CTY-00004,2026-05-07
CUS-260507004,Nadia,Della,Female,nadia.della4897@icloud.com,089434796209,CTY-00010,2026-05-07
CUS-260507005,Dahlia,Dewi,Female,dahlia.dewi4898@hotmail.com,086474298272,CTY-00009,2026-05-07
CUS-260508001,Gading,Asrul,Male,gading.asrul4899@gmail.com,085146882489,CTY-00003,2026-05-08
CUS-260508002,Sigit,Zainal,Male,sigit.zainal4900@gmail.com,084184508566,CTY-00007,2026-05-08
CUS-260508003,Indah,Gita,Female,indah.gita4901@yahoo.com,083220681471,CTY-00006,2026-05-08
CUS-260508004,Nasser,Cahyo,Male,nasser.cahyo4902@gmail.com,087728264153,CTY-00004,2026-05-08
CUS-260510001,Darma,Ghafar,Male,darma.ghafar4903@icloud.com,083837099486,CTY-00010,2026-05-10
CUS-260510002,Sunandar,Yogi,Male,sunandar.yogi4904@icloud.com,086782683806,CTY-00004,2026-05-10
CUS-260511001,Hafiz,Anto,Male,hafiz.anto4905@gmail.com,084372082836,CTY-00007,2026-05-11
CUS-260511002,Erni,Gita,Female,erni.gita4906@hotmail.com,085130017045,CTY-00002,2026-05-11
CUS-260511003,Irmina,Nita,Female,irmina.nita4907@hotmail.com,082157635501,CTY-00008,2026-05-11
CUS-260512001,Fina,Novita,Female,fina.novita4908@icloud.com,082907908270,CTY-00001,2026-05-12
CUS-260512002,Melani,Arini,Female,melani.arini4909@hotmail.com,089232793076,CTY-00002,2026-05-12
CUS-260512003,Indira,Indah,Female,indira.indah4910@yahoo.com,086956804727,CTY-00009,2026-05-12
CUS-260512004,Wijaya,Tobar,Male,wijaya.tobar4911@outlook.com,087223298335,CTY-00004,2026-05-12
CUS-260512005,Nita,Liana,Female,nita.liana4912@hotmail.com,089054445757,CTY-00008,2026-05-12
CUS-260513001,Elvira,Dita,Female,elvira.dita4913@icloud.com,085840086639,CTY-00006,2026-05-13
CUS-260513002,Eka,Elvira,Female,eka.elvira4914@yahoo.com,088787152514,CTY-00005,2026-05-13
CUS-260514001,Laksmi,Dika,Female,laksmi.dika4915@yahoo.com,085948396215,CTY-00001,2026-05-14
CUS-260514002,Erni,Nisa,Female,erni.nisa4916@icloud.com,084752755108,CTY-00006,2026-05-14
CUS-260514003,Aji,Lukman,Male,aji.lukman4917@gmail.com,084359693815,CTY-00005,2026-05-14
CUS-260516001,Citra,Nia,Female,citra.nia4918@yahoo.com,083566192586,CTY-00010,2026-05-16
CUS-260517001,Cahyo,Hamzah,Male,cahyo.hamzah4919@yahoo.com,083409352477,CTY-00005,2026-05-17
CUS-260518001,Lucia,Asti,Female,lucia.asti4920@hotmail.com,081284779837,CTY-00010,2026-05-18
CUS-260518002,Ilham,Deri,Male,ilham.deri4921@hotmail.com,084546231984,CTY-00007,2026-05-18
CUS-260518003,Gibran,Mamat,Male,gibran.mamat4922@hotmail.com,083070721932,CTY-00008,2026-05-18
CUS-260518004,Cempaka,Asri,Female,cempaka.asri4923@gmail.com,087348296394,CTY-00008,2026-05-18
CUS-260520001,Jenia,Anisa,Female,jenia.anisa4924@gmail.com,088169422250,CTY-00007,2026-05-20
CUS-260520002,Jason,Wong,Male,jason.wong4925@hotmail.com,085982809902,CTY-00011,2026-05-20
CUS-260520003,Sujatmiko,Jefri,Male,sujatmiko.jefri4926@outlook.com,083013650267,CTY-00006,2026-05-20
CUS-260520004,Roni,Huda,Male,roni.huda4927@yahoo.com,086318190926,CTY-00001,2026-05-20
CUS-260521001,Sujatmiko,Junaedi,Male,sujatmiko.junaedi4928@yahoo.com,088784810197,CTY-00003,2026-05-21
CUS-260521002,Grace,Mellisa,Female,grace.mellisa4929@gmail.com,083438794145,CTY-00010,2026-05-21
CUS-260521003,Rafi,Bintang,Male,rafi.bintang4930@gmail.com,082831595267,CTY-00003,2026-05-21
CUS-260522001,Linda,Juwita,Female,linda.juwita4931@gmail.com,089780658289,CTY-00003,2026-05-22
CUS-260522002,Istri,Farida,Female,istri.farida4932@outlook.com,089484650937,CTY-00007,2026-05-22
CUS-260522003,Fajar,Zul,Male,fajar.zul4933@gmail.com,088094008297,CTY-00005,2026-05-22
CUS-260522004,Ester,Melinda,Female,ester.melinda4934@outlook.com,082463916822,CTY-00003,2026-05-22
CUS-260522005,Ira,Monika,Female,ira.monika4935@icloud.com,085578841502,CTY-00007,2026-05-22
CUS-260523001,Dandi,Jefri,Male,dandi.jefri4936@hotmail.com,085834349070,CTY-00001,2026-05-23
CUS-260524001,Agus,Hendri,Male,agus.hendri4937@hotmail.com,082211313249,CTY-00001,2026-05-24
CUS-260524002,Jenia,Agnes,Female,jenia.agnes4938@outlook.com,088773647820,CTY-00005,2026-05-24
CUS-260525001,Hafiz,Samsul,Male,hafiz.samsul4939@icloud.com,081294275475,CTY-00003,2026-05-25
CUS-260527001,Aura,Apsari,Female,aura.apsari4940@outlook.com,082092285117,CTY-00002,2026-05-27
CUS-260527002,Widodo,Ibrahim,Male,widodo.ibrahim4941@yahoo.com,082162085183,CTY-00006,2026-05-27
CUS-260527003,Laksmana,Zaky,Male,laksmana.zaky4942@outlook.com,081329899982,CTY-00009,2026-05-27
CUS-260528001,Kiki,Syarif,Male,kiki.syarif4943@gmail.com,087714920193,CTY-00003,2026-05-28
CUS-260528002,Patricia,Santos,Female,patricia.santos4944@icloud.com,089778453682,CTY-00014,2026-05-28
CUS-260528003,Asti,Kusuma,Female,asti.kusuma4945@hotmail.com,088018686488,CTY-00001,2026-05-28
CUS-260528004,Ardi,Hery,Male,ardi.hery4946@hotmail.com,084132610419,CTY-00005,2026-05-28
CUS-260528005,Indira,Erlina,Female,indira.erlina4947@gmail.com,085753322018,CTY-00009,2026-05-28
CUS-260529001,Ariani,Isna,Female,ariani.isna4948@icloud.com,084613222789,CTY-00001,2026-05-29
CUS-260529002,Elsa,Aria,Female,elsa.aria4949@hotmail.com,083817397355,CTY-00005,2026-05-29
CUS-260529003,Lita,Annisa,Female,lita.annisa4950@outlook.com,085946169797,CTY-00001,2026-05-29
CUS-260529004,Satria,Bara,Male,satria.bara4951@yahoo.com,084354810066,CTY-00008,2026-05-29
CUS-260529005,Doni,Aris,Male,doni.aris4952@gmail.com,081019856977,CTY-00004,2026-05-29
CUS-260530001,Syafiq,Fikri,Male,syafiq.fikri4953@hotmail.com,088361803636,CTY-00006,2026-05-30
CUS-260530002,Yadi,Nasser,Male,yadi.nasser4954@outlook.com,086913250202,CTY-00008,2026-05-30
CUS-260530003,Mario,Fikri,Male,mario.fikri4955@icloud.com,082707868203,CTY-00001,2026-05-30
CUS-260530004,Gita,Juliette,Female,gita.juliette4956@gmail.com,085423272242,CTY-00010,2026-05-30
CUS-260530005,Tri,Yanto,Male,tri.yanto4957@outlook.com,089575336803,CTY-00001,2026-05-30
CUS-260531001,Rifa'i,Bayu,Male,rifa'i.bayu4958@icloud.com,088609551649,CTY-00007,2026-05-31
CUS-260531002,Gading,Zaki,Male,gading.zaki4959@hotmail.com,084022584360,CTY-00006,2026-05-31
CUS-260531003,Bintang,Irmina,Female,bintang.irmina4960@outlook.com,089402090643,CTY-00004,2026-05-31
CUS-260531004,Maulana,Raja,Male,maulana.raja4961@icloud.com,085947890409,CTY-00010,2026-05-31
CUS-260601001,Rahmat,Idris,Male,rahmat.idris4962@outlook.com,082445189776,CTY-00001,2026-06-01
CUS-260601002,Nasser,Asrul,Male,nasser.asrul4963@hotmail.com,081937434018,CTY-00004,2026-06-01
CUS-260602001,Dini,Aurelia,Female,dini.aurelia4964@hotmail.com,086165042374,CTY-00001,2026-06-02
CUS-260602002,Chesa,Laksmi,Female,chesa.laksmi4965@hotmail.com,087084757143,CTY-00009,2026-06-02
CUS-260602003,Dewa,Edi,Male,dewa.edi4966@gmail.com,081866102596,CTY-00005,2026-06-02
CUS-260603001,Laura,Kasih,Female,laura.kasih4967@yahoo.com,086079801559,CTY-00002,2026-06-03
CUS-260604001,Sarah,Lee,Female,sarah.lee4968@hotmail.com,087641940431,CTY-00013,2026-06-04
CUS-260604002,Oktavian,Dafiz,Male,oktavian.dafiz4969@hotmail.com,088422917124,CTY-00003,2026-06-04
CUS-260604003,Mamat,Nanda,Male,mamat.nanda4970@hotmail.com,084664246709,CTY-00005,2026-06-04
CUS-260605001,Prabowo,Rico,Male,prabowo.rico4971@yahoo.com,085269411130,CTY-00003,2026-06-05
CUS-260606001,Farah,Murni,Female,farah.murni4972@outlook.com,089365788432,CTY-00001,2026-06-06
CUS-260606002,Miftah,Wahyu,Male,miftah.wahyu4973@hotmail.com,088891904760,CTY-00002,2026-06-06
CUS-260607001,Arsita,Eva,Female,arsita.eva4974@gmail.com,089085907212,CTY-00010,2026-06-07
CUS-260607002,Dedi,Rian,Male,dedi.rian4975@yahoo.com,082178214427,CTY-00003,2026-06-07
CUS-260607003,Rian,Tohir,Male,rian.tohir4976@outlook.com,086845592897,CTY-00004,2026-06-07
CUS-260607004,Guntur,Nurdin,Male,guntur.nurdin4977@gmail.com,087929611633,CTY-00001,2026-06-07
CUS-260608001,Nofi,Fatimah,Female,nofi.fatimah4978@outlook.com,089104101130,CTY-00001,2026-06-08
CUS-260608002,Rikky,Yogi,Male,rikky.yogi4979@outlook.com,087993689756,CTY-00007,2026-06-08
CUS-260608003,Grace,Kartini,Female,grace.kartini4980@gmail.com,088855679739,CTY-00002,2026-06-08
CUS-260609001,Widodo,Yanto,Male,widodo.yanto4981@hotmail.com,086128548445,CTY-00001,2026-06-09
CUS-260609002,Elang,Rian,Male,elang.rian4982@outlook.com,082718967570,CTY-00001,2026-06-09
CUS-260609003,Raditya,Mamat,Male,raditya.mamat4983@yahoo.com,088112550575,CTY-00006,2026-06-09
CUS-260609004,Daria,Juwita,Female,daria.juwita4984@yahoo.com,082071755885,CTY-00007,2026-06-09
CUS-260610001,Berlian,Juwita,Female,berlian.juwita4985@hotmail.com,088884944817,CTY-00009,2026-06-10
CUS-260610002,Atsilah,Aulia,Female,atsilah.aulia4986@gmail.com,084962078607,CTY-00003,2026-06-10
CUS-260610003,Fabian,Ika,Female,fabian.ika4987@gmail.com,086841221695,CTY-00004,2026-06-10
CUS-260611001,Deri,Gatot,Male,deri.gatot4988@hotmail.com,086972964040,CTY-00006,2026-06-11
CUS-260612001,Ichsan,Munir,Male,ichsan.munir4989@yahoo.com,089313002310,CTY-00005,2026-06-12
CUS-260612002,Irmagard,Farah,Female,irmagard.farah4990@icloud.com,082478764367,CTY-00010,2026-06-12
CUS-260613001,Evi,Kartika,Female,evi.kartika4991@yahoo.com,088041216114,CTY-00009,2026-06-13
CUS-260613002,Elena,Dini,Female,elena.dini4992@hotmail.com,087269782450,CTY-00006,2026-06-13
CUS-260613003,Aida,Fina,Female,aida.fina4993@yahoo.com,084461220059,CTY-00001,2026-06-13
CUS-260613004,Fifi,Monika,Female,fifi.monika4994@icloud.com,084609609858,CTY-00001,2026-06-13
CUS-260614001,Adinda,Fatimah,Female,adinda.fatimah4995@hotmail.com,083653475398,CTY-00007,2026-06-14
CUS-260614002,Jenia,Lela,Female,jenia.lela4996@icloud.com,082828789247,CTY-00008,2026-06-14
CUS-260615001,Dini,Laura,Female,dini.laura4997@hotmail.com,084464700805,CTY-00004,2026-06-15
CUS-260615002,Antonia,Faiza,Female,antonia.faiza4998@gmail.com,081354879746,CTY-00004,2026-06-15
CUS-260615003,Asri,Arsita,Female,asri.arsita4999@hotmail.com,088515871676,CTY-00008,2026-06-15
CUS-260615004,Ikhsan,Doni,Male,ikhsan.doni5000@hotmail.com,084291323453,CTY-00006,2026-06-15
